matrix,source_model,model_key,source_layer,layer_group,transformer_block,module,shape_family,method,pruning_family,target_sparsity,pruning_block_size,rows,cols,nnz,realized_sparsity,mask_sha256_16,activation_calibration
qwen25_3b_l00_o_proj_global_mag_s70,Qwen2.5-3B-Instruct,qwen25_3b,model.layers.0.self_attn.o_proj.weight,qwen25_3b_block_00,0,o_proj,2048x2048,global_mag_s70,unstructured,0.7,,2048,2048,1258291,0.7000000476837158,f53876958e2bf38b,
qwen25_3b_l00_o_proj_wanda_s70,Qwen2.5-3B-Instruct,qwen25_3b,model.layers.0.self_attn.o_proj.weight,qwen25_3b_block_00,0,o_proj,2048x2048,wanda_s70,activation_aware_unstructured,0.7,,2048,2048,1258291,0.7000000476837158,d95cff14748a66ea,qwen25_activation_rms_16prompts.npz
qwen25_3b_l00_o_proj_global_mag_s80,Qwen2.5-3B-Instruct,qwen25_3b,model.layers.0.self_attn.o_proj.weight,qwen25_3b_block_00,0,o_proj,2048x2048,global_mag_s80,unstructured,0.8,,2048,2048,838861,0.7999999523162842,b474b69ab6d992fe,
qwen25_3b_l00_o_proj_wanda_s80,Qwen2.5-3B-Instruct,qwen25_3b,model.layers.0.self_attn.o_proj.weight,qwen25_3b_block_00,0,o_proj,2048x2048,wanda_s80,activation_aware_unstructured,0.8,,2048,2048,838861,0.7999999523162842,5474290a7f9fad04,qwen25_activation_rms_16prompts.npz
qwen25_3b_l00_o_proj_global_mag_s90,Qwen2.5-3B-Instruct,qwen25_3b,model.layers.0.self_attn.o_proj.weight,qwen25_3b_block_00,0,o_proj,2048x2048,global_mag_s90,unstructured,0.9,,2048,2048,419430,0.9000000953674316,9cc926063bf85559,
qwen25_3b_l00_o_proj_wanda_s90,Qwen2.5-3B-Instruct,qwen25_3b,model.layers.0.self_attn.o_proj.weight,qwen25_3b_block_00,0,o_proj,2048x2048,wanda_s90,activation_aware_unstructured,0.9,,2048,2048,419430,0.9000000953674316,a718f1d3f26816be,qwen25_activation_rms_16prompts.npz
qwen25_3b_l00_q_proj_global_mag_s70,Qwen2.5-3B-Instruct,qwen25_3b,model.layers.0.self_attn.q_proj.weight,qwen25_3b_block_00,0,q_proj,2048x2048,global_mag_s70,unstructured,0.7,,2048,2048,1258291,0.7000000476837158,a3f4bd6be8b23422,
qwen25_3b_l00_q_proj_wanda_s70,Qwen2.5-3B-Instruct,qwen25_3b,model.layers.0.self_attn.q_proj.weight,qwen25_3b_block_00,0,q_proj,2048x2048,wanda_s70,activation_aware_unstructured,0.7,,2048,2048,1258291,0.7000000476837158,98d23ecd63779c87,qwen25_activation_rms_16prompts.npz
qwen25_3b_l00_q_proj_global_mag_s80,Qwen2.5-3B-Instruct,qwen25_3b,model.layers.0.self_attn.q_proj.weight,qwen25_3b_block_00,0,q_proj,2048x2048,global_mag_s80,unstructured,0.8,,2048,2048,838861,0.7999999523162842,62d4768ce1933257,
qwen25_3b_l00_q_proj_wanda_s80,Qwen2.5-3B-Instruct,qwen25_3b,model.layers.0.self_attn.q_proj.weight,qwen25_3b_block_00,0,q_proj,2048x2048,wanda_s80,activation_aware_unstructured,0.8,,2048,2048,838861,0.7999999523162842,eabd1cdf82333e7a,qwen25_activation_rms_16prompts.npz
qwen25_3b_l00_q_proj_global_mag_s90,Qwen2.5-3B-Instruct,qwen25_3b,model.layers.0.self_attn.q_proj.weight,qwen25_3b_block_00,0,q_proj,2048x2048,global_mag_s90,unstructured,0.9,,2048,2048,419430,0.9000000953674316,a14fc511e1b354f9,
qwen25_3b_l00_q_proj_wanda_s90,Qwen2.5-3B-Instruct,qwen25_3b,model.layers.0.self_attn.q_proj.weight,qwen25_3b_block_00,0,q_proj,2048x2048,wanda_s90,activation_aware_unstructured,0.9,,2048,2048,419430,0.9000000953674316,8debc8c52c9f7aa9,qwen25_activation_rms_16prompts.npz
qwen25_3b_l05_o_proj_global_mag_s70,Qwen2.5-3B-Instruct,qwen25_3b,model.layers.5.self_attn.o_proj.weight,qwen25_3b_block_05,5,o_proj,2048x2048,global_mag_s70,unstructured,0.7,,2048,2048,1258291,0.7000000476837158,f31a7d9184e9d91b,
qwen25_3b_l05_o_proj_wanda_s70,Qwen2.5-3B-Instruct,qwen25_3b,model.layers.5.self_attn.o_proj.weight,qwen25_3b_block_05,5,o_proj,2048x2048,wanda_s70,activation_aware_unstructured,0.7,,2048,2048,1258291,0.7000000476837158,3b8489c9798b16fa,qwen25_activation_rms_16prompts.npz
qwen25_3b_l05_o_proj_global_mag_s80,Qwen2.5-3B-Instruct,qwen25_3b,model.layers.5.self_attn.o_proj.weight,qwen25_3b_block_05,5,o_proj,2048x2048,global_mag_s80,unstructured,0.8,,2048,2048,838861,0.7999999523162842,d09b85c9ebd07011,
qwen25_3b_l05_o_proj_wanda_s80,Qwen2.5-3B-Instruct,qwen25_3b,model.layers.5.self_attn.o_proj.weight,qwen25_3b_block_05,5,o_proj,2048x2048,wanda_s80,activation_aware_unstructured,0.8,,2048,2048,838861,0.7999999523162842,01968d308801c3f8,qwen25_activation_rms_16prompts.npz
qwen25_3b_l05_o_proj_global_mag_s90,Qwen2.5-3B-Instruct,qwen25_3b,model.layers.5.self_attn.o_proj.weight,qwen25_3b_block_05,5,o_proj,2048x2048,global_mag_s90,unstructured,0.9,,2048,2048,419430,0.9000000953674316,9be1ed1a0d6f1ca1,
qwen25_3b_l05_o_proj_wanda_s90,Qwen2.5-3B-Instruct,qwen25_3b,model.layers.5.self_attn.o_proj.weight,qwen25_3b_block_05,5,o_proj,2048x2048,wanda_s90,activation_aware_unstructured,0.9,,2048,2048,419430,0.9000000953674316,fd89fb9c5894d4e2,qwen25_activation_rms_16prompts.npz
qwen25_3b_l05_q_proj_global_mag_s70,Qwen2.5-3B-Instruct,qwen25_3b,model.layers.5.self_attn.q_proj.weight,qwen25_3b_block_05,5,q_proj,2048x2048,global_mag_s70,unstructured,0.7,,2048,2048,1258291,0.7000000476837158,59bb40e781974b5a,
qwen25_3b_l05_q_proj_wanda_s70,Qwen2.5-3B-Instruct,qwen25_3b,model.layers.5.self_attn.q_proj.weight,qwen25_3b_block_05,5,q_proj,2048x2048,wanda_s70,activation_aware_unstructured,0.7,,2048,2048,1258291,0.7000000476837158,0a3622423bad0b5c,qwen25_activation_rms_16prompts.npz
qwen25_3b_l05_q_proj_global_mag_s80,Qwen2.5-3B-Instruct,qwen25_3b,model.layers.5.self_attn.q_proj.weight,qwen25_3b_block_05,5,q_proj,2048x2048,global_mag_s80,unstructured,0.8,,2048,2048,838861,0.7999999523162842,6f22a0382ee1cc4c,
qwen25_3b_l05_q_proj_wanda_s80,Qwen2.5-3B-Instruct,qwen25_3b,model.layers.5.self_attn.q_proj.weight,qwen25_3b_block_05,5,q_proj,2048x2048,wanda_s80,activation_aware_unstructured,0.8,,2048,2048,838861,0.7999999523162842,50afc4ec8ca725b3,qwen25_activation_rms_16prompts.npz
qwen25_3b_l05_q_proj_global_mag_s90,Qwen2.5-3B-Instruct,qwen25_3b,model.layers.5.self_attn.q_proj.weight,qwen25_3b_block_05,5,q_proj,2048x2048,global_mag_s90,unstructured,0.9,,2048,2048,419430,0.9000000953674316,c231b6ed72c71460,
qwen25_3b_l05_q_proj_wanda_s90,Qwen2.5-3B-Instruct,qwen25_3b,model.layers.5.self_attn.q_proj.weight,qwen25_3b_block_05,5,q_proj,2048x2048,wanda_s90,activation_aware_unstructured,0.9,,2048,2048,419430,0.9000000953674316,58d34b7d1ef4f94d,qwen25_activation_rms_16prompts.npz
qwen25_3b_l10_o_proj_global_mag_s70,Qwen2.5-3B-Instruct,qwen25_3b,model.layers.10.self_attn.o_proj.weight,qwen25_3b_block_10,10,o_proj,2048x2048,global_mag_s70,unstructured,0.7,,2048,2048,1258291,0.7000000476837158,ad91d65fcb4b66ff,
qwen25_3b_l10_o_proj_wanda_s70,Qwen2.5-3B-Instruct,qwen25_3b,model.layers.10.self_attn.o_proj.weight,qwen25_3b_block_10,10,o_proj,2048x2048,wanda_s70,activation_aware_unstructured,0.7,,2048,2048,1258291,0.7000000476837158,df32ee113e2abf96,qwen25_activation_rms_16prompts.npz
qwen25_3b_l10_o_proj_global_mag_s80,Qwen2.5-3B-Instruct,qwen25_3b,model.layers.10.self_attn.o_proj.weight,qwen25_3b_block_10,10,o_proj,2048x2048,global_mag_s80,unstructured,0.8,,2048,2048,838861,0.7999999523162842,5b82f943203b8595,
qwen25_3b_l10_o_proj_wanda_s80,Qwen2.5-3B-Instruct,qwen25_3b,model.layers.10.self_attn.o_proj.weight,qwen25_3b_block_10,10,o_proj,2048x2048,wanda_s80,activation_aware_unstructured,0.8,,2048,2048,838861,0.7999999523162842,909ef68ba9023cd0,qwen25_activation_rms_16prompts.npz
qwen25_3b_l10_o_proj_global_mag_s90,Qwen2.5-3B-Instruct,qwen25_3b,model.layers.10.self_attn.o_proj.weight,qwen25_3b_block_10,10,o_proj,2048x2048,global_mag_s90,unstructured,0.9,,2048,2048,419430,0.9000000953674316,b5bf6185ef66b93c,
qwen25_3b_l10_o_proj_wanda_s90,Qwen2.5-3B-Instruct,qwen25_3b,model.layers.10.self_attn.o_proj.weight,qwen25_3b_block_10,10,o_proj,2048x2048,wanda_s90,activation_aware_unstructured,0.9,,2048,2048,419430,0.9000000953674316,d01bf297dd1cf97f,qwen25_activation_rms_16prompts.npz
qwen25_3b_l10_q_proj_global_mag_s70,Qwen2.5-3B-Instruct,qwen25_3b,model.layers.10.self_attn.q_proj.weight,qwen25_3b_block_10,10,q_proj,2048x2048,global_mag_s70,unstructured,0.7,,2048,2048,1258291,0.7000000476837158,e60bbec214065216,
qwen25_3b_l10_q_proj_wanda_s70,Qwen2.5-3B-Instruct,qwen25_3b,model.layers.10.self_attn.q_proj.weight,qwen25_3b_block_10,10,q_proj,2048x2048,wanda_s70,activation_aware_unstructured,0.7,,2048,2048,1258291,0.7000000476837158,ae95cb27b057fc68,qwen25_activation_rms_16prompts.npz
qwen25_3b_l10_q_proj_global_mag_s80,Qwen2.5-3B-Instruct,qwen25_3b,model.layers.10.self_attn.q_proj.weight,qwen25_3b_block_10,10,q_proj,2048x2048,global_mag_s80,unstructured,0.8,,2048,2048,838861,0.7999999523162842,3463d10679b80791,
qwen25_3b_l10_q_proj_wanda_s80,Qwen2.5-3B-Instruct,qwen25_3b,model.layers.10.self_attn.q_proj.weight,qwen25_3b_block_10,10,q_proj,2048x2048,wanda_s80,activation_aware_unstructured,0.8,,2048,2048,838861,0.7999999523162842,e70785a74f66cac8,qwen25_activation_rms_16prompts.npz
qwen25_3b_l10_q_proj_global_mag_s90,Qwen2.5-3B-Instruct,qwen25_3b,model.layers.10.self_attn.q_proj.weight,qwen25_3b_block_10,10,q_proj,2048x2048,global_mag_s90,unstructured,0.9,,2048,2048,419430,0.9000000953674316,6c1a3c843f1de690,
qwen25_3b_l10_q_proj_wanda_s90,Qwen2.5-3B-Instruct,qwen25_3b,model.layers.10.self_attn.q_proj.weight,qwen25_3b_block_10,10,q_proj,2048x2048,wanda_s90,activation_aware_unstructured,0.9,,2048,2048,419430,0.9000000953674316,b283d17555ac444f,qwen25_activation_rms_16prompts.npz
qwen25_3b_l15_o_proj_global_mag_s70,Qwen2.5-3B-Instruct,qwen25_3b,model.layers.15.self_attn.o_proj.weight,qwen25_3b_block_15,15,o_proj,2048x2048,global_mag_s70,unstructured,0.7,,2048,2048,1258291,0.7000000476837158,1ceff7a29bc494da,
qwen25_3b_l15_o_proj_wanda_s70,Qwen2.5-3B-Instruct,qwen25_3b,model.layers.15.self_attn.o_proj.weight,qwen25_3b_block_15,15,o_proj,2048x2048,wanda_s70,activation_aware_unstructured,0.7,,2048,2048,1258291,0.7000000476837158,d65da9d5454d7b6b,qwen25_activation_rms_16prompts.npz
qwen25_3b_l15_o_proj_global_mag_s80,Qwen2.5-3B-Instruct,qwen25_3b,model.layers.15.self_attn.o_proj.weight,qwen25_3b_block_15,15,o_proj,2048x2048,global_mag_s80,unstructured,0.8,,2048,2048,838861,0.7999999523162842,95723209a5c37914,
qwen25_3b_l15_o_proj_wanda_s80,Qwen2.5-3B-Instruct,qwen25_3b,model.layers.15.self_attn.o_proj.weight,qwen25_3b_block_15,15,o_proj,2048x2048,wanda_s80,activation_aware_unstructured,0.8,,2048,2048,838861,0.7999999523162842,821058a106ce71c1,qwen25_activation_rms_16prompts.npz
qwen25_3b_l15_o_proj_global_mag_s90,Qwen2.5-3B-Instruct,qwen25_3b,model.layers.15.self_attn.o_proj.weight,qwen25_3b_block_15,15,o_proj,2048x2048,global_mag_s90,unstructured,0.9,,2048,2048,419430,0.9000000953674316,867fbf7b513e69c9,
qwen25_3b_l15_o_proj_wanda_s90,Qwen2.5-3B-Instruct,qwen25_3b,model.layers.15.self_attn.o_proj.weight,qwen25_3b_block_15,15,o_proj,2048x2048,wanda_s90,activation_aware_unstructured,0.9,,2048,2048,419430,0.9000000953674316,b6434360cf43335c,qwen25_activation_rms_16prompts.npz
qwen25_3b_l15_q_proj_global_mag_s70,Qwen2.5-3B-Instruct,qwen25_3b,model.layers.15.self_attn.q_proj.weight,qwen25_3b_block_15,15,q_proj,2048x2048,global_mag_s70,unstructured,0.7,,2048,2048,1258291,0.7000000476837158,178e381f32779656,
qwen25_3b_l15_q_proj_wanda_s70,Qwen2.5-3B-Instruct,qwen25_3b,model.layers.15.self_attn.q_proj.weight,qwen25_3b_block_15,15,q_proj,2048x2048,wanda_s70,activation_aware_unstructured,0.7,,2048,2048,1258291,0.7000000476837158,00284f94faf268d3,qwen25_activation_rms_16prompts.npz
qwen25_3b_l15_q_proj_global_mag_s80,Qwen2.5-3B-Instruct,qwen25_3b,model.layers.15.self_attn.q_proj.weight,qwen25_3b_block_15,15,q_proj,2048x2048,global_mag_s80,unstructured,0.8,,2048,2048,838861,0.7999999523162842,645ef6cdf09b51e8,
qwen25_3b_l15_q_proj_wanda_s80,Qwen2.5-3B-Instruct,qwen25_3b,model.layers.15.self_attn.q_proj.weight,qwen25_3b_block_15,15,q_proj,2048x2048,wanda_s80,activation_aware_unstructured,0.8,,2048,2048,838861,0.7999999523162842,a1cf96866f5996d9,qwen25_activation_rms_16prompts.npz
qwen25_3b_l15_q_proj_global_mag_s90,Qwen2.5-3B-Instruct,qwen25_3b,model.layers.15.self_attn.q_proj.weight,qwen25_3b_block_15,15,q_proj,2048x2048,global_mag_s90,unstructured,0.9,,2048,2048,419430,0.9000000953674316,623825a99b49201b,
qwen25_3b_l15_q_proj_wanda_s90,Qwen2.5-3B-Instruct,qwen25_3b,model.layers.15.self_attn.q_proj.weight,qwen25_3b_block_15,15,q_proj,2048x2048,wanda_s90,activation_aware_unstructured,0.9,,2048,2048,419430,0.9000000953674316,5ef10f17e9d60ce2,qwen25_activation_rms_16prompts.npz
qwen25_3b_l20_o_proj_global_mag_s70,Qwen2.5-3B-Instruct,qwen25_3b,model.layers.20.self_attn.o_proj.weight,qwen25_3b_block_20,20,o_proj,2048x2048,global_mag_s70,unstructured,0.7,,2048,2048,1258291,0.7000000476837158,db748948caa11951,
qwen25_3b_l20_o_proj_wanda_s70,Qwen2.5-3B-Instruct,qwen25_3b,model.layers.20.self_attn.o_proj.weight,qwen25_3b_block_20,20,o_proj,2048x2048,wanda_s70,activation_aware_unstructured,0.7,,2048,2048,1258291,0.7000000476837158,fd3b93fc49fd8bae,qwen25_activation_rms_16prompts.npz
qwen25_3b_l20_o_proj_global_mag_s80,Qwen2.5-3B-Instruct,qwen25_3b,model.layers.20.self_attn.o_proj.weight,qwen25_3b_block_20,20,o_proj,2048x2048,global_mag_s80,unstructured,0.8,,2048,2048,838861,0.7999999523162842,cbc8fbd03b31c8ee,
qwen25_3b_l20_o_proj_wanda_s80,Qwen2.5-3B-Instruct,qwen25_3b,model.layers.20.self_attn.o_proj.weight,qwen25_3b_block_20,20,o_proj,2048x2048,wanda_s80,activation_aware_unstructured,0.8,,2048,2048,838861,0.7999999523162842,fd40d18853bf47ad,qwen25_activation_rms_16prompts.npz
qwen25_3b_l20_o_proj_global_mag_s90,Qwen2.5-3B-Instruct,qwen25_3b,model.layers.20.self_attn.o_proj.weight,qwen25_3b_block_20,20,o_proj,2048x2048,global_mag_s90,unstructured,0.9,,2048,2048,419430,0.9000000953674316,01389588ce4d0d19,
qwen25_3b_l20_o_proj_wanda_s90,Qwen2.5-3B-Instruct,qwen25_3b,model.layers.20.self_attn.o_proj.weight,qwen25_3b_block_20,20,o_proj,2048x2048,wanda_s90,activation_aware_unstructured,0.9,,2048,2048,419430,0.9000000953674316,fe912ff6235318fd,qwen25_activation_rms_16prompts.npz
qwen25_3b_l20_q_proj_global_mag_s70,Qwen2.5-3B-Instruct,qwen25_3b,model.layers.20.self_attn.q_proj.weight,qwen25_3b_block_20,20,q_proj,2048x2048,global_mag_s70,unstructured,0.7,,2048,2048,1258291,0.7000000476837158,d7dd23cf66ef0ed6,
qwen25_3b_l20_q_proj_wanda_s70,Qwen2.5-3B-Instruct,qwen25_3b,model.layers.20.self_attn.q_proj.weight,qwen25_3b_block_20,20,q_proj,2048x2048,wanda_s70,activation_aware_unstructured,0.7,,2048,2048,1258291,0.7000000476837158,6b58f1f25ea36f5c,qwen25_activation_rms_16prompts.npz
qwen25_3b_l20_q_proj_global_mag_s80,Qwen2.5-3B-Instruct,qwen25_3b,model.layers.20.self_attn.q_proj.weight,qwen25_3b_block_20,20,q_proj,2048x2048,global_mag_s80,unstructured,0.8,,2048,2048,838861,0.7999999523162842,e56719abc62e6714,
qwen25_3b_l20_q_proj_wanda_s80,Qwen2.5-3B-Instruct,qwen25_3b,model.layers.20.self_attn.q_proj.weight,qwen25_3b_block_20,20,q_proj,2048x2048,wanda_s80,activation_aware_unstructured,0.8,,2048,2048,838861,0.7999999523162842,f3ff41a803bace23,qwen25_activation_rms_16prompts.npz
qwen25_3b_l20_q_proj_global_mag_s90,Qwen2.5-3B-Instruct,qwen25_3b,model.layers.20.self_attn.q_proj.weight,qwen25_3b_block_20,20,q_proj,2048x2048,global_mag_s90,unstructured,0.9,,2048,2048,419430,0.9000000953674316,4bacbe2f42bae6ea,
qwen25_3b_l20_q_proj_wanda_s90,Qwen2.5-3B-Instruct,qwen25_3b,model.layers.20.self_attn.q_proj.weight,qwen25_3b_block_20,20,q_proj,2048x2048,wanda_s90,activation_aware_unstructured,0.9,,2048,2048,419430,0.9000000953674316,bebb46996c522533,qwen25_activation_rms_16prompts.npz
qwen25_3b_l25_o_proj_global_mag_s70,Qwen2.5-3B-Instruct,qwen25_3b,model.layers.25.self_attn.o_proj.weight,qwen25_3b_block_25,25,o_proj,2048x2048,global_mag_s70,unstructured,0.7,,2048,2048,1258291,0.7000000476837158,763ca5c122cc5103,
qwen25_3b_l25_o_proj_wanda_s70,Qwen2.5-3B-Instruct,qwen25_3b,model.layers.25.self_attn.o_proj.weight,qwen25_3b_block_25,25,o_proj,2048x2048,wanda_s70,activation_aware_unstructured,0.7,,2048,2048,1258291,0.7000000476837158,40138c90931dc19d,qwen25_activation_rms_16prompts.npz
qwen25_3b_l25_o_proj_global_mag_s80,Qwen2.5-3B-Instruct,qwen25_3b,model.layers.25.self_attn.o_proj.weight,qwen25_3b_block_25,25,o_proj,2048x2048,global_mag_s80,unstructured,0.8,,2048,2048,838861,0.7999999523162842,c6e397470f81c0ea,
qwen25_3b_l25_o_proj_wanda_s80,Qwen2.5-3B-Instruct,qwen25_3b,model.layers.25.self_attn.o_proj.weight,qwen25_3b_block_25,25,o_proj,2048x2048,wanda_s80,activation_aware_unstructured,0.8,,2048,2048,838861,0.7999999523162842,25f8f64444930f37,qwen25_activation_rms_16prompts.npz
qwen25_3b_l25_o_proj_global_mag_s90,Qwen2.5-3B-Instruct,qwen25_3b,model.layers.25.self_attn.o_proj.weight,qwen25_3b_block_25,25,o_proj,2048x2048,global_mag_s90,unstructured,0.9,,2048,2048,419430,0.9000000953674316,9f3580e7a7c0f0d1,
qwen25_3b_l25_o_proj_wanda_s90,Qwen2.5-3B-Instruct,qwen25_3b,model.layers.25.self_attn.o_proj.weight,qwen25_3b_block_25,25,o_proj,2048x2048,wanda_s90,activation_aware_unstructured,0.9,,2048,2048,419430,0.9000000953674316,a7ce11c32198c8e5,qwen25_activation_rms_16prompts.npz
qwen25_3b_l25_q_proj_global_mag_s70,Qwen2.5-3B-Instruct,qwen25_3b,model.layers.25.self_attn.q_proj.weight,qwen25_3b_block_25,25,q_proj,2048x2048,global_mag_s70,unstructured,0.7,,2048,2048,1258291,0.7000000476837158,169920092af4bc7d,
qwen25_3b_l25_q_proj_wanda_s70,Qwen2.5-3B-Instruct,qwen25_3b,model.layers.25.self_attn.q_proj.weight,qwen25_3b_block_25,25,q_proj,2048x2048,wanda_s70,activation_aware_unstructured,0.7,,2048,2048,1258291,0.7000000476837158,06ee760d44ab5d47,qwen25_activation_rms_16prompts.npz
qwen25_3b_l25_q_proj_global_mag_s80,Qwen2.5-3B-Instruct,qwen25_3b,model.layers.25.self_attn.q_proj.weight,qwen25_3b_block_25,25,q_proj,2048x2048,global_mag_s80,unstructured,0.8,,2048,2048,838861,0.7999999523162842,abb0dfd560861359,
qwen25_3b_l25_q_proj_wanda_s80,Qwen2.5-3B-Instruct,qwen25_3b,model.layers.25.self_attn.q_proj.weight,qwen25_3b_block_25,25,q_proj,2048x2048,wanda_s80,activation_aware_unstructured,0.8,,2048,2048,838861,0.7999999523162842,7f522da344105daf,qwen25_activation_rms_16prompts.npz
qwen25_3b_l25_q_proj_global_mag_s90,Qwen2.5-3B-Instruct,qwen25_3b,model.layers.25.self_attn.q_proj.weight,qwen25_3b_block_25,25,q_proj,2048x2048,global_mag_s90,unstructured,0.9,,2048,2048,419430,0.9000000953674316,00b3bd74691d995d,
qwen25_3b_l25_q_proj_wanda_s90,Qwen2.5-3B-Instruct,qwen25_3b,model.layers.25.self_attn.q_proj.weight,qwen25_3b_block_25,25,q_proj,2048x2048,wanda_s90,activation_aware_unstructured,0.9,,2048,2048,419430,0.9000000953674316,9cdd84835a386a0d,qwen25_activation_rms_16prompts.npz
qwen25_3b_l30_o_proj_global_mag_s70,Qwen2.5-3B-Instruct,qwen25_3b,model.layers.30.self_attn.o_proj.weight,qwen25_3b_block_30,30,o_proj,2048x2048,global_mag_s70,unstructured,0.7,,2048,2048,1258291,0.7000000476837158,5538e2129423340a,
qwen25_3b_l30_o_proj_wanda_s70,Qwen2.5-3B-Instruct,qwen25_3b,model.layers.30.self_attn.o_proj.weight,qwen25_3b_block_30,30,o_proj,2048x2048,wanda_s70,activation_aware_unstructured,0.7,,2048,2048,1258291,0.7000000476837158,05d7f9063bea662a,qwen25_activation_rms_16prompts.npz
qwen25_3b_l30_o_proj_global_mag_s80,Qwen2.5-3B-Instruct,qwen25_3b,model.layers.30.self_attn.o_proj.weight,qwen25_3b_block_30,30,o_proj,2048x2048,global_mag_s80,unstructured,0.8,,2048,2048,838861,0.7999999523162842,4177cbc3476d1754,
qwen25_3b_l30_o_proj_wanda_s80,Qwen2.5-3B-Instruct,qwen25_3b,model.layers.30.self_attn.o_proj.weight,qwen25_3b_block_30,30,o_proj,2048x2048,wanda_s80,activation_aware_unstructured,0.8,,2048,2048,838861,0.7999999523162842,2c87605380327f82,qwen25_activation_rms_16prompts.npz
qwen25_3b_l30_o_proj_global_mag_s90,Qwen2.5-3B-Instruct,qwen25_3b,model.layers.30.self_attn.o_proj.weight,qwen25_3b_block_30,30,o_proj,2048x2048,global_mag_s90,unstructured,0.9,,2048,2048,419430,0.9000000953674316,572f434b7a885f08,
qwen25_3b_l30_o_proj_wanda_s90,Qwen2.5-3B-Instruct,qwen25_3b,model.layers.30.self_attn.o_proj.weight,qwen25_3b_block_30,30,o_proj,2048x2048,wanda_s90,activation_aware_unstructured,0.9,,2048,2048,419430,0.9000000953674316,44a904cbf90689ed,qwen25_activation_rms_16prompts.npz
qwen25_3b_l30_q_proj_global_mag_s70,Qwen2.5-3B-Instruct,qwen25_3b,model.layers.30.self_attn.q_proj.weight,qwen25_3b_block_30,30,q_proj,2048x2048,global_mag_s70,unstructured,0.7,,2048,2048,1258291,0.7000000476837158,fb8cca68919919a4,
qwen25_3b_l30_q_proj_wanda_s70,Qwen2.5-3B-Instruct,qwen25_3b,model.layers.30.self_attn.q_proj.weight,qwen25_3b_block_30,30,q_proj,2048x2048,wanda_s70,activation_aware_unstructured,0.7,,2048,2048,1258291,0.7000000476837158,ba3edd3209ae8dbc,qwen25_activation_rms_16prompts.npz
qwen25_3b_l30_q_proj_global_mag_s80,Qwen2.5-3B-Instruct,qwen25_3b,model.layers.30.self_attn.q_proj.weight,qwen25_3b_block_30,30,q_proj,2048x2048,global_mag_s80,unstructured,0.8,,2048,2048,838861,0.7999999523162842,22e8c694609aa626,
qwen25_3b_l30_q_proj_wanda_s80,Qwen2.5-3B-Instruct,qwen25_3b,model.layers.30.self_attn.q_proj.weight,qwen25_3b_block_30,30,q_proj,2048x2048,wanda_s80,activation_aware_unstructured,0.8,,2048,2048,838861,0.7999999523162842,ddbe8e39265f693b,qwen25_activation_rms_16prompts.npz
qwen25_3b_l30_q_proj_global_mag_s90,Qwen2.5-3B-Instruct,qwen25_3b,model.layers.30.self_attn.q_proj.weight,qwen25_3b_block_30,30,q_proj,2048x2048,global_mag_s90,unstructured,0.9,,2048,2048,419430,0.9000000953674316,e3001a15bdc3c517,
qwen25_3b_l30_q_proj_wanda_s90,Qwen2.5-3B-Instruct,qwen25_3b,model.layers.30.self_attn.q_proj.weight,qwen25_3b_block_30,30,q_proj,2048x2048,wanda_s90,activation_aware_unstructured,0.9,,2048,2048,419430,0.9000000953674316,7ba377f82d1a6376,qwen25_activation_rms_16prompts.npz
qwen25_3b_l35_o_proj_global_mag_s70,Qwen2.5-3B-Instruct,qwen25_3b,model.layers.35.self_attn.o_proj.weight,qwen25_3b_block_35,35,o_proj,2048x2048,global_mag_s70,unstructured,0.7,,2048,2048,1258291,0.7000000476837158,668037c0b23c4e7a,
qwen25_3b_l35_o_proj_wanda_s70,Qwen2.5-3B-Instruct,qwen25_3b,model.layers.35.self_attn.o_proj.weight,qwen25_3b_block_35,35,o_proj,2048x2048,wanda_s70,activation_aware_unstructured,0.7,,2048,2048,1258291,0.7000000476837158,efdae755fa78746a,qwen25_activation_rms_16prompts.npz
qwen25_3b_l35_o_proj_global_mag_s80,Qwen2.5-3B-Instruct,qwen25_3b,model.layers.35.self_attn.o_proj.weight,qwen25_3b_block_35,35,o_proj,2048x2048,global_mag_s80,unstructured,0.8,,2048,2048,838861,0.7999999523162842,13d8c39f2b13b2da,
qwen25_3b_l35_o_proj_wanda_s80,Qwen2.5-3B-Instruct,qwen25_3b,model.layers.35.self_attn.o_proj.weight,qwen25_3b_block_35,35,o_proj,2048x2048,wanda_s80,activation_aware_unstructured,0.8,,2048,2048,838861,0.7999999523162842,a9c7a06abc5c1f3f,qwen25_activation_rms_16prompts.npz
qwen25_3b_l35_o_proj_global_mag_s90,Qwen2.5-3B-Instruct,qwen25_3b,model.layers.35.self_attn.o_proj.weight,qwen25_3b_block_35,35,o_proj,2048x2048,global_mag_s90,unstructured,0.9,,2048,2048,419430,0.9000000953674316,02ea4bd2abe36f2c,
qwen25_3b_l35_o_proj_wanda_s90,Qwen2.5-3B-Instruct,qwen25_3b,model.layers.35.self_attn.o_proj.weight,qwen25_3b_block_35,35,o_proj,2048x2048,wanda_s90,activation_aware_unstructured,0.9,,2048,2048,419430,0.9000000953674316,663c56cb7ba133d3,qwen25_activation_rms_16prompts.npz
qwen25_3b_l35_q_proj_global_mag_s70,Qwen2.5-3B-Instruct,qwen25_3b,model.layers.35.self_attn.q_proj.weight,qwen25_3b_block_35,35,q_proj,2048x2048,global_mag_s70,unstructured,0.7,,2048,2048,1258291,0.7000000476837158,d1a298ec837d7ef6,
qwen25_3b_l35_q_proj_wanda_s70,Qwen2.5-3B-Instruct,qwen25_3b,model.layers.35.self_attn.q_proj.weight,qwen25_3b_block_35,35,q_proj,2048x2048,wanda_s70,activation_aware_unstructured,0.7,,2048,2048,1258291,0.7000000476837158,decff7ce8d59edc3,qwen25_activation_rms_16prompts.npz
qwen25_3b_l35_q_proj_global_mag_s80,Qwen2.5-3B-Instruct,qwen25_3b,model.layers.35.self_attn.q_proj.weight,qwen25_3b_block_35,35,q_proj,2048x2048,global_mag_s80,unstructured,0.8,,2048,2048,838861,0.7999999523162842,d1e5bbdb8effc5cc,
qwen25_3b_l35_q_proj_wanda_s80,Qwen2.5-3B-Instruct,qwen25_3b,model.layers.35.self_attn.q_proj.weight,qwen25_3b_block_35,35,q_proj,2048x2048,wanda_s80,activation_aware_unstructured,0.8,,2048,2048,838861,0.7999999523162842,61d8f0df9fef2bd7,qwen25_activation_rms_16prompts.npz
qwen25_3b_l35_q_proj_global_mag_s90,Qwen2.5-3B-Instruct,qwen25_3b,model.layers.35.self_attn.q_proj.weight,qwen25_3b_block_35,35,q_proj,2048x2048,global_mag_s90,unstructured,0.9,,2048,2048,419430,0.9000000953674316,54d64002cee9f6b8,
qwen25_3b_l35_q_proj_wanda_s90,Qwen2.5-3B-Instruct,qwen25_3b,model.layers.35.self_attn.q_proj.weight,qwen25_3b_block_35,35,q_proj,2048x2048,wanda_s90,activation_aware_unstructured,0.9,,2048,2048,419430,0.9000000953674316,6b07ca9b0058403c,qwen25_activation_rms_16prompts.npz
llama2_7b_l00_o_proj_global_mag_s70,Llama-2-7B-hf,llama2_7b,model.layers.0.self_attn.o_proj.weight,llama2_7b_block_00,0,o_proj,4096x4096,global_mag_s70,unstructured,0.7,,4096,4096,5033165,0.699999988079071,8907f771e44bc596,
llama2_7b_l00_o_proj_wanda_s70,Llama-2-7B-hf,llama2_7b,model.layers.0.self_attn.o_proj.weight,llama2_7b_block_00,0,o_proj,4096x4096,wanda_s70,activation_aware_unstructured,0.7,,4096,4096,5033165,0.699999988079071,28dc049440913b9f,llama2_7b.npz
llama2_7b_l00_o_proj_global_mag_s80,Llama-2-7B-hf,llama2_7b,model.layers.0.self_attn.o_proj.weight,llama2_7b_block_00,0,o_proj,4096x4096,global_mag_s80,unstructured,0.8,,4096,4096,3355443,0.800000011920929,0956cb7ff69c4d77,
llama2_7b_l00_o_proj_wanda_s80,Llama-2-7B-hf,llama2_7b,model.layers.0.self_attn.o_proj.weight,llama2_7b_block_00,0,o_proj,4096x4096,wanda_s80,activation_aware_unstructured,0.8,,4096,4096,3355443,0.800000011920929,608a93da1b181b4a,llama2_7b.npz
llama2_7b_l00_o_proj_global_mag_s90,Llama-2-7B-hf,llama2_7b,model.layers.0.self_attn.o_proj.weight,llama2_7b_block_00,0,o_proj,4096x4096,global_mag_s90,unstructured,0.9,,4096,4096,1677722,0.8999999761581421,6226e5caea6da468,
llama2_7b_l00_o_proj_wanda_s90,Llama-2-7B-hf,llama2_7b,model.layers.0.self_attn.o_proj.weight,llama2_7b_block_00,0,o_proj,4096x4096,wanda_s90,activation_aware_unstructured,0.9,,4096,4096,1677722,0.8999999761581421,bf3691a10f767250,llama2_7b.npz
llama2_7b_l00_q_proj_global_mag_s70,Llama-2-7B-hf,llama2_7b,model.layers.0.self_attn.q_proj.weight,llama2_7b_block_00,0,q_proj,4096x4096,global_mag_s70,unstructured,0.7,,4096,4096,5033165,0.699999988079071,e1d4d5c430d3dd4d,
llama2_7b_l00_q_proj_wanda_s70,Llama-2-7B-hf,llama2_7b,model.layers.0.self_attn.q_proj.weight,llama2_7b_block_00,0,q_proj,4096x4096,wanda_s70,activation_aware_unstructured,0.7,,4096,4096,5033165,0.699999988079071,f04551a9e4bb16ce,llama2_7b.npz
llama2_7b_l00_q_proj_global_mag_s80,Llama-2-7B-hf,llama2_7b,model.layers.0.self_attn.q_proj.weight,llama2_7b_block_00,0,q_proj,4096x4096,global_mag_s80,unstructured,0.8,,4096,4096,3355443,0.800000011920929,13ac2afaff29b007,
llama2_7b_l00_q_proj_wanda_s80,Llama-2-7B-hf,llama2_7b,model.layers.0.self_attn.q_proj.weight,llama2_7b_block_00,0,q_proj,4096x4096,wanda_s80,activation_aware_unstructured,0.8,,4096,4096,3355443,0.800000011920929,51a887c6f6c06d1d,llama2_7b.npz
llama2_7b_l00_q_proj_global_mag_s90,Llama-2-7B-hf,llama2_7b,model.layers.0.self_attn.q_proj.weight,llama2_7b_block_00,0,q_proj,4096x4096,global_mag_s90,unstructured,0.9,,4096,4096,1677722,0.8999999761581421,d3e446ca7d72ba76,
llama2_7b_l00_q_proj_wanda_s90,Llama-2-7B-hf,llama2_7b,model.layers.0.self_attn.q_proj.weight,llama2_7b_block_00,0,q_proj,4096x4096,wanda_s90,activation_aware_unstructured,0.9,,4096,4096,1677722,0.8999999761581421,0bc3bd300454fafa,llama2_7b.npz
llama2_7b_l04_o_proj_global_mag_s70,Llama-2-7B-hf,llama2_7b,model.layers.4.self_attn.o_proj.weight,llama2_7b_block_04,4,o_proj,4096x4096,global_mag_s70,unstructured,0.7,,4096,4096,5033165,0.699999988079071,5261e934b4e7e55f,
llama2_7b_l04_o_proj_wanda_s70,Llama-2-7B-hf,llama2_7b,model.layers.4.self_attn.o_proj.weight,llama2_7b_block_04,4,o_proj,4096x4096,wanda_s70,activation_aware_unstructured,0.7,,4096,4096,5033165,0.699999988079071,7795bb13134f0fa1,llama2_7b.npz
llama2_7b_l04_o_proj_global_mag_s80,Llama-2-7B-hf,llama2_7b,model.layers.4.self_attn.o_proj.weight,llama2_7b_block_04,4,o_proj,4096x4096,global_mag_s80,unstructured,0.8,,4096,4096,3355443,0.800000011920929,c373f9e842b7d3db,
llama2_7b_l04_o_proj_wanda_s80,Llama-2-7B-hf,llama2_7b,model.layers.4.self_attn.o_proj.weight,llama2_7b_block_04,4,o_proj,4096x4096,wanda_s80,activation_aware_unstructured,0.8,,4096,4096,3355443,0.800000011920929,37d76907bdb03063,llama2_7b.npz
llama2_7b_l04_o_proj_global_mag_s90,Llama-2-7B-hf,llama2_7b,model.layers.4.self_attn.o_proj.weight,llama2_7b_block_04,4,o_proj,4096x4096,global_mag_s90,unstructured,0.9,,4096,4096,1677722,0.8999999761581421,f9bccbd7a02edb94,
llama2_7b_l04_o_proj_wanda_s90,Llama-2-7B-hf,llama2_7b,model.layers.4.self_attn.o_proj.weight,llama2_7b_block_04,4,o_proj,4096x4096,wanda_s90,activation_aware_unstructured,0.9,,4096,4096,1677722,0.8999999761581421,a1aaee4426ccabf1,llama2_7b.npz
llama2_7b_l04_q_proj_global_mag_s70,Llama-2-7B-hf,llama2_7b,model.layers.4.self_attn.q_proj.weight,llama2_7b_block_04,4,q_proj,4096x4096,global_mag_s70,unstructured,0.7,,4096,4096,5033165,0.699999988079071,5f2755a46a4c1e38,
llama2_7b_l04_q_proj_wanda_s70,Llama-2-7B-hf,llama2_7b,model.layers.4.self_attn.q_proj.weight,llama2_7b_block_04,4,q_proj,4096x4096,wanda_s70,activation_aware_unstructured,0.7,,4096,4096,5033165,0.699999988079071,78157256f1e1e348,llama2_7b.npz
llama2_7b_l04_q_proj_global_mag_s80,Llama-2-7B-hf,llama2_7b,model.layers.4.self_attn.q_proj.weight,llama2_7b_block_04,4,q_proj,4096x4096,global_mag_s80,unstructured,0.8,,4096,4096,3355443,0.800000011920929,5723cea9b1b724f8,
llama2_7b_l04_q_proj_wanda_s80,Llama-2-7B-hf,llama2_7b,model.layers.4.self_attn.q_proj.weight,llama2_7b_block_04,4,q_proj,4096x4096,wanda_s80,activation_aware_unstructured,0.8,,4096,4096,3355443,0.800000011920929,490ad6f5da5f32e6,llama2_7b.npz
llama2_7b_l04_q_proj_global_mag_s90,Llama-2-7B-hf,llama2_7b,model.layers.4.self_attn.q_proj.weight,llama2_7b_block_04,4,q_proj,4096x4096,global_mag_s90,unstructured,0.9,,4096,4096,1677722,0.8999999761581421,c11f39c2e491a322,
llama2_7b_l04_q_proj_wanda_s90,Llama-2-7B-hf,llama2_7b,model.layers.4.self_attn.q_proj.weight,llama2_7b_block_04,4,q_proj,4096x4096,wanda_s90,activation_aware_unstructured,0.9,,4096,4096,1677722,0.8999999761581421,3e5c40d483699c4f,llama2_7b.npz
llama2_7b_l08_o_proj_global_mag_s70,Llama-2-7B-hf,llama2_7b,model.layers.8.self_attn.o_proj.weight,llama2_7b_block_08,8,o_proj,4096x4096,global_mag_s70,unstructured,0.7,,4096,4096,5033165,0.699999988079071,44319e9fce12323f,
llama2_7b_l08_o_proj_wanda_s70,Llama-2-7B-hf,llama2_7b,model.layers.8.self_attn.o_proj.weight,llama2_7b_block_08,8,o_proj,4096x4096,wanda_s70,activation_aware_unstructured,0.7,,4096,4096,5033165,0.699999988079071,9927f216cef0049d,llama2_7b.npz
llama2_7b_l08_o_proj_global_mag_s80,Llama-2-7B-hf,llama2_7b,model.layers.8.self_attn.o_proj.weight,llama2_7b_block_08,8,o_proj,4096x4096,global_mag_s80,unstructured,0.8,,4096,4096,3355443,0.800000011920929,afb13369ff722f4c,
llama2_7b_l08_o_proj_wanda_s80,Llama-2-7B-hf,llama2_7b,model.layers.8.self_attn.o_proj.weight,llama2_7b_block_08,8,o_proj,4096x4096,wanda_s80,activation_aware_unstructured,0.8,,4096,4096,3355443,0.800000011920929,0cae0bee579cdcc9,llama2_7b.npz
llama2_7b_l08_o_proj_global_mag_s90,Llama-2-7B-hf,llama2_7b,model.layers.8.self_attn.o_proj.weight,llama2_7b_block_08,8,o_proj,4096x4096,global_mag_s90,unstructured,0.9,,4096,4096,1677722,0.8999999761581421,aa4ab92172245f18,
llama2_7b_l08_o_proj_wanda_s90,Llama-2-7B-hf,llama2_7b,model.layers.8.self_attn.o_proj.weight,llama2_7b_block_08,8,o_proj,4096x4096,wanda_s90,activation_aware_unstructured,0.9,,4096,4096,1677722,0.8999999761581421,2b514443d999bb34,llama2_7b.npz
llama2_7b_l08_q_proj_global_mag_s70,Llama-2-7B-hf,llama2_7b,model.layers.8.self_attn.q_proj.weight,llama2_7b_block_08,8,q_proj,4096x4096,global_mag_s70,unstructured,0.7,,4096,4096,5033165,0.699999988079071,e08ee447e8eabafe,
llama2_7b_l08_q_proj_wanda_s70,Llama-2-7B-hf,llama2_7b,model.layers.8.self_attn.q_proj.weight,llama2_7b_block_08,8,q_proj,4096x4096,wanda_s70,activation_aware_unstructured,0.7,,4096,4096,5033165,0.699999988079071,14e62a88b4c24fe5,llama2_7b.npz
llama2_7b_l08_q_proj_global_mag_s80,Llama-2-7B-hf,llama2_7b,model.layers.8.self_attn.q_proj.weight,llama2_7b_block_08,8,q_proj,4096x4096,global_mag_s80,unstructured,0.8,,4096,4096,3355443,0.800000011920929,6f3157901dd25ec7,
llama2_7b_l08_q_proj_wanda_s80,Llama-2-7B-hf,llama2_7b,model.layers.8.self_attn.q_proj.weight,llama2_7b_block_08,8,q_proj,4096x4096,wanda_s80,activation_aware_unstructured,0.8,,4096,4096,3355443,0.800000011920929,dc7a24f6058d6041,llama2_7b.npz
llama2_7b_l08_q_proj_global_mag_s90,Llama-2-7B-hf,llama2_7b,model.layers.8.self_attn.q_proj.weight,llama2_7b_block_08,8,q_proj,4096x4096,global_mag_s90,unstructured,0.9,,4096,4096,1677722,0.8999999761581421,bd55a7718376d89a,
llama2_7b_l08_q_proj_wanda_s90,Llama-2-7B-hf,llama2_7b,model.layers.8.self_attn.q_proj.weight,llama2_7b_block_08,8,q_proj,4096x4096,wanda_s90,activation_aware_unstructured,0.9,,4096,4096,1677722,0.8999999761581421,e8d2e3d4ca38e1a7,llama2_7b.npz
llama2_7b_l13_o_proj_global_mag_s70,Llama-2-7B-hf,llama2_7b,model.layers.13.self_attn.o_proj.weight,llama2_7b_block_13,13,o_proj,4096x4096,global_mag_s70,unstructured,0.7,,4096,4096,5033165,0.699999988079071,226dc198ac1a1975,
llama2_7b_l13_o_proj_wanda_s70,Llama-2-7B-hf,llama2_7b,model.layers.13.self_attn.o_proj.weight,llama2_7b_block_13,13,o_proj,4096x4096,wanda_s70,activation_aware_unstructured,0.7,,4096,4096,5033165,0.699999988079071,15a1c2b976ef9c5e,llama2_7b.npz
llama2_7b_l13_o_proj_global_mag_s80,Llama-2-7B-hf,llama2_7b,model.layers.13.self_attn.o_proj.weight,llama2_7b_block_13,13,o_proj,4096x4096,global_mag_s80,unstructured,0.8,,4096,4096,3355443,0.800000011920929,8a8f217044a75ad2,
llama2_7b_l13_o_proj_wanda_s80,Llama-2-7B-hf,llama2_7b,model.layers.13.self_attn.o_proj.weight,llama2_7b_block_13,13,o_proj,4096x4096,wanda_s80,activation_aware_unstructured,0.8,,4096,4096,3355443,0.800000011920929,79b1ce0f9641d7e0,llama2_7b.npz
llama2_7b_l13_o_proj_global_mag_s90,Llama-2-7B-hf,llama2_7b,model.layers.13.self_attn.o_proj.weight,llama2_7b_block_13,13,o_proj,4096x4096,global_mag_s90,unstructured,0.9,,4096,4096,1677722,0.8999999761581421,df93650b7971111d,
llama2_7b_l13_o_proj_wanda_s90,Llama-2-7B-hf,llama2_7b,model.layers.13.self_attn.o_proj.weight,llama2_7b_block_13,13,o_proj,4096x4096,wanda_s90,activation_aware_unstructured,0.9,,4096,4096,1677722,0.8999999761581421,e3c3aa8f63acda89,llama2_7b.npz
llama2_7b_l13_q_proj_global_mag_s70,Llama-2-7B-hf,llama2_7b,model.layers.13.self_attn.q_proj.weight,llama2_7b_block_13,13,q_proj,4096x4096,global_mag_s70,unstructured,0.7,,4096,4096,5033165,0.699999988079071,5578826e247fe619,
llama2_7b_l13_q_proj_wanda_s70,Llama-2-7B-hf,llama2_7b,model.layers.13.self_attn.q_proj.weight,llama2_7b_block_13,13,q_proj,4096x4096,wanda_s70,activation_aware_unstructured,0.7,,4096,4096,5033165,0.699999988079071,b7e25ee92c7e45af,llama2_7b.npz
llama2_7b_l13_q_proj_global_mag_s80,Llama-2-7B-hf,llama2_7b,model.layers.13.self_attn.q_proj.weight,llama2_7b_block_13,13,q_proj,4096x4096,global_mag_s80,unstructured,0.8,,4096,4096,3355443,0.800000011920929,ab6792dd8b57c767,
llama2_7b_l13_q_proj_wanda_s80,Llama-2-7B-hf,llama2_7b,model.layers.13.self_attn.q_proj.weight,llama2_7b_block_13,13,q_proj,4096x4096,wanda_s80,activation_aware_unstructured,0.8,,4096,4096,3355443,0.800000011920929,e115b7fa0580d887,llama2_7b.npz
llama2_7b_l13_q_proj_global_mag_s90,Llama-2-7B-hf,llama2_7b,model.layers.13.self_attn.q_proj.weight,llama2_7b_block_13,13,q_proj,4096x4096,global_mag_s90,unstructured,0.9,,4096,4096,1677722,0.8999999761581421,b8284342e846a2a7,
llama2_7b_l13_q_proj_wanda_s90,Llama-2-7B-hf,llama2_7b,model.layers.13.self_attn.q_proj.weight,llama2_7b_block_13,13,q_proj,4096x4096,wanda_s90,activation_aware_unstructured,0.9,,4096,4096,1677722,0.8999999761581421,9c76f2d71a62a13d,llama2_7b.npz
llama2_7b_l18_o_proj_global_mag_s70,Llama-2-7B-hf,llama2_7b,model.layers.18.self_attn.o_proj.weight,llama2_7b_block_18,18,o_proj,4096x4096,global_mag_s70,unstructured,0.7,,4096,4096,5033165,0.699999988079071,fdc4abcc92fe8083,
llama2_7b_l18_o_proj_wanda_s70,Llama-2-7B-hf,llama2_7b,model.layers.18.self_attn.o_proj.weight,llama2_7b_block_18,18,o_proj,4096x4096,wanda_s70,activation_aware_unstructured,0.7,,4096,4096,5033165,0.699999988079071,c8a902a4e974fe1c,llama2_7b.npz
llama2_7b_l18_o_proj_global_mag_s80,Llama-2-7B-hf,llama2_7b,model.layers.18.self_attn.o_proj.weight,llama2_7b_block_18,18,o_proj,4096x4096,global_mag_s80,unstructured,0.8,,4096,4096,3355443,0.800000011920929,89dc60fb6b7d4230,
llama2_7b_l18_o_proj_wanda_s80,Llama-2-7B-hf,llama2_7b,model.layers.18.self_attn.o_proj.weight,llama2_7b_block_18,18,o_proj,4096x4096,wanda_s80,activation_aware_unstructured,0.8,,4096,4096,3355443,0.800000011920929,d1982073d6905290,llama2_7b.npz
llama2_7b_l18_o_proj_global_mag_s90,Llama-2-7B-hf,llama2_7b,model.layers.18.self_attn.o_proj.weight,llama2_7b_block_18,18,o_proj,4096x4096,global_mag_s90,unstructured,0.9,,4096,4096,1677722,0.8999999761581421,98a4f679d0dd8ae7,
llama2_7b_l18_o_proj_wanda_s90,Llama-2-7B-hf,llama2_7b,model.layers.18.self_attn.o_proj.weight,llama2_7b_block_18,18,o_proj,4096x4096,wanda_s90,activation_aware_unstructured,0.9,,4096,4096,1677722,0.8999999761581421,d91d425acbd6f809,llama2_7b.npz
llama2_7b_l18_q_proj_global_mag_s70,Llama-2-7B-hf,llama2_7b,model.layers.18.self_attn.q_proj.weight,llama2_7b_block_18,18,q_proj,4096x4096,global_mag_s70,unstructured,0.7,,4096,4096,5033165,0.699999988079071,8c16a820a8615a5d,
llama2_7b_l18_q_proj_wanda_s70,Llama-2-7B-hf,llama2_7b,model.layers.18.self_attn.q_proj.weight,llama2_7b_block_18,18,q_proj,4096x4096,wanda_s70,activation_aware_unstructured,0.7,,4096,4096,5033165,0.699999988079071,5ebcc41c3919a7af,llama2_7b.npz
llama2_7b_l18_q_proj_global_mag_s80,Llama-2-7B-hf,llama2_7b,model.layers.18.self_attn.q_proj.weight,llama2_7b_block_18,18,q_proj,4096x4096,global_mag_s80,unstructured,0.8,,4096,4096,3355443,0.800000011920929,672a6d7aebcba215,
llama2_7b_l18_q_proj_wanda_s80,Llama-2-7B-hf,llama2_7b,model.layers.18.self_attn.q_proj.weight,llama2_7b_block_18,18,q_proj,4096x4096,wanda_s80,activation_aware_unstructured,0.8,,4096,4096,3355443,0.800000011920929,f22fcfc983ab9fdd,llama2_7b.npz
llama2_7b_l18_q_proj_global_mag_s90,Llama-2-7B-hf,llama2_7b,model.layers.18.self_attn.q_proj.weight,llama2_7b_block_18,18,q_proj,4096x4096,global_mag_s90,unstructured,0.9,,4096,4096,1677722,0.8999999761581421,99b55595b0c799ea,
llama2_7b_l18_q_proj_wanda_s90,Llama-2-7B-hf,llama2_7b,model.layers.18.self_attn.q_proj.weight,llama2_7b_block_18,18,q_proj,4096x4096,wanda_s90,activation_aware_unstructured,0.9,,4096,4096,1677722,0.8999999761581421,3a33fdc4cda55da2,llama2_7b.npz
llama2_7b_l22_o_proj_global_mag_s70,Llama-2-7B-hf,llama2_7b,model.layers.22.self_attn.o_proj.weight,llama2_7b_block_22,22,o_proj,4096x4096,global_mag_s70,unstructured,0.7,,4096,4096,5033165,0.699999988079071,1ff213378ea6421f,
llama2_7b_l22_o_proj_wanda_s70,Llama-2-7B-hf,llama2_7b,model.layers.22.self_attn.o_proj.weight,llama2_7b_block_22,22,o_proj,4096x4096,wanda_s70,activation_aware_unstructured,0.7,,4096,4096,5033165,0.699999988079071,bdf4b98b6fbc4222,llama2_7b.npz
llama2_7b_l22_o_proj_global_mag_s80,Llama-2-7B-hf,llama2_7b,model.layers.22.self_attn.o_proj.weight,llama2_7b_block_22,22,o_proj,4096x4096,global_mag_s80,unstructured,0.8,,4096,4096,3355443,0.800000011920929,e453948e0b34b8ab,
llama2_7b_l22_o_proj_wanda_s80,Llama-2-7B-hf,llama2_7b,model.layers.22.self_attn.o_proj.weight,llama2_7b_block_22,22,o_proj,4096x4096,wanda_s80,activation_aware_unstructured,0.8,,4096,4096,3355443,0.800000011920929,59d446194778025c,llama2_7b.npz
llama2_7b_l22_o_proj_global_mag_s90,Llama-2-7B-hf,llama2_7b,model.layers.22.self_attn.o_proj.weight,llama2_7b_block_22,22,o_proj,4096x4096,global_mag_s90,unstructured,0.9,,4096,4096,1677722,0.8999999761581421,dbf93ae6d0511775,
llama2_7b_l22_o_proj_wanda_s90,Llama-2-7B-hf,llama2_7b,model.layers.22.self_attn.o_proj.weight,llama2_7b_block_22,22,o_proj,4096x4096,wanda_s90,activation_aware_unstructured,0.9,,4096,4096,1677722,0.8999999761581421,8261d9824b85cdc3,llama2_7b.npz
llama2_7b_l22_q_proj_global_mag_s70,Llama-2-7B-hf,llama2_7b,model.layers.22.self_attn.q_proj.weight,llama2_7b_block_22,22,q_proj,4096x4096,global_mag_s70,unstructured,0.7,,4096,4096,5033165,0.699999988079071,80f2d922eface0bb,
llama2_7b_l22_q_proj_wanda_s70,Llama-2-7B-hf,llama2_7b,model.layers.22.self_attn.q_proj.weight,llama2_7b_block_22,22,q_proj,4096x4096,wanda_s70,activation_aware_unstructured,0.7,,4096,4096,5033165,0.699999988079071,047015fc01cf81ee,llama2_7b.npz
llama2_7b_l22_q_proj_global_mag_s80,Llama-2-7B-hf,llama2_7b,model.layers.22.self_attn.q_proj.weight,llama2_7b_block_22,22,q_proj,4096x4096,global_mag_s80,unstructured,0.8,,4096,4096,3355443,0.800000011920929,1607134d5c84e917,
llama2_7b_l22_q_proj_wanda_s80,Llama-2-7B-hf,llama2_7b,model.layers.22.self_attn.q_proj.weight,llama2_7b_block_22,22,q_proj,4096x4096,wanda_s80,activation_aware_unstructured,0.8,,4096,4096,3355443,0.800000011920929,a0695d51a14f6530,llama2_7b.npz
llama2_7b_l22_q_proj_global_mag_s90,Llama-2-7B-hf,llama2_7b,model.layers.22.self_attn.q_proj.weight,llama2_7b_block_22,22,q_proj,4096x4096,global_mag_s90,unstructured,0.9,,4096,4096,1677722,0.8999999761581421,25c31e293b881f9f,
llama2_7b_l22_q_proj_wanda_s90,Llama-2-7B-hf,llama2_7b,model.layers.22.self_attn.q_proj.weight,llama2_7b_block_22,22,q_proj,4096x4096,wanda_s90,activation_aware_unstructured,0.9,,4096,4096,1677722,0.8999999761581421,36ed0b8c7f751c2f,llama2_7b.npz
llama2_7b_l27_o_proj_global_mag_s70,Llama-2-7B-hf,llama2_7b,model.layers.27.self_attn.o_proj.weight,llama2_7b_block_27,27,o_proj,4096x4096,global_mag_s70,unstructured,0.7,,4096,4096,5033165,0.699999988079071,210ec11d55606305,
llama2_7b_l27_o_proj_wanda_s70,Llama-2-7B-hf,llama2_7b,model.layers.27.self_attn.o_proj.weight,llama2_7b_block_27,27,o_proj,4096x4096,wanda_s70,activation_aware_unstructured,0.7,,4096,4096,5033165,0.699999988079071,bc88580796c5099b,llama2_7b.npz
llama2_7b_l27_o_proj_global_mag_s80,Llama-2-7B-hf,llama2_7b,model.layers.27.self_attn.o_proj.weight,llama2_7b_block_27,27,o_proj,4096x4096,global_mag_s80,unstructured,0.8,,4096,4096,3355443,0.800000011920929,05ea639e1c503ce3,
llama2_7b_l27_o_proj_wanda_s80,Llama-2-7B-hf,llama2_7b,model.layers.27.self_attn.o_proj.weight,llama2_7b_block_27,27,o_proj,4096x4096,wanda_s80,activation_aware_unstructured,0.8,,4096,4096,3355443,0.800000011920929,5c47263cd2fdcff7,llama2_7b.npz
llama2_7b_l27_o_proj_global_mag_s90,Llama-2-7B-hf,llama2_7b,model.layers.27.self_attn.o_proj.weight,llama2_7b_block_27,27,o_proj,4096x4096,global_mag_s90,unstructured,0.9,,4096,4096,1677722,0.8999999761581421,c6ed4e0de8b65d14,
llama2_7b_l27_o_proj_wanda_s90,Llama-2-7B-hf,llama2_7b,model.layers.27.self_attn.o_proj.weight,llama2_7b_block_27,27,o_proj,4096x4096,wanda_s90,activation_aware_unstructured,0.9,,4096,4096,1677722,0.8999999761581421,5f98529021c368f9,llama2_7b.npz
llama2_7b_l27_q_proj_global_mag_s70,Llama-2-7B-hf,llama2_7b,model.layers.27.self_attn.q_proj.weight,llama2_7b_block_27,27,q_proj,4096x4096,global_mag_s70,unstructured,0.7,,4096,4096,5033165,0.699999988079071,7b275ba5d6319678,
llama2_7b_l27_q_proj_wanda_s70,Llama-2-7B-hf,llama2_7b,model.layers.27.self_attn.q_proj.weight,llama2_7b_block_27,27,q_proj,4096x4096,wanda_s70,activation_aware_unstructured,0.7,,4096,4096,5033165,0.699999988079071,cb142ad5bf5f224e,llama2_7b.npz
llama2_7b_l27_q_proj_global_mag_s80,Llama-2-7B-hf,llama2_7b,model.layers.27.self_attn.q_proj.weight,llama2_7b_block_27,27,q_proj,4096x4096,global_mag_s80,unstructured,0.8,,4096,4096,3355443,0.800000011920929,bb07cd08887d0f30,
llama2_7b_l27_q_proj_wanda_s80,Llama-2-7B-hf,llama2_7b,model.layers.27.self_attn.q_proj.weight,llama2_7b_block_27,27,q_proj,4096x4096,wanda_s80,activation_aware_unstructured,0.8,,4096,4096,3355443,0.800000011920929,7b156c0513e9eea2,llama2_7b.npz
llama2_7b_l27_q_proj_global_mag_s90,Llama-2-7B-hf,llama2_7b,model.layers.27.self_attn.q_proj.weight,llama2_7b_block_27,27,q_proj,4096x4096,global_mag_s90,unstructured,0.9,,4096,4096,1677722,0.8999999761581421,c6c74bf7085ea551,
llama2_7b_l27_q_proj_wanda_s90,Llama-2-7B-hf,llama2_7b,model.layers.27.self_attn.q_proj.weight,llama2_7b_block_27,27,q_proj,4096x4096,wanda_s90,activation_aware_unstructured,0.9,,4096,4096,1677722,0.8999999761581421,cc17b89091cae8b3,llama2_7b.npz
llama2_7b_l31_o_proj_global_mag_s70,Llama-2-7B-hf,llama2_7b,model.layers.31.self_attn.o_proj.weight,llama2_7b_block_31,31,o_proj,4096x4096,global_mag_s70,unstructured,0.7,,4096,4096,5033165,0.699999988079071,b17fe0892f32e01a,
llama2_7b_l31_o_proj_wanda_s70,Llama-2-7B-hf,llama2_7b,model.layers.31.self_attn.o_proj.weight,llama2_7b_block_31,31,o_proj,4096x4096,wanda_s70,activation_aware_unstructured,0.7,,4096,4096,5033165,0.699999988079071,ca8f2c6204ce6fff,llama2_7b.npz
llama2_7b_l31_o_proj_global_mag_s80,Llama-2-7B-hf,llama2_7b,model.layers.31.self_attn.o_proj.weight,llama2_7b_block_31,31,o_proj,4096x4096,global_mag_s80,unstructured,0.8,,4096,4096,3355443,0.800000011920929,b81b5a0889a5e461,
llama2_7b_l31_o_proj_wanda_s80,Llama-2-7B-hf,llama2_7b,model.layers.31.self_attn.o_proj.weight,llama2_7b_block_31,31,o_proj,4096x4096,wanda_s80,activation_aware_unstructured,0.8,,4096,4096,3355443,0.800000011920929,c42572e5cf2db246,llama2_7b.npz
llama2_7b_l31_o_proj_global_mag_s90,Llama-2-7B-hf,llama2_7b,model.layers.31.self_attn.o_proj.weight,llama2_7b_block_31,31,o_proj,4096x4096,global_mag_s90,unstructured,0.9,,4096,4096,1677722,0.8999999761581421,9ab7a965aae7b2c3,
llama2_7b_l31_o_proj_wanda_s90,Llama-2-7B-hf,llama2_7b,model.layers.31.self_attn.o_proj.weight,llama2_7b_block_31,31,o_proj,4096x4096,wanda_s90,activation_aware_unstructured,0.9,,4096,4096,1677722,0.8999999761581421,9c34bc56147f6e5e,llama2_7b.npz
llama2_7b_l31_q_proj_global_mag_s70,Llama-2-7B-hf,llama2_7b,model.layers.31.self_attn.q_proj.weight,llama2_7b_block_31,31,q_proj,4096x4096,global_mag_s70,unstructured,0.7,,4096,4096,5033165,0.699999988079071,7d6a13bf65d5ddc6,
llama2_7b_l31_q_proj_wanda_s70,Llama-2-7B-hf,llama2_7b,model.layers.31.self_attn.q_proj.weight,llama2_7b_block_31,31,q_proj,4096x4096,wanda_s70,activation_aware_unstructured,0.7,,4096,4096,5033165,0.699999988079071,2dc0fdce44c79196,llama2_7b.npz
llama2_7b_l31_q_proj_global_mag_s80,Llama-2-7B-hf,llama2_7b,model.layers.31.self_attn.q_proj.weight,llama2_7b_block_31,31,q_proj,4096x4096,global_mag_s80,unstructured,0.8,,4096,4096,3355443,0.800000011920929,d16cdc17373dc819,
llama2_7b_l31_q_proj_wanda_s80,Llama-2-7B-hf,llama2_7b,model.layers.31.self_attn.q_proj.weight,llama2_7b_block_31,31,q_proj,4096x4096,wanda_s80,activation_aware_unstructured,0.8,,4096,4096,3355443,0.800000011920929,b720a5e7faf4f6b8,llama2_7b.npz
llama2_7b_l31_q_proj_global_mag_s90,Llama-2-7B-hf,llama2_7b,model.layers.31.self_attn.q_proj.weight,llama2_7b_block_31,31,q_proj,4096x4096,global_mag_s90,unstructured,0.9,,4096,4096,1677722,0.8999999761581421,9efa6af057c725ba,
llama2_7b_l31_q_proj_wanda_s90,Llama-2-7B-hf,llama2_7b,model.layers.31.self_attn.q_proj.weight,llama2_7b_block_31,31,q_proj,4096x4096,wanda_s90,activation_aware_unstructured,0.9,,4096,4096,1677722,0.8999999761581421,5a0ff66760cfb0b3,llama2_7b.npz
opt_2p7b_l00_o_proj_global_mag_s70,OPT-2.7B,opt_2p7b,model.decoder.layers.0.self_attn.out_proj.weight,opt_2p7b_block_00,0,o_proj,2560x2560,global_mag_s70,unstructured,0.7,,2560,2560,1966080,0.7,746c294c51bfda30,
opt_2p7b_l00_o_proj_wanda_s70,OPT-2.7B,opt_2p7b,model.decoder.layers.0.self_attn.out_proj.weight,opt_2p7b_block_00,0,o_proj,2560x2560,wanda_s70,activation_aware_unstructured,0.7,,2560,2560,1966080,0.7,014cfb49c6d133cb,opt_2p7b.npz
opt_2p7b_l00_o_proj_global_mag_s80,OPT-2.7B,opt_2p7b,model.decoder.layers.0.self_attn.out_proj.weight,opt_2p7b_block_00,0,o_proj,2560x2560,global_mag_s80,unstructured,0.8,,2560,2560,1310720,0.8,b1666bda5af8da37,
opt_2p7b_l00_o_proj_wanda_s80,OPT-2.7B,opt_2p7b,model.decoder.layers.0.self_attn.out_proj.weight,opt_2p7b_block_00,0,o_proj,2560x2560,wanda_s80,activation_aware_unstructured,0.8,,2560,2560,1310720,0.8,717543f011a3b526,opt_2p7b.npz
opt_2p7b_l00_o_proj_global_mag_s90,OPT-2.7B,opt_2p7b,model.decoder.layers.0.self_attn.out_proj.weight,opt_2p7b_block_00,0,o_proj,2560x2560,global_mag_s90,unstructured,0.9,,2560,2560,655360,0.9,ea5fde827c615073,
opt_2p7b_l00_o_proj_wanda_s90,OPT-2.7B,opt_2p7b,model.decoder.layers.0.self_attn.out_proj.weight,opt_2p7b_block_00,0,o_proj,2560x2560,wanda_s90,activation_aware_unstructured,0.9,,2560,2560,655360,0.9,41c5038497c7f10d,opt_2p7b.npz
opt_2p7b_l00_q_proj_global_mag_s70,OPT-2.7B,opt_2p7b,model.decoder.layers.0.self_attn.q_proj.weight,opt_2p7b_block_00,0,q_proj,2560x2560,global_mag_s70,unstructured,0.7,,2560,2560,1966080,0.7,5a099f408adc76fa,
opt_2p7b_l00_q_proj_wanda_s70,OPT-2.7B,opt_2p7b,model.decoder.layers.0.self_attn.q_proj.weight,opt_2p7b_block_00,0,q_proj,2560x2560,wanda_s70,activation_aware_unstructured,0.7,,2560,2560,1966080,0.7,e093d4e12794ef2e,opt_2p7b.npz
opt_2p7b_l00_q_proj_global_mag_s80,OPT-2.7B,opt_2p7b,model.decoder.layers.0.self_attn.q_proj.weight,opt_2p7b_block_00,0,q_proj,2560x2560,global_mag_s80,unstructured,0.8,,2560,2560,1310720,0.8,8a44033c1d92fe6f,
opt_2p7b_l00_q_proj_wanda_s80,OPT-2.7B,opt_2p7b,model.decoder.layers.0.self_attn.q_proj.weight,opt_2p7b_block_00,0,q_proj,2560x2560,wanda_s80,activation_aware_unstructured,0.8,,2560,2560,1310720,0.8,7720bb43bee0ef2a,opt_2p7b.npz
opt_2p7b_l00_q_proj_global_mag_s90,OPT-2.7B,opt_2p7b,model.decoder.layers.0.self_attn.q_proj.weight,opt_2p7b_block_00,0,q_proj,2560x2560,global_mag_s90,unstructured,0.9,,2560,2560,655360,0.9,7fe7f4fd1343b183,
opt_2p7b_l00_q_proj_wanda_s90,OPT-2.7B,opt_2p7b,model.decoder.layers.0.self_attn.q_proj.weight,opt_2p7b_block_00,0,q_proj,2560x2560,wanda_s90,activation_aware_unstructured,0.9,,2560,2560,655360,0.9,4ae733a32ff60e42,opt_2p7b.npz
opt_2p7b_l04_o_proj_global_mag_s70,OPT-2.7B,opt_2p7b,model.decoder.layers.4.self_attn.out_proj.weight,opt_2p7b_block_04,4,o_proj,2560x2560,global_mag_s70,unstructured,0.7,,2560,2560,1966080,0.7,5aea864b49c17e4f,
opt_2p7b_l04_o_proj_wanda_s70,OPT-2.7B,opt_2p7b,model.decoder.layers.4.self_attn.out_proj.weight,opt_2p7b_block_04,4,o_proj,2560x2560,wanda_s70,activation_aware_unstructured,0.7,,2560,2560,1966080,0.7,cd1ee32d16bec4b0,opt_2p7b.npz
opt_2p7b_l04_o_proj_global_mag_s80,OPT-2.7B,opt_2p7b,model.decoder.layers.4.self_attn.out_proj.weight,opt_2p7b_block_04,4,o_proj,2560x2560,global_mag_s80,unstructured,0.8,,2560,2560,1310720,0.8,24733bc9c55448f6,
opt_2p7b_l04_o_proj_wanda_s80,OPT-2.7B,opt_2p7b,model.decoder.layers.4.self_attn.out_proj.weight,opt_2p7b_block_04,4,o_proj,2560x2560,wanda_s80,activation_aware_unstructured,0.8,,2560,2560,1310720,0.8,beb1f32ceae4cf60,opt_2p7b.npz
opt_2p7b_l04_o_proj_global_mag_s90,OPT-2.7B,opt_2p7b,model.decoder.layers.4.self_attn.out_proj.weight,opt_2p7b_block_04,4,o_proj,2560x2560,global_mag_s90,unstructured,0.9,,2560,2560,655360,0.9,eec59030f6678ed9,
opt_2p7b_l04_o_proj_wanda_s90,OPT-2.7B,opt_2p7b,model.decoder.layers.4.self_attn.out_proj.weight,opt_2p7b_block_04,4,o_proj,2560x2560,wanda_s90,activation_aware_unstructured,0.9,,2560,2560,655360,0.9,f1f24560d8d6e9b6,opt_2p7b.npz
opt_2p7b_l04_q_proj_global_mag_s70,OPT-2.7B,opt_2p7b,model.decoder.layers.4.self_attn.q_proj.weight,opt_2p7b_block_04,4,q_proj,2560x2560,global_mag_s70,unstructured,0.7,,2560,2560,1966080,0.7,8d420ee8cfe3fee7,
opt_2p7b_l04_q_proj_wanda_s70,OPT-2.7B,opt_2p7b,model.decoder.layers.4.self_attn.q_proj.weight,opt_2p7b_block_04,4,q_proj,2560x2560,wanda_s70,activation_aware_unstructured,0.7,,2560,2560,1966080,0.7,21f1644ab03a5c62,opt_2p7b.npz
opt_2p7b_l04_q_proj_global_mag_s80,OPT-2.7B,opt_2p7b,model.decoder.layers.4.self_attn.q_proj.weight,opt_2p7b_block_04,4,q_proj,2560x2560,global_mag_s80,unstructured,0.8,,2560,2560,1310720,0.8,50dbce0b07127f16,
opt_2p7b_l04_q_proj_wanda_s80,OPT-2.7B,opt_2p7b,model.decoder.layers.4.self_attn.q_proj.weight,opt_2p7b_block_04,4,q_proj,2560x2560,wanda_s80,activation_aware_unstructured,0.8,,2560,2560,1310720,0.8,fb2a74205cbe84b3,opt_2p7b.npz
opt_2p7b_l04_q_proj_global_mag_s90,OPT-2.7B,opt_2p7b,model.decoder.layers.4.self_attn.q_proj.weight,opt_2p7b_block_04,4,q_proj,2560x2560,global_mag_s90,unstructured,0.9,,2560,2560,655360,0.9,eb15790ae3e3a83c,
opt_2p7b_l04_q_proj_wanda_s90,OPT-2.7B,opt_2p7b,model.decoder.layers.4.self_attn.q_proj.weight,opt_2p7b_block_04,4,q_proj,2560x2560,wanda_s90,activation_aware_unstructured,0.9,,2560,2560,655360,0.9,ebee5ac78e69a39b,opt_2p7b.npz
opt_2p7b_l08_o_proj_global_mag_s70,OPT-2.7B,opt_2p7b,model.decoder.layers.8.self_attn.out_proj.weight,opt_2p7b_block_08,8,o_proj,2560x2560,global_mag_s70,unstructured,0.7,,2560,2560,1966080,0.7,c6f9d9938e54846d,
opt_2p7b_l08_o_proj_wanda_s70,OPT-2.7B,opt_2p7b,model.decoder.layers.8.self_attn.out_proj.weight,opt_2p7b_block_08,8,o_proj,2560x2560,wanda_s70,activation_aware_unstructured,0.7,,2560,2560,1966080,0.7,fca1273eb1914b29,opt_2p7b.npz
opt_2p7b_l08_o_proj_global_mag_s80,OPT-2.7B,opt_2p7b,model.decoder.layers.8.self_attn.out_proj.weight,opt_2p7b_block_08,8,o_proj,2560x2560,global_mag_s80,unstructured,0.8,,2560,2560,1310720,0.8,2ab1619ba1bee6af,
opt_2p7b_l08_o_proj_wanda_s80,OPT-2.7B,opt_2p7b,model.decoder.layers.8.self_attn.out_proj.weight,opt_2p7b_block_08,8,o_proj,2560x2560,wanda_s80,activation_aware_unstructured,0.8,,2560,2560,1310720,0.8,2cd415014e01925e,opt_2p7b.npz
opt_2p7b_l08_o_proj_global_mag_s90,OPT-2.7B,opt_2p7b,model.decoder.layers.8.self_attn.out_proj.weight,opt_2p7b_block_08,8,o_proj,2560x2560,global_mag_s90,unstructured,0.9,,2560,2560,655360,0.9,4376861b9b432bd3,
opt_2p7b_l08_o_proj_wanda_s90,OPT-2.7B,opt_2p7b,model.decoder.layers.8.self_attn.out_proj.weight,opt_2p7b_block_08,8,o_proj,2560x2560,wanda_s90,activation_aware_unstructured,0.9,,2560,2560,655360,0.9,f8e275d13a503dae,opt_2p7b.npz
opt_2p7b_l08_q_proj_global_mag_s70,OPT-2.7B,opt_2p7b,model.decoder.layers.8.self_attn.q_proj.weight,opt_2p7b_block_08,8,q_proj,2560x2560,global_mag_s70,unstructured,0.7,,2560,2560,1966080,0.7,08be9743f9d3bf4f,
opt_2p7b_l08_q_proj_wanda_s70,OPT-2.7B,opt_2p7b,model.decoder.layers.8.self_attn.q_proj.weight,opt_2p7b_block_08,8,q_proj,2560x2560,wanda_s70,activation_aware_unstructured,0.7,,2560,2560,1966080,0.7,d091918663ce99ae,opt_2p7b.npz
opt_2p7b_l08_q_proj_global_mag_s80,OPT-2.7B,opt_2p7b,model.decoder.layers.8.self_attn.q_proj.weight,opt_2p7b_block_08,8,q_proj,2560x2560,global_mag_s80,unstructured,0.8,,2560,2560,1310720,0.8,31aa3ee8638eaba4,
opt_2p7b_l08_q_proj_wanda_s80,OPT-2.7B,opt_2p7b,model.decoder.layers.8.self_attn.q_proj.weight,opt_2p7b_block_08,8,q_proj,2560x2560,wanda_s80,activation_aware_unstructured,0.8,,2560,2560,1310720,0.8,828077d8408448ff,opt_2p7b.npz
opt_2p7b_l08_q_proj_global_mag_s90,OPT-2.7B,opt_2p7b,model.decoder.layers.8.self_attn.q_proj.weight,opt_2p7b_block_08,8,q_proj,2560x2560,global_mag_s90,unstructured,0.9,,2560,2560,655360,0.9,4ef69daf39fcb7a4,
opt_2p7b_l08_q_proj_wanda_s90,OPT-2.7B,opt_2p7b,model.decoder.layers.8.self_attn.q_proj.weight,opt_2p7b_block_08,8,q_proj,2560x2560,wanda_s90,activation_aware_unstructured,0.9,,2560,2560,655360,0.9,87df56caba7c9ace,opt_2p7b.npz
opt_2p7b_l13_o_proj_global_mag_s70,OPT-2.7B,opt_2p7b,model.decoder.layers.13.self_attn.out_proj.weight,opt_2p7b_block_13,13,o_proj,2560x2560,global_mag_s70,unstructured,0.7,,2560,2560,1966080,0.7,3436a4884b4beee6,
opt_2p7b_l13_o_proj_wanda_s70,OPT-2.7B,opt_2p7b,model.decoder.layers.13.self_attn.out_proj.weight,opt_2p7b_block_13,13,o_proj,2560x2560,wanda_s70,activation_aware_unstructured,0.7,,2560,2560,1966080,0.7,8c99993562a9eff7,opt_2p7b.npz
opt_2p7b_l13_o_proj_global_mag_s80,OPT-2.7B,opt_2p7b,model.decoder.layers.13.self_attn.out_proj.weight,opt_2p7b_block_13,13,o_proj,2560x2560,global_mag_s80,unstructured,0.8,,2560,2560,1310720,0.8,7256f0f9368ba673,
opt_2p7b_l13_o_proj_wanda_s80,OPT-2.7B,opt_2p7b,model.decoder.layers.13.self_attn.out_proj.weight,opt_2p7b_block_13,13,o_proj,2560x2560,wanda_s80,activation_aware_unstructured,0.8,,2560,2560,1310720,0.8,d142c61ed5acc540,opt_2p7b.npz
opt_2p7b_l13_o_proj_global_mag_s90,OPT-2.7B,opt_2p7b,model.decoder.layers.13.self_attn.out_proj.weight,opt_2p7b_block_13,13,o_proj,2560x2560,global_mag_s90,unstructured,0.9,,2560,2560,655360,0.9,e5069a4422388807,
opt_2p7b_l13_o_proj_wanda_s90,OPT-2.7B,opt_2p7b,model.decoder.layers.13.self_attn.out_proj.weight,opt_2p7b_block_13,13,o_proj,2560x2560,wanda_s90,activation_aware_unstructured,0.9,,2560,2560,655360,0.9,07be6d623d234df7,opt_2p7b.npz
opt_2p7b_l13_q_proj_global_mag_s70,OPT-2.7B,opt_2p7b,model.decoder.layers.13.self_attn.q_proj.weight,opt_2p7b_block_13,13,q_proj,2560x2560,global_mag_s70,unstructured,0.7,,2560,2560,1966080,0.7,a6cfe46f118286d2,
opt_2p7b_l13_q_proj_wanda_s70,OPT-2.7B,opt_2p7b,model.decoder.layers.13.self_attn.q_proj.weight,opt_2p7b_block_13,13,q_proj,2560x2560,wanda_s70,activation_aware_unstructured,0.7,,2560,2560,1966080,0.7,c8db8e3da40d17c0,opt_2p7b.npz
opt_2p7b_l13_q_proj_global_mag_s80,OPT-2.7B,opt_2p7b,model.decoder.layers.13.self_attn.q_proj.weight,opt_2p7b_block_13,13,q_proj,2560x2560,global_mag_s80,unstructured,0.8,,2560,2560,1310720,0.8,3d519ca51001d4bd,
opt_2p7b_l13_q_proj_wanda_s80,OPT-2.7B,opt_2p7b,model.decoder.layers.13.self_attn.q_proj.weight,opt_2p7b_block_13,13,q_proj,2560x2560,wanda_s80,activation_aware_unstructured,0.8,,2560,2560,1310720,0.8,cea3c647d36ee144,opt_2p7b.npz
opt_2p7b_l13_q_proj_global_mag_s90,OPT-2.7B,opt_2p7b,model.decoder.layers.13.self_attn.q_proj.weight,opt_2p7b_block_13,13,q_proj,2560x2560,global_mag_s90,unstructured,0.9,,2560,2560,655360,0.9,82dcd7503e19b8ca,
opt_2p7b_l13_q_proj_wanda_s90,OPT-2.7B,opt_2p7b,model.decoder.layers.13.self_attn.q_proj.weight,opt_2p7b_block_13,13,q_proj,2560x2560,wanda_s90,activation_aware_unstructured,0.9,,2560,2560,655360,0.9,f1efebef6c06dd4b,opt_2p7b.npz
opt_2p7b_l18_o_proj_global_mag_s70,OPT-2.7B,opt_2p7b,model.decoder.layers.18.self_attn.out_proj.weight,opt_2p7b_block_18,18,o_proj,2560x2560,global_mag_s70,unstructured,0.7,,2560,2560,1966080,0.7,1737e94c9dfda159,
opt_2p7b_l18_o_proj_wanda_s70,OPT-2.7B,opt_2p7b,model.decoder.layers.18.self_attn.out_proj.weight,opt_2p7b_block_18,18,o_proj,2560x2560,wanda_s70,activation_aware_unstructured,0.7,,2560,2560,1966080,0.7,e97e31918b7a4e81,opt_2p7b.npz
opt_2p7b_l18_o_proj_global_mag_s80,OPT-2.7B,opt_2p7b,model.decoder.layers.18.self_attn.out_proj.weight,opt_2p7b_block_18,18,o_proj,2560x2560,global_mag_s80,unstructured,0.8,,2560,2560,1310720,0.8,b76db677d293f859,
opt_2p7b_l18_o_proj_wanda_s80,OPT-2.7B,opt_2p7b,model.decoder.layers.18.self_attn.out_proj.weight,opt_2p7b_block_18,18,o_proj,2560x2560,wanda_s80,activation_aware_unstructured,0.8,,2560,2560,1310720,0.8,574d4614d65ef25e,opt_2p7b.npz
opt_2p7b_l18_o_proj_global_mag_s90,OPT-2.7B,opt_2p7b,model.decoder.layers.18.self_attn.out_proj.weight,opt_2p7b_block_18,18,o_proj,2560x2560,global_mag_s90,unstructured,0.9,,2560,2560,655360,0.9,b7449e687aabf08c,
opt_2p7b_l18_o_proj_wanda_s90,OPT-2.7B,opt_2p7b,model.decoder.layers.18.self_attn.out_proj.weight,opt_2p7b_block_18,18,o_proj,2560x2560,wanda_s90,activation_aware_unstructured,0.9,,2560,2560,655360,0.9,f15aafeb7ecc7dec,opt_2p7b.npz
opt_2p7b_l18_q_proj_global_mag_s70,OPT-2.7B,opt_2p7b,model.decoder.layers.18.self_attn.q_proj.weight,opt_2p7b_block_18,18,q_proj,2560x2560,global_mag_s70,unstructured,0.7,,2560,2560,1966080,0.7,820f9c7825e587ad,
opt_2p7b_l18_q_proj_wanda_s70,OPT-2.7B,opt_2p7b,model.decoder.layers.18.self_attn.q_proj.weight,opt_2p7b_block_18,18,q_proj,2560x2560,wanda_s70,activation_aware_unstructured,0.7,,2560,2560,1966080,0.7,1005555c8787275e,opt_2p7b.npz
opt_2p7b_l18_q_proj_global_mag_s80,OPT-2.7B,opt_2p7b,model.decoder.layers.18.self_attn.q_proj.weight,opt_2p7b_block_18,18,q_proj,2560x2560,global_mag_s80,unstructured,0.8,,2560,2560,1310720,0.8,30db5b636a260774,
opt_2p7b_l18_q_proj_wanda_s80,OPT-2.7B,opt_2p7b,model.decoder.layers.18.self_attn.q_proj.weight,opt_2p7b_block_18,18,q_proj,2560x2560,wanda_s80,activation_aware_unstructured,0.8,,2560,2560,1310720,0.8,55673ab343bb3fa8,opt_2p7b.npz
opt_2p7b_l18_q_proj_global_mag_s90,OPT-2.7B,opt_2p7b,model.decoder.layers.18.self_attn.q_proj.weight,opt_2p7b_block_18,18,q_proj,2560x2560,global_mag_s90,unstructured,0.9,,2560,2560,655360,0.9,afe8762e94d5e464,
opt_2p7b_l18_q_proj_wanda_s90,OPT-2.7B,opt_2p7b,model.decoder.layers.18.self_attn.q_proj.weight,opt_2p7b_block_18,18,q_proj,2560x2560,wanda_s90,activation_aware_unstructured,0.9,,2560,2560,655360,0.9,3c5b9a952dece36b,opt_2p7b.npz
opt_2p7b_l22_o_proj_global_mag_s70,OPT-2.7B,opt_2p7b,model.decoder.layers.22.self_attn.out_proj.weight,opt_2p7b_block_22,22,o_proj,2560x2560,global_mag_s70,unstructured,0.7,,2560,2560,1966080,0.7,f74b47c2ad68f974,
opt_2p7b_l22_o_proj_wanda_s70,OPT-2.7B,opt_2p7b,model.decoder.layers.22.self_attn.out_proj.weight,opt_2p7b_block_22,22,o_proj,2560x2560,wanda_s70,activation_aware_unstructured,0.7,,2560,2560,1966080,0.7,f05e0bcc30e6d7fe,opt_2p7b.npz
opt_2p7b_l22_o_proj_global_mag_s80,OPT-2.7B,opt_2p7b,model.decoder.layers.22.self_attn.out_proj.weight,opt_2p7b_block_22,22,o_proj,2560x2560,global_mag_s80,unstructured,0.8,,2560,2560,1310720,0.8,ed77b5d838e36ab6,
opt_2p7b_l22_o_proj_wanda_s80,OPT-2.7B,opt_2p7b,model.decoder.layers.22.self_attn.out_proj.weight,opt_2p7b_block_22,22,o_proj,2560x2560,wanda_s80,activation_aware_unstructured,0.8,,2560,2560,1310720,0.8,a95779aeaffefa52,opt_2p7b.npz
opt_2p7b_l22_o_proj_global_mag_s90,OPT-2.7B,opt_2p7b,model.decoder.layers.22.self_attn.out_proj.weight,opt_2p7b_block_22,22,o_proj,2560x2560,global_mag_s90,unstructured,0.9,,2560,2560,655360,0.9,9442b1f5cb9cde51,
opt_2p7b_l22_o_proj_wanda_s90,OPT-2.7B,opt_2p7b,model.decoder.layers.22.self_attn.out_proj.weight,opt_2p7b_block_22,22,o_proj,2560x2560,wanda_s90,activation_aware_unstructured,0.9,,2560,2560,655360,0.9,e0d79d8945e17622,opt_2p7b.npz
opt_2p7b_l22_q_proj_global_mag_s70,OPT-2.7B,opt_2p7b,model.decoder.layers.22.self_attn.q_proj.weight,opt_2p7b_block_22,22,q_proj,2560x2560,global_mag_s70,unstructured,0.7,,2560,2560,1966080,0.7,4d12d46d299820eb,
opt_2p7b_l22_q_proj_wanda_s70,OPT-2.7B,opt_2p7b,model.decoder.layers.22.self_attn.q_proj.weight,opt_2p7b_block_22,22,q_proj,2560x2560,wanda_s70,activation_aware_unstructured,0.7,,2560,2560,1966080,0.7,72368746d1eff9b3,opt_2p7b.npz
opt_2p7b_l22_q_proj_global_mag_s80,OPT-2.7B,opt_2p7b,model.decoder.layers.22.self_attn.q_proj.weight,opt_2p7b_block_22,22,q_proj,2560x2560,global_mag_s80,unstructured,0.8,,2560,2560,1310720,0.8,c6af66f3bfc9b77e,
opt_2p7b_l22_q_proj_wanda_s80,OPT-2.7B,opt_2p7b,model.decoder.layers.22.self_attn.q_proj.weight,opt_2p7b_block_22,22,q_proj,2560x2560,wanda_s80,activation_aware_unstructured,0.8,,2560,2560,1310720,0.8,5b6106378d2ed22d,opt_2p7b.npz
opt_2p7b_l22_q_proj_global_mag_s90,OPT-2.7B,opt_2p7b,model.decoder.layers.22.self_attn.q_proj.weight,opt_2p7b_block_22,22,q_proj,2560x2560,global_mag_s90,unstructured,0.9,,2560,2560,655360,0.9,22c0084f72d4d5a8,
opt_2p7b_l22_q_proj_wanda_s90,OPT-2.7B,opt_2p7b,model.decoder.layers.22.self_attn.q_proj.weight,opt_2p7b_block_22,22,q_proj,2560x2560,wanda_s90,activation_aware_unstructured,0.9,,2560,2560,655360,0.9,d7a07c2ec897d81b,opt_2p7b.npz
opt_2p7b_l27_o_proj_global_mag_s70,OPT-2.7B,opt_2p7b,model.decoder.layers.27.self_attn.out_proj.weight,opt_2p7b_block_27,27,o_proj,2560x2560,global_mag_s70,unstructured,0.7,,2560,2560,1966080,0.7,49db9874e7f3452c,
opt_2p7b_l27_o_proj_wanda_s70,OPT-2.7B,opt_2p7b,model.decoder.layers.27.self_attn.out_proj.weight,opt_2p7b_block_27,27,o_proj,2560x2560,wanda_s70,activation_aware_unstructured,0.7,,2560,2560,1966080,0.7,03b822e5df4c6897,opt_2p7b.npz
opt_2p7b_l27_o_proj_global_mag_s80,OPT-2.7B,opt_2p7b,model.decoder.layers.27.self_attn.out_proj.weight,opt_2p7b_block_27,27,o_proj,2560x2560,global_mag_s80,unstructured,0.8,,2560,2560,1310720,0.8,35160b44623a0fe9,
opt_2p7b_l27_o_proj_wanda_s80,OPT-2.7B,opt_2p7b,model.decoder.layers.27.self_attn.out_proj.weight,opt_2p7b_block_27,27,o_proj,2560x2560,wanda_s80,activation_aware_unstructured,0.8,,2560,2560,1310720,0.8,dd4c4a8c17c3c3a0,opt_2p7b.npz
opt_2p7b_l27_o_proj_global_mag_s90,OPT-2.7B,opt_2p7b,model.decoder.layers.27.self_attn.out_proj.weight,opt_2p7b_block_27,27,o_proj,2560x2560,global_mag_s90,unstructured,0.9,,2560,2560,655360,0.9,18410fd2e5214743,
opt_2p7b_l27_o_proj_wanda_s90,OPT-2.7B,opt_2p7b,model.decoder.layers.27.self_attn.out_proj.weight,opt_2p7b_block_27,27,o_proj,2560x2560,wanda_s90,activation_aware_unstructured,0.9,,2560,2560,655360,0.9,4bf41b6a5ba36518,opt_2p7b.npz
opt_2p7b_l27_q_proj_global_mag_s70,OPT-2.7B,opt_2p7b,model.decoder.layers.27.self_attn.q_proj.weight,opt_2p7b_block_27,27,q_proj,2560x2560,global_mag_s70,unstructured,0.7,,2560,2560,1966080,0.7,c1ba1ab70cf6ed1d,
opt_2p7b_l27_q_proj_wanda_s70,OPT-2.7B,opt_2p7b,model.decoder.layers.27.self_attn.q_proj.weight,opt_2p7b_block_27,27,q_proj,2560x2560,wanda_s70,activation_aware_unstructured,0.7,,2560,2560,1966080,0.7,daedce5b610fb8b1,opt_2p7b.npz
opt_2p7b_l27_q_proj_global_mag_s80,OPT-2.7B,opt_2p7b,model.decoder.layers.27.self_attn.q_proj.weight,opt_2p7b_block_27,27,q_proj,2560x2560,global_mag_s80,unstructured,0.8,,2560,2560,1310720,0.8,cced83ca190eb9bc,
opt_2p7b_l27_q_proj_wanda_s80,OPT-2.7B,opt_2p7b,model.decoder.layers.27.self_attn.q_proj.weight,opt_2p7b_block_27,27,q_proj,2560x2560,wanda_s80,activation_aware_unstructured,0.8,,2560,2560,1310720,0.8,2b39d473ebb75552,opt_2p7b.npz
opt_2p7b_l27_q_proj_global_mag_s90,OPT-2.7B,opt_2p7b,model.decoder.layers.27.self_attn.q_proj.weight,opt_2p7b_block_27,27,q_proj,2560x2560,global_mag_s90,unstructured,0.9,,2560,2560,655360,0.9,eae3865ebace5aac,
opt_2p7b_l27_q_proj_wanda_s90,OPT-2.7B,opt_2p7b,model.decoder.layers.27.self_attn.q_proj.weight,opt_2p7b_block_27,27,q_proj,2560x2560,wanda_s90,activation_aware_unstructured,0.9,,2560,2560,655360,0.9,10713163bfddea19,opt_2p7b.npz
opt_2p7b_l31_o_proj_global_mag_s70,OPT-2.7B,opt_2p7b,model.decoder.layers.31.self_attn.out_proj.weight,opt_2p7b_block_31,31,o_proj,2560x2560,global_mag_s70,unstructured,0.7,,2560,2560,1966080,0.7,23d128f0618201a1,
opt_2p7b_l31_o_proj_wanda_s70,OPT-2.7B,opt_2p7b,model.decoder.layers.31.self_attn.out_proj.weight,opt_2p7b_block_31,31,o_proj,2560x2560,wanda_s70,activation_aware_unstructured,0.7,,2560,2560,1966080,0.7,1c19190980330e79,opt_2p7b.npz
opt_2p7b_l31_o_proj_global_mag_s80,OPT-2.7B,opt_2p7b,model.decoder.layers.31.self_attn.out_proj.weight,opt_2p7b_block_31,31,o_proj,2560x2560,global_mag_s80,unstructured,0.8,,2560,2560,1310720,0.8,5d04c7a709083c89,
opt_2p7b_l31_o_proj_wanda_s80,OPT-2.7B,opt_2p7b,model.decoder.layers.31.self_attn.out_proj.weight,opt_2p7b_block_31,31,o_proj,2560x2560,wanda_s80,activation_aware_unstructured,0.8,,2560,2560,1310720,0.8,da7ebb4c7ace7786,opt_2p7b.npz
opt_2p7b_l31_o_proj_global_mag_s90,OPT-2.7B,opt_2p7b,model.decoder.layers.31.self_attn.out_proj.weight,opt_2p7b_block_31,31,o_proj,2560x2560,global_mag_s90,unstructured,0.9,,2560,2560,655360,0.9,9865c004be6f4e71,
opt_2p7b_l31_o_proj_wanda_s90,OPT-2.7B,opt_2p7b,model.decoder.layers.31.self_attn.out_proj.weight,opt_2p7b_block_31,31,o_proj,2560x2560,wanda_s90,activation_aware_unstructured,0.9,,2560,2560,655360,0.9,6d2c0bd9408640c0,opt_2p7b.npz
opt_2p7b_l31_q_proj_global_mag_s70,OPT-2.7B,opt_2p7b,model.decoder.layers.31.self_attn.q_proj.weight,opt_2p7b_block_31,31,q_proj,2560x2560,global_mag_s70,unstructured,0.7,,2560,2560,1966080,0.7,ef5d553e5e4f7d04,
opt_2p7b_l31_q_proj_wanda_s70,OPT-2.7B,opt_2p7b,model.decoder.layers.31.self_attn.q_proj.weight,opt_2p7b_block_31,31,q_proj,2560x2560,wanda_s70,activation_aware_unstructured,0.7,,2560,2560,1966080,0.7,e560611f05b6d160,opt_2p7b.npz
opt_2p7b_l31_q_proj_global_mag_s80,OPT-2.7B,opt_2p7b,model.decoder.layers.31.self_attn.q_proj.weight,opt_2p7b_block_31,31,q_proj,2560x2560,global_mag_s80,unstructured,0.8,,2560,2560,1310720,0.8,b7fd2df32ea55764,
opt_2p7b_l31_q_proj_wanda_s80,OPT-2.7B,opt_2p7b,model.decoder.layers.31.self_attn.q_proj.weight,opt_2p7b_block_31,31,q_proj,2560x2560,wanda_s80,activation_aware_unstructured,0.8,,2560,2560,1310720,0.8,d0e72cf76f185d75,opt_2p7b.npz
opt_2p7b_l31_q_proj_global_mag_s90,OPT-2.7B,opt_2p7b,model.decoder.layers.31.self_attn.q_proj.weight,opt_2p7b_block_31,31,q_proj,2560x2560,global_mag_s90,unstructured,0.9,,2560,2560,655360,0.9,b2cf16be009bd1a4,
opt_2p7b_l31_q_proj_wanda_s90,OPT-2.7B,opt_2p7b,model.decoder.layers.31.self_attn.q_proj.weight,opt_2p7b_block_31,31,q_proj,2560x2560,wanda_s90,activation_aware_unstructured,0.9,,2560,2560,655360,0.9,65db8d61a98583de,opt_2p7b.npz
mistral7b_v03_l00_o_proj_global_mag_s70,Mistral-7B-v0.3,mistral7b_v03,model.layers.0.self_attn.o_proj.weight,mistral7b_v03_block_00,0,o_proj,4096x4096,global_mag_s70,unstructured,0.7,,4096,4096,5033165,0.699999988079071,89fd5f239c31eb35,
mistral7b_v03_l00_o_proj_wanda_s70,Mistral-7B-v0.3,mistral7b_v03,model.layers.0.self_attn.o_proj.weight,mistral7b_v03_block_00,0,o_proj,4096x4096,wanda_s70,activation_aware_unstructured,0.7,,4096,4096,5033165,0.699999988079071,88b8b0d8eab27d5b,mistral7b_v03.npz
mistral7b_v03_l00_o_proj_global_mag_s80,Mistral-7B-v0.3,mistral7b_v03,model.layers.0.self_attn.o_proj.weight,mistral7b_v03_block_00,0,o_proj,4096x4096,global_mag_s80,unstructured,0.8,,4096,4096,3355443,0.800000011920929,870a3876f7346928,
mistral7b_v03_l00_o_proj_wanda_s80,Mistral-7B-v0.3,mistral7b_v03,model.layers.0.self_attn.o_proj.weight,mistral7b_v03_block_00,0,o_proj,4096x4096,wanda_s80,activation_aware_unstructured,0.8,,4096,4096,3355443,0.800000011920929,30fbb1c27de9cda3,mistral7b_v03.npz
mistral7b_v03_l00_o_proj_global_mag_s90,Mistral-7B-v0.3,mistral7b_v03,model.layers.0.self_attn.o_proj.weight,mistral7b_v03_block_00,0,o_proj,4096x4096,global_mag_s90,unstructured,0.9,,4096,4096,1677722,0.8999999761581421,743ac5443572c068,
mistral7b_v03_l00_o_proj_wanda_s90,Mistral-7B-v0.3,mistral7b_v03,model.layers.0.self_attn.o_proj.weight,mistral7b_v03_block_00,0,o_proj,4096x4096,wanda_s90,activation_aware_unstructured,0.9,,4096,4096,1677722,0.8999999761581421,c68b5fb2cb45e9ef,mistral7b_v03.npz
mistral7b_v03_l00_q_proj_global_mag_s70,Mistral-7B-v0.3,mistral7b_v03,model.layers.0.self_attn.q_proj.weight,mistral7b_v03_block_00,0,q_proj,4096x4096,global_mag_s70,unstructured,0.7,,4096,4096,5033165,0.699999988079071,708ab9b42b775469,
mistral7b_v03_l00_q_proj_wanda_s70,Mistral-7B-v0.3,mistral7b_v03,model.layers.0.self_attn.q_proj.weight,mistral7b_v03_block_00,0,q_proj,4096x4096,wanda_s70,activation_aware_unstructured,0.7,,4096,4096,5033165,0.699999988079071,a9d39cb8df822696,mistral7b_v03.npz
mistral7b_v03_l00_q_proj_global_mag_s80,Mistral-7B-v0.3,mistral7b_v03,model.layers.0.self_attn.q_proj.weight,mistral7b_v03_block_00,0,q_proj,4096x4096,global_mag_s80,unstructured,0.8,,4096,4096,3355443,0.800000011920929,397af9f0f3dee2a4,
mistral7b_v03_l00_q_proj_wanda_s80,Mistral-7B-v0.3,mistral7b_v03,model.layers.0.self_attn.q_proj.weight,mistral7b_v03_block_00,0,q_proj,4096x4096,wanda_s80,activation_aware_unstructured,0.8,,4096,4096,3355443,0.800000011920929,aeb6891b7e553a66,mistral7b_v03.npz
mistral7b_v03_l00_q_proj_global_mag_s90,Mistral-7B-v0.3,mistral7b_v03,model.layers.0.self_attn.q_proj.weight,mistral7b_v03_block_00,0,q_proj,4096x4096,global_mag_s90,unstructured,0.9,,4096,4096,1677722,0.8999999761581421,fe432a0fb9fae24e,
mistral7b_v03_l00_q_proj_wanda_s90,Mistral-7B-v0.3,mistral7b_v03,model.layers.0.self_attn.q_proj.weight,mistral7b_v03_block_00,0,q_proj,4096x4096,wanda_s90,activation_aware_unstructured,0.9,,4096,4096,1677722,0.8999999761581421,86a67363149a8ef8,mistral7b_v03.npz
mistral7b_v03_l04_o_proj_global_mag_s70,Mistral-7B-v0.3,mistral7b_v03,model.layers.4.self_attn.o_proj.weight,mistral7b_v03_block_04,4,o_proj,4096x4096,global_mag_s70,unstructured,0.7,,4096,4096,5033165,0.699999988079071,45242714fbf4928b,
mistral7b_v03_l04_o_proj_wanda_s70,Mistral-7B-v0.3,mistral7b_v03,model.layers.4.self_attn.o_proj.weight,mistral7b_v03_block_04,4,o_proj,4096x4096,wanda_s70,activation_aware_unstructured,0.7,,4096,4096,5033165,0.699999988079071,c682d78c2fea9aae,mistral7b_v03.npz
mistral7b_v03_l04_o_proj_global_mag_s80,Mistral-7B-v0.3,mistral7b_v03,model.layers.4.self_attn.o_proj.weight,mistral7b_v03_block_04,4,o_proj,4096x4096,global_mag_s80,unstructured,0.8,,4096,4096,3355443,0.800000011920929,8db56422bfab11ad,
mistral7b_v03_l04_o_proj_wanda_s80,Mistral-7B-v0.3,mistral7b_v03,model.layers.4.self_attn.o_proj.weight,mistral7b_v03_block_04,4,o_proj,4096x4096,wanda_s80,activation_aware_unstructured,0.8,,4096,4096,3355443,0.800000011920929,d4d401737d19ae30,mistral7b_v03.npz
mistral7b_v03_l04_o_proj_global_mag_s90,Mistral-7B-v0.3,mistral7b_v03,model.layers.4.self_attn.o_proj.weight,mistral7b_v03_block_04,4,o_proj,4096x4096,global_mag_s90,unstructured,0.9,,4096,4096,1677722,0.8999999761581421,7cbf58d101ed0bda,
mistral7b_v03_l04_o_proj_wanda_s90,Mistral-7B-v0.3,mistral7b_v03,model.layers.4.self_attn.o_proj.weight,mistral7b_v03_block_04,4,o_proj,4096x4096,wanda_s90,activation_aware_unstructured,0.9,,4096,4096,1677722,0.8999999761581421,4413f21b8c4d90fe,mistral7b_v03.npz
mistral7b_v03_l04_q_proj_global_mag_s70,Mistral-7B-v0.3,mistral7b_v03,model.layers.4.self_attn.q_proj.weight,mistral7b_v03_block_04,4,q_proj,4096x4096,global_mag_s70,unstructured,0.7,,4096,4096,5033165,0.699999988079071,77d5a3a6d649c0b8,
mistral7b_v03_l04_q_proj_wanda_s70,Mistral-7B-v0.3,mistral7b_v03,model.layers.4.self_attn.q_proj.weight,mistral7b_v03_block_04,4,q_proj,4096x4096,wanda_s70,activation_aware_unstructured,0.7,,4096,4096,5033165,0.699999988079071,51d80d098f3ef11a,mistral7b_v03.npz
mistral7b_v03_l04_q_proj_global_mag_s80,Mistral-7B-v0.3,mistral7b_v03,model.layers.4.self_attn.q_proj.weight,mistral7b_v03_block_04,4,q_proj,4096x4096,global_mag_s80,unstructured,0.8,,4096,4096,3355443,0.800000011920929,02a425d70495b64a,
mistral7b_v03_l04_q_proj_wanda_s80,Mistral-7B-v0.3,mistral7b_v03,model.layers.4.self_attn.q_proj.weight,mistral7b_v03_block_04,4,q_proj,4096x4096,wanda_s80,activation_aware_unstructured,0.8,,4096,4096,3355443,0.800000011920929,0eb739b9b07164a7,mistral7b_v03.npz
mistral7b_v03_l04_q_proj_global_mag_s90,Mistral-7B-v0.3,mistral7b_v03,model.layers.4.self_attn.q_proj.weight,mistral7b_v03_block_04,4,q_proj,4096x4096,global_mag_s90,unstructured,0.9,,4096,4096,1677722,0.8999999761581421,7cf901406e33cd22,
mistral7b_v03_l04_q_proj_wanda_s90,Mistral-7B-v0.3,mistral7b_v03,model.layers.4.self_attn.q_proj.weight,mistral7b_v03_block_04,4,q_proj,4096x4096,wanda_s90,activation_aware_unstructured,0.9,,4096,4096,1677722,0.8999999761581421,379d870da79573a9,mistral7b_v03.npz
mistral7b_v03_l08_o_proj_global_mag_s70,Mistral-7B-v0.3,mistral7b_v03,model.layers.8.self_attn.o_proj.weight,mistral7b_v03_block_08,8,o_proj,4096x4096,global_mag_s70,unstructured,0.7,,4096,4096,5033165,0.699999988079071,89b3d3379c6c5333,
mistral7b_v03_l08_o_proj_wanda_s70,Mistral-7B-v0.3,mistral7b_v03,model.layers.8.self_attn.o_proj.weight,mistral7b_v03_block_08,8,o_proj,4096x4096,wanda_s70,activation_aware_unstructured,0.7,,4096,4096,5033165,0.699999988079071,e6b48bb60f68cd40,mistral7b_v03.npz
mistral7b_v03_l08_o_proj_global_mag_s80,Mistral-7B-v0.3,mistral7b_v03,model.layers.8.self_attn.o_proj.weight,mistral7b_v03_block_08,8,o_proj,4096x4096,global_mag_s80,unstructured,0.8,,4096,4096,3355443,0.800000011920929,d9ff1ae56a41ad81,
mistral7b_v03_l08_o_proj_wanda_s80,Mistral-7B-v0.3,mistral7b_v03,model.layers.8.self_attn.o_proj.weight,mistral7b_v03_block_08,8,o_proj,4096x4096,wanda_s80,activation_aware_unstructured,0.8,,4096,4096,3355443,0.800000011920929,605939c5610a1b77,mistral7b_v03.npz
mistral7b_v03_l08_o_proj_global_mag_s90,Mistral-7B-v0.3,mistral7b_v03,model.layers.8.self_attn.o_proj.weight,mistral7b_v03_block_08,8,o_proj,4096x4096,global_mag_s90,unstructured,0.9,,4096,4096,1677722,0.8999999761581421,e0e29d4ae51881c7,
mistral7b_v03_l08_o_proj_wanda_s90,Mistral-7B-v0.3,mistral7b_v03,model.layers.8.self_attn.o_proj.weight,mistral7b_v03_block_08,8,o_proj,4096x4096,wanda_s90,activation_aware_unstructured,0.9,,4096,4096,1677722,0.8999999761581421,0be01f412bd103ee,mistral7b_v03.npz
mistral7b_v03_l08_q_proj_global_mag_s70,Mistral-7B-v0.3,mistral7b_v03,model.layers.8.self_attn.q_proj.weight,mistral7b_v03_block_08,8,q_proj,4096x4096,global_mag_s70,unstructured,0.7,,4096,4096,5033165,0.699999988079071,44617f2803c63f60,
mistral7b_v03_l08_q_proj_wanda_s70,Mistral-7B-v0.3,mistral7b_v03,model.layers.8.self_attn.q_proj.weight,mistral7b_v03_block_08,8,q_proj,4096x4096,wanda_s70,activation_aware_unstructured,0.7,,4096,4096,5033165,0.699999988079071,4f2bd0b014ee9538,mistral7b_v03.npz
mistral7b_v03_l08_q_proj_global_mag_s80,Mistral-7B-v0.3,mistral7b_v03,model.layers.8.self_attn.q_proj.weight,mistral7b_v03_block_08,8,q_proj,4096x4096,global_mag_s80,unstructured,0.8,,4096,4096,3355443,0.800000011920929,f34a73b4e28a4aa6,
mistral7b_v03_l08_q_proj_wanda_s80,Mistral-7B-v0.3,mistral7b_v03,model.layers.8.self_attn.q_proj.weight,mistral7b_v03_block_08,8,q_proj,4096x4096,wanda_s80,activation_aware_unstructured,0.8,,4096,4096,3355443,0.800000011920929,482bfdd8ab405e37,mistral7b_v03.npz
mistral7b_v03_l08_q_proj_global_mag_s90,Mistral-7B-v0.3,mistral7b_v03,model.layers.8.self_attn.q_proj.weight,mistral7b_v03_block_08,8,q_proj,4096x4096,global_mag_s90,unstructured,0.9,,4096,4096,1677722,0.8999999761581421,dde13537951acc44,
mistral7b_v03_l08_q_proj_wanda_s90,Mistral-7B-v0.3,mistral7b_v03,model.layers.8.self_attn.q_proj.weight,mistral7b_v03_block_08,8,q_proj,4096x4096,wanda_s90,activation_aware_unstructured,0.9,,4096,4096,1677722,0.8999999761581421,0bfb684427924385,mistral7b_v03.npz
mistral7b_v03_l13_o_proj_global_mag_s70,Mistral-7B-v0.3,mistral7b_v03,model.layers.13.self_attn.o_proj.weight,mistral7b_v03_block_13,13,o_proj,4096x4096,global_mag_s70,unstructured,0.7,,4096,4096,5033165,0.699999988079071,c7d0f81c7b1a4465,
mistral7b_v03_l13_o_proj_wanda_s70,Mistral-7B-v0.3,mistral7b_v03,model.layers.13.self_attn.o_proj.weight,mistral7b_v03_block_13,13,o_proj,4096x4096,wanda_s70,activation_aware_unstructured,0.7,,4096,4096,5033165,0.699999988079071,127ddad46827e753,mistral7b_v03.npz
mistral7b_v03_l13_o_proj_global_mag_s80,Mistral-7B-v0.3,mistral7b_v03,model.layers.13.self_attn.o_proj.weight,mistral7b_v03_block_13,13,o_proj,4096x4096,global_mag_s80,unstructured,0.8,,4096,4096,3355443,0.800000011920929,9e0ffb2be08e0d7d,
mistral7b_v03_l13_o_proj_wanda_s80,Mistral-7B-v0.3,mistral7b_v03,model.layers.13.self_attn.o_proj.weight,mistral7b_v03_block_13,13,o_proj,4096x4096,wanda_s80,activation_aware_unstructured,0.8,,4096,4096,3355443,0.800000011920929,a7a9d5ace260e296,mistral7b_v03.npz
mistral7b_v03_l13_o_proj_global_mag_s90,Mistral-7B-v0.3,mistral7b_v03,model.layers.13.self_attn.o_proj.weight,mistral7b_v03_block_13,13,o_proj,4096x4096,global_mag_s90,unstructured,0.9,,4096,4096,1677722,0.8999999761581421,7875625cc24519b1,
mistral7b_v03_l13_o_proj_wanda_s90,Mistral-7B-v0.3,mistral7b_v03,model.layers.13.self_attn.o_proj.weight,mistral7b_v03_block_13,13,o_proj,4096x4096,wanda_s90,activation_aware_unstructured,0.9,,4096,4096,1677722,0.8999999761581421,34ff15664825442b,mistral7b_v03.npz
mistral7b_v03_l13_q_proj_global_mag_s70,Mistral-7B-v0.3,mistral7b_v03,model.layers.13.self_attn.q_proj.weight,mistral7b_v03_block_13,13,q_proj,4096x4096,global_mag_s70,unstructured,0.7,,4096,4096,5033165,0.699999988079071,cc4f4ed08ada9c88,
mistral7b_v03_l13_q_proj_wanda_s70,Mistral-7B-v0.3,mistral7b_v03,model.layers.13.self_attn.q_proj.weight,mistral7b_v03_block_13,13,q_proj,4096x4096,wanda_s70,activation_aware_unstructured,0.7,,4096,4096,5033165,0.699999988079071,9a4c45d6f4d6aa66,mistral7b_v03.npz
mistral7b_v03_l13_q_proj_global_mag_s80,Mistral-7B-v0.3,mistral7b_v03,model.layers.13.self_attn.q_proj.weight,mistral7b_v03_block_13,13,q_proj,4096x4096,global_mag_s80,unstructured,0.8,,4096,4096,3355443,0.800000011920929,fad1207e0b3088d1,
mistral7b_v03_l13_q_proj_wanda_s80,Mistral-7B-v0.3,mistral7b_v03,model.layers.13.self_attn.q_proj.weight,mistral7b_v03_block_13,13,q_proj,4096x4096,wanda_s80,activation_aware_unstructured,0.8,,4096,4096,3355443,0.800000011920929,e41d3c8fdc9fdf85,mistral7b_v03.npz
mistral7b_v03_l13_q_proj_global_mag_s90,Mistral-7B-v0.3,mistral7b_v03,model.layers.13.self_attn.q_proj.weight,mistral7b_v03_block_13,13,q_proj,4096x4096,global_mag_s90,unstructured,0.9,,4096,4096,1677722,0.8999999761581421,fcd95f90a8fbfcbb,
mistral7b_v03_l13_q_proj_wanda_s90,Mistral-7B-v0.3,mistral7b_v03,model.layers.13.self_attn.q_proj.weight,mistral7b_v03_block_13,13,q_proj,4096x4096,wanda_s90,activation_aware_unstructured,0.9,,4096,4096,1677722,0.8999999761581421,4139c46faab1f274,mistral7b_v03.npz
mistral7b_v03_l18_o_proj_global_mag_s70,Mistral-7B-v0.3,mistral7b_v03,model.layers.18.self_attn.o_proj.weight,mistral7b_v03_block_18,18,o_proj,4096x4096,global_mag_s70,unstructured,0.7,,4096,4096,5033165,0.699999988079071,041760b42ad85a96,
mistral7b_v03_l18_o_proj_wanda_s70,Mistral-7B-v0.3,mistral7b_v03,model.layers.18.self_attn.o_proj.weight,mistral7b_v03_block_18,18,o_proj,4096x4096,wanda_s70,activation_aware_unstructured,0.7,,4096,4096,5033165,0.699999988079071,b035fea20cf1e7fe,mistral7b_v03.npz
mistral7b_v03_l18_o_proj_global_mag_s80,Mistral-7B-v0.3,mistral7b_v03,model.layers.18.self_attn.o_proj.weight,mistral7b_v03_block_18,18,o_proj,4096x4096,global_mag_s80,unstructured,0.8,,4096,4096,3355443,0.800000011920929,c8e77cc22097b5dd,
mistral7b_v03_l18_o_proj_wanda_s80,Mistral-7B-v0.3,mistral7b_v03,model.layers.18.self_attn.o_proj.weight,mistral7b_v03_block_18,18,o_proj,4096x4096,wanda_s80,activation_aware_unstructured,0.8,,4096,4096,3355443,0.800000011920929,0ef76e131855ecaf,mistral7b_v03.npz
mistral7b_v03_l18_o_proj_global_mag_s90,Mistral-7B-v0.3,mistral7b_v03,model.layers.18.self_attn.o_proj.weight,mistral7b_v03_block_18,18,o_proj,4096x4096,global_mag_s90,unstructured,0.9,,4096,4096,1677722,0.8999999761581421,dd4e27fc5148072a,
mistral7b_v03_l18_o_proj_wanda_s90,Mistral-7B-v0.3,mistral7b_v03,model.layers.18.self_attn.o_proj.weight,mistral7b_v03_block_18,18,o_proj,4096x4096,wanda_s90,activation_aware_unstructured,0.9,,4096,4096,1677722,0.8999999761581421,eaec967dfbbe88f9,mistral7b_v03.npz
mistral7b_v03_l18_q_proj_global_mag_s70,Mistral-7B-v0.3,mistral7b_v03,model.layers.18.self_attn.q_proj.weight,mistral7b_v03_block_18,18,q_proj,4096x4096,global_mag_s70,unstructured,0.7,,4096,4096,5033165,0.699999988079071,9a9d735957250fd6,
mistral7b_v03_l18_q_proj_wanda_s70,Mistral-7B-v0.3,mistral7b_v03,model.layers.18.self_attn.q_proj.weight,mistral7b_v03_block_18,18,q_proj,4096x4096,wanda_s70,activation_aware_unstructured,0.7,,4096,4096,5033165,0.699999988079071,da9576208290a196,mistral7b_v03.npz
mistral7b_v03_l18_q_proj_global_mag_s80,Mistral-7B-v0.3,mistral7b_v03,model.layers.18.self_attn.q_proj.weight,mistral7b_v03_block_18,18,q_proj,4096x4096,global_mag_s80,unstructured,0.8,,4096,4096,3355443,0.800000011920929,0524ab3e9047cf42,
mistral7b_v03_l18_q_proj_wanda_s80,Mistral-7B-v0.3,mistral7b_v03,model.layers.18.self_attn.q_proj.weight,mistral7b_v03_block_18,18,q_proj,4096x4096,wanda_s80,activation_aware_unstructured,0.8,,4096,4096,3355443,0.800000011920929,45f7cbdc73088bb8,mistral7b_v03.npz
mistral7b_v03_l18_q_proj_global_mag_s90,Mistral-7B-v0.3,mistral7b_v03,model.layers.18.self_attn.q_proj.weight,mistral7b_v03_block_18,18,q_proj,4096x4096,global_mag_s90,unstructured,0.9,,4096,4096,1677722,0.8999999761581421,e5b2a94547f93bf7,
mistral7b_v03_l18_q_proj_wanda_s90,Mistral-7B-v0.3,mistral7b_v03,model.layers.18.self_attn.q_proj.weight,mistral7b_v03_block_18,18,q_proj,4096x4096,wanda_s90,activation_aware_unstructured,0.9,,4096,4096,1677722,0.8999999761581421,352b7a6084526ef4,mistral7b_v03.npz
mistral7b_v03_l22_o_proj_global_mag_s70,Mistral-7B-v0.3,mistral7b_v03,model.layers.22.self_attn.o_proj.weight,mistral7b_v03_block_22,22,o_proj,4096x4096,global_mag_s70,unstructured,0.7,,4096,4096,5033165,0.699999988079071,2f72a12ca1d00480,
mistral7b_v03_l22_o_proj_wanda_s70,Mistral-7B-v0.3,mistral7b_v03,model.layers.22.self_attn.o_proj.weight,mistral7b_v03_block_22,22,o_proj,4096x4096,wanda_s70,activation_aware_unstructured,0.7,,4096,4096,5033165,0.699999988079071,acfad0aedbb99fc6,mistral7b_v03.npz
mistral7b_v03_l22_o_proj_global_mag_s80,Mistral-7B-v0.3,mistral7b_v03,model.layers.22.self_attn.o_proj.weight,mistral7b_v03_block_22,22,o_proj,4096x4096,global_mag_s80,unstructured,0.8,,4096,4096,3355443,0.800000011920929,17a166b44b03c35f,
mistral7b_v03_l22_o_proj_wanda_s80,Mistral-7B-v0.3,mistral7b_v03,model.layers.22.self_attn.o_proj.weight,mistral7b_v03_block_22,22,o_proj,4096x4096,wanda_s80,activation_aware_unstructured,0.8,,4096,4096,3355443,0.800000011920929,9a3d20c606bc9854,mistral7b_v03.npz
mistral7b_v03_l22_o_proj_global_mag_s90,Mistral-7B-v0.3,mistral7b_v03,model.layers.22.self_attn.o_proj.weight,mistral7b_v03_block_22,22,o_proj,4096x4096,global_mag_s90,unstructured,0.9,,4096,4096,1677722,0.8999999761581421,49aaf99919e4d509,
mistral7b_v03_l22_o_proj_wanda_s90,Mistral-7B-v0.3,mistral7b_v03,model.layers.22.self_attn.o_proj.weight,mistral7b_v03_block_22,22,o_proj,4096x4096,wanda_s90,activation_aware_unstructured,0.9,,4096,4096,1677722,0.8999999761581421,93f7d8174b1e79be,mistral7b_v03.npz
mistral7b_v03_l22_q_proj_global_mag_s70,Mistral-7B-v0.3,mistral7b_v03,model.layers.22.self_attn.q_proj.weight,mistral7b_v03_block_22,22,q_proj,4096x4096,global_mag_s70,unstructured,0.7,,4096,4096,5033165,0.699999988079071,8e6934e946951e1c,
mistral7b_v03_l22_q_proj_wanda_s70,Mistral-7B-v0.3,mistral7b_v03,model.layers.22.self_attn.q_proj.weight,mistral7b_v03_block_22,22,q_proj,4096x4096,wanda_s70,activation_aware_unstructured,0.7,,4096,4096,5033165,0.699999988079071,d1926c618ec4d14c,mistral7b_v03.npz
mistral7b_v03_l22_q_proj_global_mag_s80,Mistral-7B-v0.3,mistral7b_v03,model.layers.22.self_attn.q_proj.weight,mistral7b_v03_block_22,22,q_proj,4096x4096,global_mag_s80,unstructured,0.8,,4096,4096,3355443,0.800000011920929,6c366dd48cb09c33,
mistral7b_v03_l22_q_proj_wanda_s80,Mistral-7B-v0.3,mistral7b_v03,model.layers.22.self_attn.q_proj.weight,mistral7b_v03_block_22,22,q_proj,4096x4096,wanda_s80,activation_aware_unstructured,0.8,,4096,4096,3355443,0.800000011920929,45118c57539c2484,mistral7b_v03.npz
mistral7b_v03_l22_q_proj_global_mag_s90,Mistral-7B-v0.3,mistral7b_v03,model.layers.22.self_attn.q_proj.weight,mistral7b_v03_block_22,22,q_proj,4096x4096,global_mag_s90,unstructured,0.9,,4096,4096,1677722,0.8999999761581421,ef5e8e1ca2f0d513,
mistral7b_v03_l22_q_proj_wanda_s90,Mistral-7B-v0.3,mistral7b_v03,model.layers.22.self_attn.q_proj.weight,mistral7b_v03_block_22,22,q_proj,4096x4096,wanda_s90,activation_aware_unstructured,0.9,,4096,4096,1677722,0.8999999761581421,addeb6ed4d291ddf,mistral7b_v03.npz
mistral7b_v03_l27_o_proj_global_mag_s70,Mistral-7B-v0.3,mistral7b_v03,model.layers.27.self_attn.o_proj.weight,mistral7b_v03_block_27,27,o_proj,4096x4096,global_mag_s70,unstructured,0.7,,4096,4096,5033165,0.699999988079071,46a8c766b9cdb4b2,
mistral7b_v03_l27_o_proj_wanda_s70,Mistral-7B-v0.3,mistral7b_v03,model.layers.27.self_attn.o_proj.weight,mistral7b_v03_block_27,27,o_proj,4096x4096,wanda_s70,activation_aware_unstructured,0.7,,4096,4096,5033165,0.699999988079071,a463b2ef0517e2e8,mistral7b_v03.npz
mistral7b_v03_l27_o_proj_global_mag_s80,Mistral-7B-v0.3,mistral7b_v03,model.layers.27.self_attn.o_proj.weight,mistral7b_v03_block_27,27,o_proj,4096x4096,global_mag_s80,unstructured,0.8,,4096,4096,3355443,0.800000011920929,5f0855842372ea25,
mistral7b_v03_l27_o_proj_wanda_s80,Mistral-7B-v0.3,mistral7b_v03,model.layers.27.self_attn.o_proj.weight,mistral7b_v03_block_27,27,o_proj,4096x4096,wanda_s80,activation_aware_unstructured,0.8,,4096,4096,3355443,0.800000011920929,276b3c80d83f2c7d,mistral7b_v03.npz
mistral7b_v03_l27_o_proj_global_mag_s90,Mistral-7B-v0.3,mistral7b_v03,model.layers.27.self_attn.o_proj.weight,mistral7b_v03_block_27,27,o_proj,4096x4096,global_mag_s90,unstructured,0.9,,4096,4096,1677722,0.8999999761581421,cbce996a2e33dba7,
mistral7b_v03_l27_o_proj_wanda_s90,Mistral-7B-v0.3,mistral7b_v03,model.layers.27.self_attn.o_proj.weight,mistral7b_v03_block_27,27,o_proj,4096x4096,wanda_s90,activation_aware_unstructured,0.9,,4096,4096,1677722,0.8999999761581421,f2f464a5a5296105,mistral7b_v03.npz
mistral7b_v03_l27_q_proj_global_mag_s70,Mistral-7B-v0.3,mistral7b_v03,model.layers.27.self_attn.q_proj.weight,mistral7b_v03_block_27,27,q_proj,4096x4096,global_mag_s70,unstructured,0.7,,4096,4096,5033165,0.699999988079071,a663fda3d2b566a5,
mistral7b_v03_l27_q_proj_wanda_s70,Mistral-7B-v0.3,mistral7b_v03,model.layers.27.self_attn.q_proj.weight,mistral7b_v03_block_27,27,q_proj,4096x4096,wanda_s70,activation_aware_unstructured,0.7,,4096,4096,5033165,0.699999988079071,a1450977502de255,mistral7b_v03.npz
mistral7b_v03_l27_q_proj_global_mag_s80,Mistral-7B-v0.3,mistral7b_v03,model.layers.27.self_attn.q_proj.weight,mistral7b_v03_block_27,27,q_proj,4096x4096,global_mag_s80,unstructured,0.8,,4096,4096,3355443,0.800000011920929,305ac4d96e77f54f,
mistral7b_v03_l27_q_proj_wanda_s80,Mistral-7B-v0.3,mistral7b_v03,model.layers.27.self_attn.q_proj.weight,mistral7b_v03_block_27,27,q_proj,4096x4096,wanda_s80,activation_aware_unstructured,0.8,,4096,4096,3355443,0.800000011920929,6685c085ee409e2d,mistral7b_v03.npz
mistral7b_v03_l27_q_proj_global_mag_s90,Mistral-7B-v0.3,mistral7b_v03,model.layers.27.self_attn.q_proj.weight,mistral7b_v03_block_27,27,q_proj,4096x4096,global_mag_s90,unstructured,0.9,,4096,4096,1677722,0.8999999761581421,760a77bb3a223aec,
mistral7b_v03_l27_q_proj_wanda_s90,Mistral-7B-v0.3,mistral7b_v03,model.layers.27.self_attn.q_proj.weight,mistral7b_v03_block_27,27,q_proj,4096x4096,wanda_s90,activation_aware_unstructured,0.9,,4096,4096,1677722,0.8999999761581421,64a0053a226d4c53,mistral7b_v03.npz
mistral7b_v03_l31_o_proj_global_mag_s70,Mistral-7B-v0.3,mistral7b_v03,model.layers.31.self_attn.o_proj.weight,mistral7b_v03_block_31,31,o_proj,4096x4096,global_mag_s70,unstructured,0.7,,4096,4096,5033165,0.699999988079071,70839ee34a6f8084,
mistral7b_v03_l31_o_proj_wanda_s70,Mistral-7B-v0.3,mistral7b_v03,model.layers.31.self_attn.o_proj.weight,mistral7b_v03_block_31,31,o_proj,4096x4096,wanda_s70,activation_aware_unstructured,0.7,,4096,4096,5033165,0.699999988079071,ac28dd156bbcb561,mistral7b_v03.npz
mistral7b_v03_l31_o_proj_global_mag_s80,Mistral-7B-v0.3,mistral7b_v03,model.layers.31.self_attn.o_proj.weight,mistral7b_v03_block_31,31,o_proj,4096x4096,global_mag_s80,unstructured,0.8,,4096,4096,3355443,0.800000011920929,57b53cc159af9963,
mistral7b_v03_l31_o_proj_wanda_s80,Mistral-7B-v0.3,mistral7b_v03,model.layers.31.self_attn.o_proj.weight,mistral7b_v03_block_31,31,o_proj,4096x4096,wanda_s80,activation_aware_unstructured,0.8,,4096,4096,3355443,0.800000011920929,2a441c6a11be86b3,mistral7b_v03.npz
mistral7b_v03_l31_o_proj_global_mag_s90,Mistral-7B-v0.3,mistral7b_v03,model.layers.31.self_attn.o_proj.weight,mistral7b_v03_block_31,31,o_proj,4096x4096,global_mag_s90,unstructured,0.9,,4096,4096,1677722,0.8999999761581421,b0857f2fd8250482,
mistral7b_v03_l31_o_proj_wanda_s90,Mistral-7B-v0.3,mistral7b_v03,model.layers.31.self_attn.o_proj.weight,mistral7b_v03_block_31,31,o_proj,4096x4096,wanda_s90,activation_aware_unstructured,0.9,,4096,4096,1677722,0.8999999761581421,9eba7bdc3d1da8f7,mistral7b_v03.npz
mistral7b_v03_l31_q_proj_global_mag_s70,Mistral-7B-v0.3,mistral7b_v03,model.layers.31.self_attn.q_proj.weight,mistral7b_v03_block_31,31,q_proj,4096x4096,global_mag_s70,unstructured,0.7,,4096,4096,5033165,0.699999988079071,d5b78bb78d679570,
mistral7b_v03_l31_q_proj_wanda_s70,Mistral-7B-v0.3,mistral7b_v03,model.layers.31.self_attn.q_proj.weight,mistral7b_v03_block_31,31,q_proj,4096x4096,wanda_s70,activation_aware_unstructured,0.7,,4096,4096,5033165,0.699999988079071,6fe714389017d4c8,mistral7b_v03.npz
mistral7b_v03_l31_q_proj_global_mag_s80,Mistral-7B-v0.3,mistral7b_v03,model.layers.31.self_attn.q_proj.weight,mistral7b_v03_block_31,31,q_proj,4096x4096,global_mag_s80,unstructured,0.8,,4096,4096,3355443,0.800000011920929,3ed91d911256c501,
mistral7b_v03_l31_q_proj_wanda_s80,Mistral-7B-v0.3,mistral7b_v03,model.layers.31.self_attn.q_proj.weight,mistral7b_v03_block_31,31,q_proj,4096x4096,wanda_s80,activation_aware_unstructured,0.8,,4096,4096,3355443,0.800000011920929,08d0571209991f4f,mistral7b_v03.npz
mistral7b_v03_l31_q_proj_global_mag_s90,Mistral-7B-v0.3,mistral7b_v03,model.layers.31.self_attn.q_proj.weight,mistral7b_v03_block_31,31,q_proj,4096x4096,global_mag_s90,unstructured,0.9,,4096,4096,1677722,0.8999999761581421,811bade53193a708,
mistral7b_v03_l31_q_proj_wanda_s90,Mistral-7B-v0.3,mistral7b_v03,model.layers.31.self_attn.q_proj.weight,mistral7b_v03_block_31,31,q_proj,4096x4096,wanda_s90,activation_aware_unstructured,0.9,,4096,4096,1677722,0.8999999761581421,50cef2b329aaf34b,mistral7b_v03.npz
qwen25_3b_l01_o_proj_global_mag_s70,Qwen2.5-3B-Instruct,qwen25_3b,model.layers.1.self_attn.o_proj.weight,qwen25_3b_block_01,1,o_proj,2048x2048,global_mag_s70,unstructured,0.7,,2048,2048,1258291,0.7000000476837158,bd3f10c90b1ae51b,
qwen25_3b_l01_o_proj_wanda_s70,Qwen2.5-3B-Instruct,qwen25_3b,model.layers.1.self_attn.o_proj.weight,qwen25_3b_block_01,1,o_proj,2048x2048,wanda_s70,activation_aware_unstructured,0.7,,2048,2048,1258291,0.7000000476837158,ba7f4685a0446a3d,qwen25_activation_rms_16prompts.npz
qwen25_3b_l01_o_proj_global_mag_s80,Qwen2.5-3B-Instruct,qwen25_3b,model.layers.1.self_attn.o_proj.weight,qwen25_3b_block_01,1,o_proj,2048x2048,global_mag_s80,unstructured,0.8,,2048,2048,838861,0.7999999523162842,3a05fead61f97c23,
qwen25_3b_l01_o_proj_wanda_s80,Qwen2.5-3B-Instruct,qwen25_3b,model.layers.1.self_attn.o_proj.weight,qwen25_3b_block_01,1,o_proj,2048x2048,wanda_s80,activation_aware_unstructured,0.8,,2048,2048,838861,0.7999999523162842,f1ba2740f5afc76d,qwen25_activation_rms_16prompts.npz
qwen25_3b_l01_o_proj_global_mag_s90,Qwen2.5-3B-Instruct,qwen25_3b,model.layers.1.self_attn.o_proj.weight,qwen25_3b_block_01,1,o_proj,2048x2048,global_mag_s90,unstructured,0.9,,2048,2048,419430,0.9000000953674316,923952df19ed8f83,
qwen25_3b_l01_o_proj_wanda_s90,Qwen2.5-3B-Instruct,qwen25_3b,model.layers.1.self_attn.o_proj.weight,qwen25_3b_block_01,1,o_proj,2048x2048,wanda_s90,activation_aware_unstructured,0.9,,2048,2048,419430,0.9000000953674316,15881b2e9fe0dc6b,qwen25_activation_rms_16prompts.npz
qwen25_3b_l01_q_proj_global_mag_s70,Qwen2.5-3B-Instruct,qwen25_3b,model.layers.1.self_attn.q_proj.weight,qwen25_3b_block_01,1,q_proj,2048x2048,global_mag_s70,unstructured,0.7,,2048,2048,1258291,0.7000000476837158,8826b08bee0ae54f,
qwen25_3b_l01_q_proj_wanda_s70,Qwen2.5-3B-Instruct,qwen25_3b,model.layers.1.self_attn.q_proj.weight,qwen25_3b_block_01,1,q_proj,2048x2048,wanda_s70,activation_aware_unstructured,0.7,,2048,2048,1258291,0.7000000476837158,deb34c72cf55835f,qwen25_activation_rms_16prompts.npz
qwen25_3b_l01_q_proj_global_mag_s80,Qwen2.5-3B-Instruct,qwen25_3b,model.layers.1.self_attn.q_proj.weight,qwen25_3b_block_01,1,q_proj,2048x2048,global_mag_s80,unstructured,0.8,,2048,2048,838861,0.7999999523162842,16d66f93407db0e8,
qwen25_3b_l01_q_proj_wanda_s80,Qwen2.5-3B-Instruct,qwen25_3b,model.layers.1.self_attn.q_proj.weight,qwen25_3b_block_01,1,q_proj,2048x2048,wanda_s80,activation_aware_unstructured,0.8,,2048,2048,838861,0.7999999523162842,e232ed5a5675a32b,qwen25_activation_rms_16prompts.npz
qwen25_3b_l01_q_proj_global_mag_s90,Qwen2.5-3B-Instruct,qwen25_3b,model.layers.1.self_attn.q_proj.weight,qwen25_3b_block_01,1,q_proj,2048x2048,global_mag_s90,unstructured,0.9,,2048,2048,419430,0.9000000953674316,9992d61bf1f9c18c,
qwen25_3b_l01_q_proj_wanda_s90,Qwen2.5-3B-Instruct,qwen25_3b,model.layers.1.self_attn.q_proj.weight,qwen25_3b_block_01,1,q_proj,2048x2048,wanda_s90,activation_aware_unstructured,0.9,,2048,2048,419430,0.9000000953674316,60ff924d41fc7e1d,qwen25_activation_rms_16prompts.npz
qwen25_3b_l02_o_proj_global_mag_s70,Qwen2.5-3B-Instruct,qwen25_3b,model.layers.2.self_attn.o_proj.weight,qwen25_3b_block_02,2,o_proj,2048x2048,global_mag_s70,unstructured,0.7,,2048,2048,1258291,0.7000000476837158,ff9396e29fef8b07,
qwen25_3b_l02_o_proj_wanda_s70,Qwen2.5-3B-Instruct,qwen25_3b,model.layers.2.self_attn.o_proj.weight,qwen25_3b_block_02,2,o_proj,2048x2048,wanda_s70,activation_aware_unstructured,0.7,,2048,2048,1258291,0.7000000476837158,7335f3e7058ea5a2,qwen25_activation_rms_16prompts.npz
qwen25_3b_l02_o_proj_global_mag_s80,Qwen2.5-3B-Instruct,qwen25_3b,model.layers.2.self_attn.o_proj.weight,qwen25_3b_block_02,2,o_proj,2048x2048,global_mag_s80,unstructured,0.8,,2048,2048,838861,0.7999999523162842,d4e20d1478dda77c,
qwen25_3b_l02_o_proj_wanda_s80,Qwen2.5-3B-Instruct,qwen25_3b,model.layers.2.self_attn.o_proj.weight,qwen25_3b_block_02,2,o_proj,2048x2048,wanda_s80,activation_aware_unstructured,0.8,,2048,2048,838861,0.7999999523162842,c9931b311fd0c165,qwen25_activation_rms_16prompts.npz
qwen25_3b_l02_o_proj_global_mag_s90,Qwen2.5-3B-Instruct,qwen25_3b,model.layers.2.self_attn.o_proj.weight,qwen25_3b_block_02,2,o_proj,2048x2048,global_mag_s90,unstructured,0.9,,2048,2048,419430,0.9000000953674316,8ef0d1f25767b5f6,
qwen25_3b_l02_o_proj_wanda_s90,Qwen2.5-3B-Instruct,qwen25_3b,model.layers.2.self_attn.o_proj.weight,qwen25_3b_block_02,2,o_proj,2048x2048,wanda_s90,activation_aware_unstructured,0.9,,2048,2048,419430,0.9000000953674316,2bc99148d9f49384,qwen25_activation_rms_16prompts.npz
qwen25_3b_l02_q_proj_global_mag_s70,Qwen2.5-3B-Instruct,qwen25_3b,model.layers.2.self_attn.q_proj.weight,qwen25_3b_block_02,2,q_proj,2048x2048,global_mag_s70,unstructured,0.7,,2048,2048,1258291,0.7000000476837158,205e5913d6ac2dc6,
qwen25_3b_l02_q_proj_wanda_s70,Qwen2.5-3B-Instruct,qwen25_3b,model.layers.2.self_attn.q_proj.weight,qwen25_3b_block_02,2,q_proj,2048x2048,wanda_s70,activation_aware_unstructured,0.7,,2048,2048,1258291,0.7000000476837158,6ad492204a5fb633,qwen25_activation_rms_16prompts.npz
qwen25_3b_l02_q_proj_global_mag_s80,Qwen2.5-3B-Instruct,qwen25_3b,model.layers.2.self_attn.q_proj.weight,qwen25_3b_block_02,2,q_proj,2048x2048,global_mag_s80,unstructured,0.8,,2048,2048,838861,0.7999999523162842,e0ca3948ab6696fd,
qwen25_3b_l02_q_proj_wanda_s80,Qwen2.5-3B-Instruct,qwen25_3b,model.layers.2.self_attn.q_proj.weight,qwen25_3b_block_02,2,q_proj,2048x2048,wanda_s80,activation_aware_unstructured,0.8,,2048,2048,838861,0.7999999523162842,b1b978e77a33eb6e,qwen25_activation_rms_16prompts.npz
qwen25_3b_l02_q_proj_global_mag_s90,Qwen2.5-3B-Instruct,qwen25_3b,model.layers.2.self_attn.q_proj.weight,qwen25_3b_block_02,2,q_proj,2048x2048,global_mag_s90,unstructured,0.9,,2048,2048,419430,0.9000000953674316,36547bab78d2e087,
qwen25_3b_l02_q_proj_wanda_s90,Qwen2.5-3B-Instruct,qwen25_3b,model.layers.2.self_attn.q_proj.weight,qwen25_3b_block_02,2,q_proj,2048x2048,wanda_s90,activation_aware_unstructured,0.9,,2048,2048,419430,0.9000000953674316,6e900ea8aac66266,qwen25_activation_rms_16prompts.npz
qwen25_3b_l03_o_proj_global_mag_s70,Qwen2.5-3B-Instruct,qwen25_3b,model.layers.3.self_attn.o_proj.weight,qwen25_3b_block_03,3,o_proj,2048x2048,global_mag_s70,unstructured,0.7,,2048,2048,1258291,0.7000000476837158,c277eb951de50212,
qwen25_3b_l03_o_proj_wanda_s70,Qwen2.5-3B-Instruct,qwen25_3b,model.layers.3.self_attn.o_proj.weight,qwen25_3b_block_03,3,o_proj,2048x2048,wanda_s70,activation_aware_unstructured,0.7,,2048,2048,1258291,0.7000000476837158,8e973e87c7bb5543,qwen25_activation_rms_16prompts.npz
qwen25_3b_l03_o_proj_global_mag_s80,Qwen2.5-3B-Instruct,qwen25_3b,model.layers.3.self_attn.o_proj.weight,qwen25_3b_block_03,3,o_proj,2048x2048,global_mag_s80,unstructured,0.8,,2048,2048,838861,0.7999999523162842,c55fd7abea3e2052,
qwen25_3b_l03_o_proj_wanda_s80,Qwen2.5-3B-Instruct,qwen25_3b,model.layers.3.self_attn.o_proj.weight,qwen25_3b_block_03,3,o_proj,2048x2048,wanda_s80,activation_aware_unstructured,0.8,,2048,2048,838861,0.7999999523162842,dc38a72b0c395977,qwen25_activation_rms_16prompts.npz
qwen25_3b_l03_o_proj_global_mag_s90,Qwen2.5-3B-Instruct,qwen25_3b,model.layers.3.self_attn.o_proj.weight,qwen25_3b_block_03,3,o_proj,2048x2048,global_mag_s90,unstructured,0.9,,2048,2048,419430,0.9000000953674316,db1e0aa55de189d8,
qwen25_3b_l03_o_proj_wanda_s90,Qwen2.5-3B-Instruct,qwen25_3b,model.layers.3.self_attn.o_proj.weight,qwen25_3b_block_03,3,o_proj,2048x2048,wanda_s90,activation_aware_unstructured,0.9,,2048,2048,419430,0.9000000953674316,cd7d2c88600ae3b2,qwen25_activation_rms_16prompts.npz
qwen25_3b_l03_q_proj_global_mag_s70,Qwen2.5-3B-Instruct,qwen25_3b,model.layers.3.self_attn.q_proj.weight,qwen25_3b_block_03,3,q_proj,2048x2048,global_mag_s70,unstructured,0.7,,2048,2048,1258291,0.7000000476837158,a202040fd8552063,
qwen25_3b_l03_q_proj_wanda_s70,Qwen2.5-3B-Instruct,qwen25_3b,model.layers.3.self_attn.q_proj.weight,qwen25_3b_block_03,3,q_proj,2048x2048,wanda_s70,activation_aware_unstructured,0.7,,2048,2048,1258291,0.7000000476837158,004af41ac6c4abfd,qwen25_activation_rms_16prompts.npz
qwen25_3b_l03_q_proj_global_mag_s80,Qwen2.5-3B-Instruct,qwen25_3b,model.layers.3.self_attn.q_proj.weight,qwen25_3b_block_03,3,q_proj,2048x2048,global_mag_s80,unstructured,0.8,,2048,2048,838861,0.7999999523162842,225709156d1e4b70,
qwen25_3b_l03_q_proj_wanda_s80,Qwen2.5-3B-Instruct,qwen25_3b,model.layers.3.self_attn.q_proj.weight,qwen25_3b_block_03,3,q_proj,2048x2048,wanda_s80,activation_aware_unstructured,0.8,,2048,2048,838861,0.7999999523162842,c41297ce7a7912dd,qwen25_activation_rms_16prompts.npz
qwen25_3b_l03_q_proj_global_mag_s90,Qwen2.5-3B-Instruct,qwen25_3b,model.layers.3.self_attn.q_proj.weight,qwen25_3b_block_03,3,q_proj,2048x2048,global_mag_s90,unstructured,0.9,,2048,2048,419430,0.9000000953674316,222e1e93a3b57497,
qwen25_3b_l03_q_proj_wanda_s90,Qwen2.5-3B-Instruct,qwen25_3b,model.layers.3.self_attn.q_proj.weight,qwen25_3b_block_03,3,q_proj,2048x2048,wanda_s90,activation_aware_unstructured,0.9,,2048,2048,419430,0.9000000953674316,444dbbeead10887b,qwen25_activation_rms_16prompts.npz
qwen25_3b_l04_o_proj_global_mag_s70,Qwen2.5-3B-Instruct,qwen25_3b,model.layers.4.self_attn.o_proj.weight,qwen25_3b_block_04,4,o_proj,2048x2048,global_mag_s70,unstructured,0.7,,2048,2048,1258291,0.7000000476837158,685724cb3ae71696,
qwen25_3b_l04_o_proj_wanda_s70,Qwen2.5-3B-Instruct,qwen25_3b,model.layers.4.self_attn.o_proj.weight,qwen25_3b_block_04,4,o_proj,2048x2048,wanda_s70,activation_aware_unstructured,0.7,,2048,2048,1258291,0.7000000476837158,8be47945731f5a59,qwen25_activation_rms_16prompts.npz
qwen25_3b_l04_o_proj_global_mag_s80,Qwen2.5-3B-Instruct,qwen25_3b,model.layers.4.self_attn.o_proj.weight,qwen25_3b_block_04,4,o_proj,2048x2048,global_mag_s80,unstructured,0.8,,2048,2048,838861,0.7999999523162842,14533cb735040cea,
qwen25_3b_l04_o_proj_wanda_s80,Qwen2.5-3B-Instruct,qwen25_3b,model.layers.4.self_attn.o_proj.weight,qwen25_3b_block_04,4,o_proj,2048x2048,wanda_s80,activation_aware_unstructured,0.8,,2048,2048,838861,0.7999999523162842,290c9c85550f6c00,qwen25_activation_rms_16prompts.npz
qwen25_3b_l04_o_proj_global_mag_s90,Qwen2.5-3B-Instruct,qwen25_3b,model.layers.4.self_attn.o_proj.weight,qwen25_3b_block_04,4,o_proj,2048x2048,global_mag_s90,unstructured,0.9,,2048,2048,419430,0.9000000953674316,397ade0568a78618,
qwen25_3b_l04_o_proj_wanda_s90,Qwen2.5-3B-Instruct,qwen25_3b,model.layers.4.self_attn.o_proj.weight,qwen25_3b_block_04,4,o_proj,2048x2048,wanda_s90,activation_aware_unstructured,0.9,,2048,2048,419430,0.9000000953674316,66190885a4e26afe,qwen25_activation_rms_16prompts.npz
qwen25_3b_l04_q_proj_global_mag_s70,Qwen2.5-3B-Instruct,qwen25_3b,model.layers.4.self_attn.q_proj.weight,qwen25_3b_block_04,4,q_proj,2048x2048,global_mag_s70,unstructured,0.7,,2048,2048,1258291,0.7000000476837158,003736f642992d78,
qwen25_3b_l04_q_proj_wanda_s70,Qwen2.5-3B-Instruct,qwen25_3b,model.layers.4.self_attn.q_proj.weight,qwen25_3b_block_04,4,q_proj,2048x2048,wanda_s70,activation_aware_unstructured,0.7,,2048,2048,1258291,0.7000000476837158,6a1133e59b4204af,qwen25_activation_rms_16prompts.npz
qwen25_3b_l04_q_proj_global_mag_s80,Qwen2.5-3B-Instruct,qwen25_3b,model.layers.4.self_attn.q_proj.weight,qwen25_3b_block_04,4,q_proj,2048x2048,global_mag_s80,unstructured,0.8,,2048,2048,838861,0.7999999523162842,9af10fff3ad7621d,
qwen25_3b_l04_q_proj_wanda_s80,Qwen2.5-3B-Instruct,qwen25_3b,model.layers.4.self_attn.q_proj.weight,qwen25_3b_block_04,4,q_proj,2048x2048,wanda_s80,activation_aware_unstructured,0.8,,2048,2048,838861,0.7999999523162842,11c1f0a399cb71ed,qwen25_activation_rms_16prompts.npz
qwen25_3b_l04_q_proj_global_mag_s90,Qwen2.5-3B-Instruct,qwen25_3b,model.layers.4.self_attn.q_proj.weight,qwen25_3b_block_04,4,q_proj,2048x2048,global_mag_s90,unstructured,0.9,,2048,2048,419430,0.9000000953674316,5eea8f8610e93e21,
qwen25_3b_l04_q_proj_wanda_s90,Qwen2.5-3B-Instruct,qwen25_3b,model.layers.4.self_attn.q_proj.weight,qwen25_3b_block_04,4,q_proj,2048x2048,wanda_s90,activation_aware_unstructured,0.9,,2048,2048,419430,0.9000000953674316,bd260ff013636c51,qwen25_activation_rms_16prompts.npz
qwen25_3b_l06_o_proj_global_mag_s70,Qwen2.5-3B-Instruct,qwen25_3b,model.layers.6.self_attn.o_proj.weight,qwen25_3b_block_06,6,o_proj,2048x2048,global_mag_s70,unstructured,0.7,,2048,2048,1258291,0.7000000476837158,c42761f35091087f,
qwen25_3b_l06_o_proj_wanda_s70,Qwen2.5-3B-Instruct,qwen25_3b,model.layers.6.self_attn.o_proj.weight,qwen25_3b_block_06,6,o_proj,2048x2048,wanda_s70,activation_aware_unstructured,0.7,,2048,2048,1258291,0.7000000476837158,af8a8d69ebab6a76,qwen25_activation_rms_16prompts.npz
qwen25_3b_l06_o_proj_global_mag_s80,Qwen2.5-3B-Instruct,qwen25_3b,model.layers.6.self_attn.o_proj.weight,qwen25_3b_block_06,6,o_proj,2048x2048,global_mag_s80,unstructured,0.8,,2048,2048,838861,0.7999999523162842,fe02420db4197e37,
qwen25_3b_l06_o_proj_wanda_s80,Qwen2.5-3B-Instruct,qwen25_3b,model.layers.6.self_attn.o_proj.weight,qwen25_3b_block_06,6,o_proj,2048x2048,wanda_s80,activation_aware_unstructured,0.8,,2048,2048,838861,0.7999999523162842,9acfbbb2362e6d48,qwen25_activation_rms_16prompts.npz
qwen25_3b_l06_o_proj_global_mag_s90,Qwen2.5-3B-Instruct,qwen25_3b,model.layers.6.self_attn.o_proj.weight,qwen25_3b_block_06,6,o_proj,2048x2048,global_mag_s90,unstructured,0.9,,2048,2048,419430,0.9000000953674316,ff1d24c511408f5c,
qwen25_3b_l06_o_proj_wanda_s90,Qwen2.5-3B-Instruct,qwen25_3b,model.layers.6.self_attn.o_proj.weight,qwen25_3b_block_06,6,o_proj,2048x2048,wanda_s90,activation_aware_unstructured,0.9,,2048,2048,419430,0.9000000953674316,2bf400c8075d7ece,qwen25_activation_rms_16prompts.npz
qwen25_3b_l06_q_proj_global_mag_s70,Qwen2.5-3B-Instruct,qwen25_3b,model.layers.6.self_attn.q_proj.weight,qwen25_3b_block_06,6,q_proj,2048x2048,global_mag_s70,unstructured,0.7,,2048,2048,1258291,0.7000000476837158,0bb61b688e926803,
qwen25_3b_l06_q_proj_wanda_s70,Qwen2.5-3B-Instruct,qwen25_3b,model.layers.6.self_attn.q_proj.weight,qwen25_3b_block_06,6,q_proj,2048x2048,wanda_s70,activation_aware_unstructured,0.7,,2048,2048,1258291,0.7000000476837158,a8050da74de71249,qwen25_activation_rms_16prompts.npz
qwen25_3b_l06_q_proj_global_mag_s80,Qwen2.5-3B-Instruct,qwen25_3b,model.layers.6.self_attn.q_proj.weight,qwen25_3b_block_06,6,q_proj,2048x2048,global_mag_s80,unstructured,0.8,,2048,2048,838861,0.7999999523162842,16493638dcc9ae3f,
qwen25_3b_l06_q_proj_wanda_s80,Qwen2.5-3B-Instruct,qwen25_3b,model.layers.6.self_attn.q_proj.weight,qwen25_3b_block_06,6,q_proj,2048x2048,wanda_s80,activation_aware_unstructured,0.8,,2048,2048,838861,0.7999999523162842,4fb98f6052e51c47,qwen25_activation_rms_16prompts.npz
qwen25_3b_l06_q_proj_global_mag_s90,Qwen2.5-3B-Instruct,qwen25_3b,model.layers.6.self_attn.q_proj.weight,qwen25_3b_block_06,6,q_proj,2048x2048,global_mag_s90,unstructured,0.9,,2048,2048,419430,0.9000000953674316,b54421928bc1c799,
qwen25_3b_l06_q_proj_wanda_s90,Qwen2.5-3B-Instruct,qwen25_3b,model.layers.6.self_attn.q_proj.weight,qwen25_3b_block_06,6,q_proj,2048x2048,wanda_s90,activation_aware_unstructured,0.9,,2048,2048,419430,0.9000000953674316,ac856dacc2e2a6c4,qwen25_activation_rms_16prompts.npz
qwen25_3b_l07_o_proj_global_mag_s70,Qwen2.5-3B-Instruct,qwen25_3b,model.layers.7.self_attn.o_proj.weight,qwen25_3b_block_07,7,o_proj,2048x2048,global_mag_s70,unstructured,0.7,,2048,2048,1258291,0.7000000476837158,19f6deccf6f18cce,
qwen25_3b_l07_o_proj_wanda_s70,Qwen2.5-3B-Instruct,qwen25_3b,model.layers.7.self_attn.o_proj.weight,qwen25_3b_block_07,7,o_proj,2048x2048,wanda_s70,activation_aware_unstructured,0.7,,2048,2048,1258291,0.7000000476837158,0cc03eed65f29b3a,qwen25_activation_rms_16prompts.npz
qwen25_3b_l07_o_proj_global_mag_s80,Qwen2.5-3B-Instruct,qwen25_3b,model.layers.7.self_attn.o_proj.weight,qwen25_3b_block_07,7,o_proj,2048x2048,global_mag_s80,unstructured,0.8,,2048,2048,838861,0.7999999523162842,1a3b724c0348db1c,
qwen25_3b_l07_o_proj_wanda_s80,Qwen2.5-3B-Instruct,qwen25_3b,model.layers.7.self_attn.o_proj.weight,qwen25_3b_block_07,7,o_proj,2048x2048,wanda_s80,activation_aware_unstructured,0.8,,2048,2048,838861,0.7999999523162842,d6eca0cc66c9a58d,qwen25_activation_rms_16prompts.npz
qwen25_3b_l07_o_proj_global_mag_s90,Qwen2.5-3B-Instruct,qwen25_3b,model.layers.7.self_attn.o_proj.weight,qwen25_3b_block_07,7,o_proj,2048x2048,global_mag_s90,unstructured,0.9,,2048,2048,419430,0.9000000953674316,edc64d9631a6f973,
qwen25_3b_l07_o_proj_wanda_s90,Qwen2.5-3B-Instruct,qwen25_3b,model.layers.7.self_attn.o_proj.weight,qwen25_3b_block_07,7,o_proj,2048x2048,wanda_s90,activation_aware_unstructured,0.9,,2048,2048,419430,0.9000000953674316,931ece1848a4296d,qwen25_activation_rms_16prompts.npz
qwen25_3b_l07_q_proj_global_mag_s70,Qwen2.5-3B-Instruct,qwen25_3b,model.layers.7.self_attn.q_proj.weight,qwen25_3b_block_07,7,q_proj,2048x2048,global_mag_s70,unstructured,0.7,,2048,2048,1258291,0.7000000476837158,17d38bd1e85f51e3,
qwen25_3b_l07_q_proj_wanda_s70,Qwen2.5-3B-Instruct,qwen25_3b,model.layers.7.self_attn.q_proj.weight,qwen25_3b_block_07,7,q_proj,2048x2048,wanda_s70,activation_aware_unstructured,0.7,,2048,2048,1258291,0.7000000476837158,ee885ae85e1e34f4,qwen25_activation_rms_16prompts.npz
qwen25_3b_l07_q_proj_global_mag_s80,Qwen2.5-3B-Instruct,qwen25_3b,model.layers.7.self_attn.q_proj.weight,qwen25_3b_block_07,7,q_proj,2048x2048,global_mag_s80,unstructured,0.8,,2048,2048,838861,0.7999999523162842,e6b80f5d7d489cc2,
qwen25_3b_l07_q_proj_wanda_s80,Qwen2.5-3B-Instruct,qwen25_3b,model.layers.7.self_attn.q_proj.weight,qwen25_3b_block_07,7,q_proj,2048x2048,wanda_s80,activation_aware_unstructured,0.8,,2048,2048,838861,0.7999999523162842,d0234f8abbcb1c98,qwen25_activation_rms_16prompts.npz
qwen25_3b_l07_q_proj_global_mag_s90,Qwen2.5-3B-Instruct,qwen25_3b,model.layers.7.self_attn.q_proj.weight,qwen25_3b_block_07,7,q_proj,2048x2048,global_mag_s90,unstructured,0.9,,2048,2048,419430,0.9000000953674316,34f6afa4bb9516d9,
qwen25_3b_l07_q_proj_wanda_s90,Qwen2.5-3B-Instruct,qwen25_3b,model.layers.7.self_attn.q_proj.weight,qwen25_3b_block_07,7,q_proj,2048x2048,wanda_s90,activation_aware_unstructured,0.9,,2048,2048,419430,0.9000000953674316,1d4428081053d9bf,qwen25_activation_rms_16prompts.npz
qwen25_3b_l08_o_proj_global_mag_s70,Qwen2.5-3B-Instruct,qwen25_3b,model.layers.8.self_attn.o_proj.weight,qwen25_3b_block_08,8,o_proj,2048x2048,global_mag_s70,unstructured,0.7,,2048,2048,1258291,0.7000000476837158,4984992cd8632b24,
qwen25_3b_l08_o_proj_wanda_s70,Qwen2.5-3B-Instruct,qwen25_3b,model.layers.8.self_attn.o_proj.weight,qwen25_3b_block_08,8,o_proj,2048x2048,wanda_s70,activation_aware_unstructured,0.7,,2048,2048,1258291,0.7000000476837158,384ef8c12795fc4b,qwen25_activation_rms_16prompts.npz
qwen25_3b_l08_o_proj_global_mag_s80,Qwen2.5-3B-Instruct,qwen25_3b,model.layers.8.self_attn.o_proj.weight,qwen25_3b_block_08,8,o_proj,2048x2048,global_mag_s80,unstructured,0.8,,2048,2048,838861,0.7999999523162842,86c3d6989ef6dca9,
qwen25_3b_l08_o_proj_wanda_s80,Qwen2.5-3B-Instruct,qwen25_3b,model.layers.8.self_attn.o_proj.weight,qwen25_3b_block_08,8,o_proj,2048x2048,wanda_s80,activation_aware_unstructured,0.8,,2048,2048,838861,0.7999999523162842,4d420a9442ff0dd2,qwen25_activation_rms_16prompts.npz
qwen25_3b_l08_o_proj_global_mag_s90,Qwen2.5-3B-Instruct,qwen25_3b,model.layers.8.self_attn.o_proj.weight,qwen25_3b_block_08,8,o_proj,2048x2048,global_mag_s90,unstructured,0.9,,2048,2048,419430,0.9000000953674316,25994099c163acb0,
qwen25_3b_l08_o_proj_wanda_s90,Qwen2.5-3B-Instruct,qwen25_3b,model.layers.8.self_attn.o_proj.weight,qwen25_3b_block_08,8,o_proj,2048x2048,wanda_s90,activation_aware_unstructured,0.9,,2048,2048,419430,0.9000000953674316,097f5e5546d1890b,qwen25_activation_rms_16prompts.npz
qwen25_3b_l08_q_proj_global_mag_s70,Qwen2.5-3B-Instruct,qwen25_3b,model.layers.8.self_attn.q_proj.weight,qwen25_3b_block_08,8,q_proj,2048x2048,global_mag_s70,unstructured,0.7,,2048,2048,1258291,0.7000000476837158,a7f03bd86ae66540,
qwen25_3b_l08_q_proj_wanda_s70,Qwen2.5-3B-Instruct,qwen25_3b,model.layers.8.self_attn.q_proj.weight,qwen25_3b_block_08,8,q_proj,2048x2048,wanda_s70,activation_aware_unstructured,0.7,,2048,2048,1258291,0.7000000476837158,1c08c2a302163b60,qwen25_activation_rms_16prompts.npz
qwen25_3b_l08_q_proj_global_mag_s80,Qwen2.5-3B-Instruct,qwen25_3b,model.layers.8.self_attn.q_proj.weight,qwen25_3b_block_08,8,q_proj,2048x2048,global_mag_s80,unstructured,0.8,,2048,2048,838861,0.7999999523162842,3dc81685714b079f,
qwen25_3b_l08_q_proj_wanda_s80,Qwen2.5-3B-Instruct,qwen25_3b,model.layers.8.self_attn.q_proj.weight,qwen25_3b_block_08,8,q_proj,2048x2048,wanda_s80,activation_aware_unstructured,0.8,,2048,2048,838861,0.7999999523162842,e01d35b5be11d8fe,qwen25_activation_rms_16prompts.npz
qwen25_3b_l08_q_proj_global_mag_s90,Qwen2.5-3B-Instruct,qwen25_3b,model.layers.8.self_attn.q_proj.weight,qwen25_3b_block_08,8,q_proj,2048x2048,global_mag_s90,unstructured,0.9,,2048,2048,419430,0.9000000953674316,391d3c211fce06cf,
qwen25_3b_l08_q_proj_wanda_s90,Qwen2.5-3B-Instruct,qwen25_3b,model.layers.8.self_attn.q_proj.weight,qwen25_3b_block_08,8,q_proj,2048x2048,wanda_s90,activation_aware_unstructured,0.9,,2048,2048,419430,0.9000000953674316,cab082620bfe5b07,qwen25_activation_rms_16prompts.npz
qwen25_3b_l09_o_proj_global_mag_s70,Qwen2.5-3B-Instruct,qwen25_3b,model.layers.9.self_attn.o_proj.weight,qwen25_3b_block_09,9,o_proj,2048x2048,global_mag_s70,unstructured,0.7,,2048,2048,1258291,0.7000000476837158,cc59bb67ae7886ef,
qwen25_3b_l09_o_proj_wanda_s70,Qwen2.5-3B-Instruct,qwen25_3b,model.layers.9.self_attn.o_proj.weight,qwen25_3b_block_09,9,o_proj,2048x2048,wanda_s70,activation_aware_unstructured,0.7,,2048,2048,1258291,0.7000000476837158,1e27f443ecea5298,qwen25_activation_rms_16prompts.npz
qwen25_3b_l09_o_proj_global_mag_s80,Qwen2.5-3B-Instruct,qwen25_3b,model.layers.9.self_attn.o_proj.weight,qwen25_3b_block_09,9,o_proj,2048x2048,global_mag_s80,unstructured,0.8,,2048,2048,838861,0.7999999523162842,6f8cfeb6be32eaa6,
qwen25_3b_l09_o_proj_wanda_s80,Qwen2.5-3B-Instruct,qwen25_3b,model.layers.9.self_attn.o_proj.weight,qwen25_3b_block_09,9,o_proj,2048x2048,wanda_s80,activation_aware_unstructured,0.8,,2048,2048,838861,0.7999999523162842,0c36aa6f16f545e5,qwen25_activation_rms_16prompts.npz
qwen25_3b_l09_o_proj_global_mag_s90,Qwen2.5-3B-Instruct,qwen25_3b,model.layers.9.self_attn.o_proj.weight,qwen25_3b_block_09,9,o_proj,2048x2048,global_mag_s90,unstructured,0.9,,2048,2048,419430,0.9000000953674316,44016b3367940fea,
qwen25_3b_l09_o_proj_wanda_s90,Qwen2.5-3B-Instruct,qwen25_3b,model.layers.9.self_attn.o_proj.weight,qwen25_3b_block_09,9,o_proj,2048x2048,wanda_s90,activation_aware_unstructured,0.9,,2048,2048,419430,0.9000000953674316,ae529f7b68a9700e,qwen25_activation_rms_16prompts.npz
qwen25_3b_l09_q_proj_global_mag_s70,Qwen2.5-3B-Instruct,qwen25_3b,model.layers.9.self_attn.q_proj.weight,qwen25_3b_block_09,9,q_proj,2048x2048,global_mag_s70,unstructured,0.7,,2048,2048,1258291,0.7000000476837158,3c43c89373940c47,
qwen25_3b_l09_q_proj_wanda_s70,Qwen2.5-3B-Instruct,qwen25_3b,model.layers.9.self_attn.q_proj.weight,qwen25_3b_block_09,9,q_proj,2048x2048,wanda_s70,activation_aware_unstructured,0.7,,2048,2048,1258291,0.7000000476837158,36e108b3c95055c2,qwen25_activation_rms_16prompts.npz
qwen25_3b_l09_q_proj_global_mag_s80,Qwen2.5-3B-Instruct,qwen25_3b,model.layers.9.self_attn.q_proj.weight,qwen25_3b_block_09,9,q_proj,2048x2048,global_mag_s80,unstructured,0.8,,2048,2048,838861,0.7999999523162842,acbd4930191ada66,
qwen25_3b_l09_q_proj_wanda_s80,Qwen2.5-3B-Instruct,qwen25_3b,model.layers.9.self_attn.q_proj.weight,qwen25_3b_block_09,9,q_proj,2048x2048,wanda_s80,activation_aware_unstructured,0.8,,2048,2048,838861,0.7999999523162842,b94411066082e946,qwen25_activation_rms_16prompts.npz
qwen25_3b_l09_q_proj_global_mag_s90,Qwen2.5-3B-Instruct,qwen25_3b,model.layers.9.self_attn.q_proj.weight,qwen25_3b_block_09,9,q_proj,2048x2048,global_mag_s90,unstructured,0.9,,2048,2048,419430,0.9000000953674316,0e21d1a21f536ef1,
qwen25_3b_l09_q_proj_wanda_s90,Qwen2.5-3B-Instruct,qwen25_3b,model.layers.9.self_attn.q_proj.weight,qwen25_3b_block_09,9,q_proj,2048x2048,wanda_s90,activation_aware_unstructured,0.9,,2048,2048,419430,0.9000000953674316,f347264b1c5d86ab,qwen25_activation_rms_16prompts.npz
qwen25_3b_l11_o_proj_global_mag_s70,Qwen2.5-3B-Instruct,qwen25_3b,model.layers.11.self_attn.o_proj.weight,qwen25_3b_block_11,11,o_proj,2048x2048,global_mag_s70,unstructured,0.7,,2048,2048,1258291,0.7000000476837158,0327c4c2d49d70eb,
qwen25_3b_l11_o_proj_wanda_s70,Qwen2.5-3B-Instruct,qwen25_3b,model.layers.11.self_attn.o_proj.weight,qwen25_3b_block_11,11,o_proj,2048x2048,wanda_s70,activation_aware_unstructured,0.7,,2048,2048,1258291,0.7000000476837158,91b9a2fa5ffcc217,qwen25_activation_rms_16prompts.npz
qwen25_3b_l11_o_proj_global_mag_s80,Qwen2.5-3B-Instruct,qwen25_3b,model.layers.11.self_attn.o_proj.weight,qwen25_3b_block_11,11,o_proj,2048x2048,global_mag_s80,unstructured,0.8,,2048,2048,838861,0.7999999523162842,241c592aa5f2ef4f,
qwen25_3b_l11_o_proj_wanda_s80,Qwen2.5-3B-Instruct,qwen25_3b,model.layers.11.self_attn.o_proj.weight,qwen25_3b_block_11,11,o_proj,2048x2048,wanda_s80,activation_aware_unstructured,0.8,,2048,2048,838861,0.7999999523162842,c6890ca72b7173c5,qwen25_activation_rms_16prompts.npz
qwen25_3b_l11_o_proj_global_mag_s90,Qwen2.5-3B-Instruct,qwen25_3b,model.layers.11.self_attn.o_proj.weight,qwen25_3b_block_11,11,o_proj,2048x2048,global_mag_s90,unstructured,0.9,,2048,2048,419430,0.9000000953674316,1db4154581b40286,
qwen25_3b_l11_o_proj_wanda_s90,Qwen2.5-3B-Instruct,qwen25_3b,model.layers.11.self_attn.o_proj.weight,qwen25_3b_block_11,11,o_proj,2048x2048,wanda_s90,activation_aware_unstructured,0.9,,2048,2048,419430,0.9000000953674316,81530839d5cf909a,qwen25_activation_rms_16prompts.npz
qwen25_3b_l11_q_proj_global_mag_s70,Qwen2.5-3B-Instruct,qwen25_3b,model.layers.11.self_attn.q_proj.weight,qwen25_3b_block_11,11,q_proj,2048x2048,global_mag_s70,unstructured,0.7,,2048,2048,1258291,0.7000000476837158,e03013fc2d28e932,
qwen25_3b_l11_q_proj_wanda_s70,Qwen2.5-3B-Instruct,qwen25_3b,model.layers.11.self_attn.q_proj.weight,qwen25_3b_block_11,11,q_proj,2048x2048,wanda_s70,activation_aware_unstructured,0.7,,2048,2048,1258291,0.7000000476837158,0dbf5cdce7ec58ae,qwen25_activation_rms_16prompts.npz
qwen25_3b_l11_q_proj_global_mag_s80,Qwen2.5-3B-Instruct,qwen25_3b,model.layers.11.self_attn.q_proj.weight,qwen25_3b_block_11,11,q_proj,2048x2048,global_mag_s80,unstructured,0.8,,2048,2048,838861,0.7999999523162842,1e8e122f621bdabb,
qwen25_3b_l11_q_proj_wanda_s80,Qwen2.5-3B-Instruct,qwen25_3b,model.layers.11.self_attn.q_proj.weight,qwen25_3b_block_11,11,q_proj,2048x2048,wanda_s80,activation_aware_unstructured,0.8,,2048,2048,838861,0.7999999523162842,8e676a621a6b012f,qwen25_activation_rms_16prompts.npz
qwen25_3b_l11_q_proj_global_mag_s90,Qwen2.5-3B-Instruct,qwen25_3b,model.layers.11.self_attn.q_proj.weight,qwen25_3b_block_11,11,q_proj,2048x2048,global_mag_s90,unstructured,0.9,,2048,2048,419430,0.9000000953674316,9ac44af4e013ce93,
qwen25_3b_l11_q_proj_wanda_s90,Qwen2.5-3B-Instruct,qwen25_3b,model.layers.11.self_attn.q_proj.weight,qwen25_3b_block_11,11,q_proj,2048x2048,wanda_s90,activation_aware_unstructured,0.9,,2048,2048,419430,0.9000000953674316,ab2caf04c1360284,qwen25_activation_rms_16prompts.npz
qwen25_3b_l12_o_proj_global_mag_s70,Qwen2.5-3B-Instruct,qwen25_3b,model.layers.12.self_attn.o_proj.weight,qwen25_3b_block_12,12,o_proj,2048x2048,global_mag_s70,unstructured,0.7,,2048,2048,1258291,0.7000000476837158,48d841aff3a4603e,
qwen25_3b_l12_o_proj_wanda_s70,Qwen2.5-3B-Instruct,qwen25_3b,model.layers.12.self_attn.o_proj.weight,qwen25_3b_block_12,12,o_proj,2048x2048,wanda_s70,activation_aware_unstructured,0.7,,2048,2048,1258291,0.7000000476837158,29603658b51c3948,qwen25_activation_rms_16prompts.npz
qwen25_3b_l12_o_proj_global_mag_s80,Qwen2.5-3B-Instruct,qwen25_3b,model.layers.12.self_attn.o_proj.weight,qwen25_3b_block_12,12,o_proj,2048x2048,global_mag_s80,unstructured,0.8,,2048,2048,838861,0.7999999523162842,1949d24cd7c10b07,
qwen25_3b_l12_o_proj_wanda_s80,Qwen2.5-3B-Instruct,qwen25_3b,model.layers.12.self_attn.o_proj.weight,qwen25_3b_block_12,12,o_proj,2048x2048,wanda_s80,activation_aware_unstructured,0.8,,2048,2048,838861,0.7999999523162842,f50972ad978a188f,qwen25_activation_rms_16prompts.npz
qwen25_3b_l12_o_proj_global_mag_s90,Qwen2.5-3B-Instruct,qwen25_3b,model.layers.12.self_attn.o_proj.weight,qwen25_3b_block_12,12,o_proj,2048x2048,global_mag_s90,unstructured,0.9,,2048,2048,419430,0.9000000953674316,a37ea9322bad4a5c,
qwen25_3b_l12_o_proj_wanda_s90,Qwen2.5-3B-Instruct,qwen25_3b,model.layers.12.self_attn.o_proj.weight,qwen25_3b_block_12,12,o_proj,2048x2048,wanda_s90,activation_aware_unstructured,0.9,,2048,2048,419430,0.9000000953674316,255830f110ec6b9c,qwen25_activation_rms_16prompts.npz
qwen25_3b_l12_q_proj_global_mag_s70,Qwen2.5-3B-Instruct,qwen25_3b,model.layers.12.self_attn.q_proj.weight,qwen25_3b_block_12,12,q_proj,2048x2048,global_mag_s70,unstructured,0.7,,2048,2048,1258291,0.7000000476837158,0c89ab3d21662f96,
qwen25_3b_l12_q_proj_wanda_s70,Qwen2.5-3B-Instruct,qwen25_3b,model.layers.12.self_attn.q_proj.weight,qwen25_3b_block_12,12,q_proj,2048x2048,wanda_s70,activation_aware_unstructured,0.7,,2048,2048,1258291,0.7000000476837158,64c84bab2cfb4267,qwen25_activation_rms_16prompts.npz
qwen25_3b_l12_q_proj_global_mag_s80,Qwen2.5-3B-Instruct,qwen25_3b,model.layers.12.self_attn.q_proj.weight,qwen25_3b_block_12,12,q_proj,2048x2048,global_mag_s80,unstructured,0.8,,2048,2048,838861,0.7999999523162842,63506508f3b30a72,
qwen25_3b_l12_q_proj_wanda_s80,Qwen2.5-3B-Instruct,qwen25_3b,model.layers.12.self_attn.q_proj.weight,qwen25_3b_block_12,12,q_proj,2048x2048,wanda_s80,activation_aware_unstructured,0.8,,2048,2048,838861,0.7999999523162842,aaefa690f51fdad9,qwen25_activation_rms_16prompts.npz
qwen25_3b_l12_q_proj_global_mag_s90,Qwen2.5-3B-Instruct,qwen25_3b,model.layers.12.self_attn.q_proj.weight,qwen25_3b_block_12,12,q_proj,2048x2048,global_mag_s90,unstructured,0.9,,2048,2048,419430,0.9000000953674316,d3630d5a81c94be7,
qwen25_3b_l12_q_proj_wanda_s90,Qwen2.5-3B-Instruct,qwen25_3b,model.layers.12.self_attn.q_proj.weight,qwen25_3b_block_12,12,q_proj,2048x2048,wanda_s90,activation_aware_unstructured,0.9,,2048,2048,419430,0.9000000953674316,a3a33f5a9d843562,qwen25_activation_rms_16prompts.npz
qwen25_3b_l13_o_proj_global_mag_s70,Qwen2.5-3B-Instruct,qwen25_3b,model.layers.13.self_attn.o_proj.weight,qwen25_3b_block_13,13,o_proj,2048x2048,global_mag_s70,unstructured,0.7,,2048,2048,1258291,0.7000000476837158,0d63281416c6539b,
qwen25_3b_l13_o_proj_wanda_s70,Qwen2.5-3B-Instruct,qwen25_3b,model.layers.13.self_attn.o_proj.weight,qwen25_3b_block_13,13,o_proj,2048x2048,wanda_s70,activation_aware_unstructured,0.7,,2048,2048,1258291,0.7000000476837158,59893dfc4c402611,qwen25_activation_rms_16prompts.npz
qwen25_3b_l13_o_proj_global_mag_s80,Qwen2.5-3B-Instruct,qwen25_3b,model.layers.13.self_attn.o_proj.weight,qwen25_3b_block_13,13,o_proj,2048x2048,global_mag_s80,unstructured,0.8,,2048,2048,838861,0.7999999523162842,e7cf6da91382427b,
qwen25_3b_l13_o_proj_wanda_s80,Qwen2.5-3B-Instruct,qwen25_3b,model.layers.13.self_attn.o_proj.weight,qwen25_3b_block_13,13,o_proj,2048x2048,wanda_s80,activation_aware_unstructured,0.8,,2048,2048,838861,0.7999999523162842,8b80c47cbdeabf50,qwen25_activation_rms_16prompts.npz
qwen25_3b_l13_o_proj_global_mag_s90,Qwen2.5-3B-Instruct,qwen25_3b,model.layers.13.self_attn.o_proj.weight,qwen25_3b_block_13,13,o_proj,2048x2048,global_mag_s90,unstructured,0.9,,2048,2048,419430,0.9000000953674316,0737d8eae964eeff,
qwen25_3b_l13_o_proj_wanda_s90,Qwen2.5-3B-Instruct,qwen25_3b,model.layers.13.self_attn.o_proj.weight,qwen25_3b_block_13,13,o_proj,2048x2048,wanda_s90,activation_aware_unstructured,0.9,,2048,2048,419430,0.9000000953674316,de8aa96bbc2fb341,qwen25_activation_rms_16prompts.npz
qwen25_3b_l13_q_proj_global_mag_s70,Qwen2.5-3B-Instruct,qwen25_3b,model.layers.13.self_attn.q_proj.weight,qwen25_3b_block_13,13,q_proj,2048x2048,global_mag_s70,unstructured,0.7,,2048,2048,1258291,0.7000000476837158,785580d0a2586308,
qwen25_3b_l13_q_proj_wanda_s70,Qwen2.5-3B-Instruct,qwen25_3b,model.layers.13.self_attn.q_proj.weight,qwen25_3b_block_13,13,q_proj,2048x2048,wanda_s70,activation_aware_unstructured,0.7,,2048,2048,1258291,0.7000000476837158,f365ca41682fbca5,qwen25_activation_rms_16prompts.npz
qwen25_3b_l13_q_proj_global_mag_s80,Qwen2.5-3B-Instruct,qwen25_3b,model.layers.13.self_attn.q_proj.weight,qwen25_3b_block_13,13,q_proj,2048x2048,global_mag_s80,unstructured,0.8,,2048,2048,838861,0.7999999523162842,01fbc81842229226,
qwen25_3b_l13_q_proj_wanda_s80,Qwen2.5-3B-Instruct,qwen25_3b,model.layers.13.self_attn.q_proj.weight,qwen25_3b_block_13,13,q_proj,2048x2048,wanda_s80,activation_aware_unstructured,0.8,,2048,2048,838861,0.7999999523162842,451e5f2ab2928928,qwen25_activation_rms_16prompts.npz
qwen25_3b_l13_q_proj_global_mag_s90,Qwen2.5-3B-Instruct,qwen25_3b,model.layers.13.self_attn.q_proj.weight,qwen25_3b_block_13,13,q_proj,2048x2048,global_mag_s90,unstructured,0.9,,2048,2048,419430,0.9000000953674316,a64c250f29619091,
qwen25_3b_l13_q_proj_wanda_s90,Qwen2.5-3B-Instruct,qwen25_3b,model.layers.13.self_attn.q_proj.weight,qwen25_3b_block_13,13,q_proj,2048x2048,wanda_s90,activation_aware_unstructured,0.9,,2048,2048,419430,0.9000000953674316,052a577a0464bb46,qwen25_activation_rms_16prompts.npz
qwen25_3b_l14_o_proj_global_mag_s70,Qwen2.5-3B-Instruct,qwen25_3b,model.layers.14.self_attn.o_proj.weight,qwen25_3b_block_14,14,o_proj,2048x2048,global_mag_s70,unstructured,0.7,,2048,2048,1258291,0.7000000476837158,b2e56841bd6219d1,
qwen25_3b_l14_o_proj_wanda_s70,Qwen2.5-3B-Instruct,qwen25_3b,model.layers.14.self_attn.o_proj.weight,qwen25_3b_block_14,14,o_proj,2048x2048,wanda_s70,activation_aware_unstructured,0.7,,2048,2048,1258291,0.7000000476837158,3e2878b3878d8f9a,qwen25_activation_rms_16prompts.npz
qwen25_3b_l14_o_proj_global_mag_s80,Qwen2.5-3B-Instruct,qwen25_3b,model.layers.14.self_attn.o_proj.weight,qwen25_3b_block_14,14,o_proj,2048x2048,global_mag_s80,unstructured,0.8,,2048,2048,838861,0.7999999523162842,a60c76e087e9eda2,
qwen25_3b_l14_o_proj_wanda_s80,Qwen2.5-3B-Instruct,qwen25_3b,model.layers.14.self_attn.o_proj.weight,qwen25_3b_block_14,14,o_proj,2048x2048,wanda_s80,activation_aware_unstructured,0.8,,2048,2048,838861,0.7999999523162842,4cdd561daa367533,qwen25_activation_rms_16prompts.npz
qwen25_3b_l14_o_proj_global_mag_s90,Qwen2.5-3B-Instruct,qwen25_3b,model.layers.14.self_attn.o_proj.weight,qwen25_3b_block_14,14,o_proj,2048x2048,global_mag_s90,unstructured,0.9,,2048,2048,419430,0.9000000953674316,ac37a921c1ced8c5,
qwen25_3b_l14_o_proj_wanda_s90,Qwen2.5-3B-Instruct,qwen25_3b,model.layers.14.self_attn.o_proj.weight,qwen25_3b_block_14,14,o_proj,2048x2048,wanda_s90,activation_aware_unstructured,0.9,,2048,2048,419430,0.9000000953674316,b968434db7659710,qwen25_activation_rms_16prompts.npz
qwen25_3b_l14_q_proj_global_mag_s70,Qwen2.5-3B-Instruct,qwen25_3b,model.layers.14.self_attn.q_proj.weight,qwen25_3b_block_14,14,q_proj,2048x2048,global_mag_s70,unstructured,0.7,,2048,2048,1258291,0.7000000476837158,ad146ed198052cf5,
qwen25_3b_l14_q_proj_wanda_s70,Qwen2.5-3B-Instruct,qwen25_3b,model.layers.14.self_attn.q_proj.weight,qwen25_3b_block_14,14,q_proj,2048x2048,wanda_s70,activation_aware_unstructured,0.7,,2048,2048,1258291,0.7000000476837158,948833a840376741,qwen25_activation_rms_16prompts.npz
qwen25_3b_l14_q_proj_global_mag_s80,Qwen2.5-3B-Instruct,qwen25_3b,model.layers.14.self_attn.q_proj.weight,qwen25_3b_block_14,14,q_proj,2048x2048,global_mag_s80,unstructured,0.8,,2048,2048,838861,0.7999999523162842,d2523e105f366ba0,
qwen25_3b_l14_q_proj_wanda_s80,Qwen2.5-3B-Instruct,qwen25_3b,model.layers.14.self_attn.q_proj.weight,qwen25_3b_block_14,14,q_proj,2048x2048,wanda_s80,activation_aware_unstructured,0.8,,2048,2048,838861,0.7999999523162842,4fe62b18086e21e6,qwen25_activation_rms_16prompts.npz
qwen25_3b_l14_q_proj_global_mag_s90,Qwen2.5-3B-Instruct,qwen25_3b,model.layers.14.self_attn.q_proj.weight,qwen25_3b_block_14,14,q_proj,2048x2048,global_mag_s90,unstructured,0.9,,2048,2048,419430,0.9000000953674316,25b9a088ee12b277,
qwen25_3b_l14_q_proj_wanda_s90,Qwen2.5-3B-Instruct,qwen25_3b,model.layers.14.self_attn.q_proj.weight,qwen25_3b_block_14,14,q_proj,2048x2048,wanda_s90,activation_aware_unstructured,0.9,,2048,2048,419430,0.9000000953674316,c7e9500ed392cf07,qwen25_activation_rms_16prompts.npz
qwen25_3b_l16_o_proj_global_mag_s70,Qwen2.5-3B-Instruct,qwen25_3b,model.layers.16.self_attn.o_proj.weight,qwen25_3b_block_16,16,o_proj,2048x2048,global_mag_s70,unstructured,0.7,,2048,2048,1258291,0.7000000476837158,bc3b2baaa8b61d6e,
qwen25_3b_l16_o_proj_wanda_s70,Qwen2.5-3B-Instruct,qwen25_3b,model.layers.16.self_attn.o_proj.weight,qwen25_3b_block_16,16,o_proj,2048x2048,wanda_s70,activation_aware_unstructured,0.7,,2048,2048,1258291,0.7000000476837158,b4838a1af5053ab2,qwen25_activation_rms_16prompts.npz
qwen25_3b_l16_o_proj_global_mag_s80,Qwen2.5-3B-Instruct,qwen25_3b,model.layers.16.self_attn.o_proj.weight,qwen25_3b_block_16,16,o_proj,2048x2048,global_mag_s80,unstructured,0.8,,2048,2048,838861,0.7999999523162842,c62fabc55e699d45,
qwen25_3b_l16_o_proj_wanda_s80,Qwen2.5-3B-Instruct,qwen25_3b,model.layers.16.self_attn.o_proj.weight,qwen25_3b_block_16,16,o_proj,2048x2048,wanda_s80,activation_aware_unstructured,0.8,,2048,2048,838861,0.7999999523162842,46dcb398ca6912b9,qwen25_activation_rms_16prompts.npz
qwen25_3b_l16_o_proj_global_mag_s90,Qwen2.5-3B-Instruct,qwen25_3b,model.layers.16.self_attn.o_proj.weight,qwen25_3b_block_16,16,o_proj,2048x2048,global_mag_s90,unstructured,0.9,,2048,2048,419430,0.9000000953674316,82fc1d91a3ef930e,
qwen25_3b_l16_o_proj_wanda_s90,Qwen2.5-3B-Instruct,qwen25_3b,model.layers.16.self_attn.o_proj.weight,qwen25_3b_block_16,16,o_proj,2048x2048,wanda_s90,activation_aware_unstructured,0.9,,2048,2048,419430,0.9000000953674316,16836496bb3c78e0,qwen25_activation_rms_16prompts.npz
qwen25_3b_l16_q_proj_global_mag_s70,Qwen2.5-3B-Instruct,qwen25_3b,model.layers.16.self_attn.q_proj.weight,qwen25_3b_block_16,16,q_proj,2048x2048,global_mag_s70,unstructured,0.7,,2048,2048,1258291,0.7000000476837158,6d1c4693be64a02f,
qwen25_3b_l16_q_proj_wanda_s70,Qwen2.5-3B-Instruct,qwen25_3b,model.layers.16.self_attn.q_proj.weight,qwen25_3b_block_16,16,q_proj,2048x2048,wanda_s70,activation_aware_unstructured,0.7,,2048,2048,1258291,0.7000000476837158,0050eb1f691cadf6,qwen25_activation_rms_16prompts.npz
qwen25_3b_l16_q_proj_global_mag_s80,Qwen2.5-3B-Instruct,qwen25_3b,model.layers.16.self_attn.q_proj.weight,qwen25_3b_block_16,16,q_proj,2048x2048,global_mag_s80,unstructured,0.8,,2048,2048,838861,0.7999999523162842,80b6fdd9ab7fdd28,
qwen25_3b_l16_q_proj_wanda_s80,Qwen2.5-3B-Instruct,qwen25_3b,model.layers.16.self_attn.q_proj.weight,qwen25_3b_block_16,16,q_proj,2048x2048,wanda_s80,activation_aware_unstructured,0.8,,2048,2048,838861,0.7999999523162842,e358af215e2ed23f,qwen25_activation_rms_16prompts.npz
qwen25_3b_l16_q_proj_global_mag_s90,Qwen2.5-3B-Instruct,qwen25_3b,model.layers.16.self_attn.q_proj.weight,qwen25_3b_block_16,16,q_proj,2048x2048,global_mag_s90,unstructured,0.9,,2048,2048,419430,0.9000000953674316,704a70cdb8714f9c,
qwen25_3b_l16_q_proj_wanda_s90,Qwen2.5-3B-Instruct,qwen25_3b,model.layers.16.self_attn.q_proj.weight,qwen25_3b_block_16,16,q_proj,2048x2048,wanda_s90,activation_aware_unstructured,0.9,,2048,2048,419430,0.9000000953674316,2ee2e337d94ee143,qwen25_activation_rms_16prompts.npz
qwen25_3b_l17_o_proj_global_mag_s70,Qwen2.5-3B-Instruct,qwen25_3b,model.layers.17.self_attn.o_proj.weight,qwen25_3b_block_17,17,o_proj,2048x2048,global_mag_s70,unstructured,0.7,,2048,2048,1258291,0.7000000476837158,38f83b681dbce02b,
qwen25_3b_l17_o_proj_wanda_s70,Qwen2.5-3B-Instruct,qwen25_3b,model.layers.17.self_attn.o_proj.weight,qwen25_3b_block_17,17,o_proj,2048x2048,wanda_s70,activation_aware_unstructured,0.7,,2048,2048,1258291,0.7000000476837158,1f67bfd4fa0c631e,qwen25_activation_rms_16prompts.npz
qwen25_3b_l17_o_proj_global_mag_s80,Qwen2.5-3B-Instruct,qwen25_3b,model.layers.17.self_attn.o_proj.weight,qwen25_3b_block_17,17,o_proj,2048x2048,global_mag_s80,unstructured,0.8,,2048,2048,838861,0.7999999523162842,7dbc742612c88e0e,
qwen25_3b_l17_o_proj_wanda_s80,Qwen2.5-3B-Instruct,qwen25_3b,model.layers.17.self_attn.o_proj.weight,qwen25_3b_block_17,17,o_proj,2048x2048,wanda_s80,activation_aware_unstructured,0.8,,2048,2048,838861,0.7999999523162842,fca334449d0c3154,qwen25_activation_rms_16prompts.npz
qwen25_3b_l17_o_proj_global_mag_s90,Qwen2.5-3B-Instruct,qwen25_3b,model.layers.17.self_attn.o_proj.weight,qwen25_3b_block_17,17,o_proj,2048x2048,global_mag_s90,unstructured,0.9,,2048,2048,419430,0.9000000953674316,aee2e1822e4fc179,
qwen25_3b_l17_o_proj_wanda_s90,Qwen2.5-3B-Instruct,qwen25_3b,model.layers.17.self_attn.o_proj.weight,qwen25_3b_block_17,17,o_proj,2048x2048,wanda_s90,activation_aware_unstructured,0.9,,2048,2048,419430,0.9000000953674316,a2e5b6a2b86e5f8d,qwen25_activation_rms_16prompts.npz
qwen25_3b_l17_q_proj_global_mag_s70,Qwen2.5-3B-Instruct,qwen25_3b,model.layers.17.self_attn.q_proj.weight,qwen25_3b_block_17,17,q_proj,2048x2048,global_mag_s70,unstructured,0.7,,2048,2048,1258291,0.7000000476837158,b565563ddf31a762,
qwen25_3b_l17_q_proj_wanda_s70,Qwen2.5-3B-Instruct,qwen25_3b,model.layers.17.self_attn.q_proj.weight,qwen25_3b_block_17,17,q_proj,2048x2048,wanda_s70,activation_aware_unstructured,0.7,,2048,2048,1258291,0.7000000476837158,88c58f24b46a11ea,qwen25_activation_rms_16prompts.npz
qwen25_3b_l17_q_proj_global_mag_s80,Qwen2.5-3B-Instruct,qwen25_3b,model.layers.17.self_attn.q_proj.weight,qwen25_3b_block_17,17,q_proj,2048x2048,global_mag_s80,unstructured,0.8,,2048,2048,838861,0.7999999523162842,143d5e3545eb3eb6,
qwen25_3b_l17_q_proj_wanda_s80,Qwen2.5-3B-Instruct,qwen25_3b,model.layers.17.self_attn.q_proj.weight,qwen25_3b_block_17,17,q_proj,2048x2048,wanda_s80,activation_aware_unstructured,0.8,,2048,2048,838861,0.7999999523162842,631d956697823052,qwen25_activation_rms_16prompts.npz
qwen25_3b_l17_q_proj_global_mag_s90,Qwen2.5-3B-Instruct,qwen25_3b,model.layers.17.self_attn.q_proj.weight,qwen25_3b_block_17,17,q_proj,2048x2048,global_mag_s90,unstructured,0.9,,2048,2048,419430,0.9000000953674316,28278b6c9dec61de,
qwen25_3b_l17_q_proj_wanda_s90,Qwen2.5-3B-Instruct,qwen25_3b,model.layers.17.self_attn.q_proj.weight,qwen25_3b_block_17,17,q_proj,2048x2048,wanda_s90,activation_aware_unstructured,0.9,,2048,2048,419430,0.9000000953674316,ad5ee2cde6e90da7,qwen25_activation_rms_16prompts.npz
qwen25_3b_l18_o_proj_global_mag_s70,Qwen2.5-3B-Instruct,qwen25_3b,model.layers.18.self_attn.o_proj.weight,qwen25_3b_block_18,18,o_proj,2048x2048,global_mag_s70,unstructured,0.7,,2048,2048,1258291,0.7000000476837158,971e9903db33717d,
qwen25_3b_l18_o_proj_wanda_s70,Qwen2.5-3B-Instruct,qwen25_3b,model.layers.18.self_attn.o_proj.weight,qwen25_3b_block_18,18,o_proj,2048x2048,wanda_s70,activation_aware_unstructured,0.7,,2048,2048,1258291,0.7000000476837158,85f26132e90956ce,qwen25_activation_rms_16prompts.npz
qwen25_3b_l18_o_proj_global_mag_s80,Qwen2.5-3B-Instruct,qwen25_3b,model.layers.18.self_attn.o_proj.weight,qwen25_3b_block_18,18,o_proj,2048x2048,global_mag_s80,unstructured,0.8,,2048,2048,838861,0.7999999523162842,62e9b5c8bbebdfdc,
qwen25_3b_l18_o_proj_wanda_s80,Qwen2.5-3B-Instruct,qwen25_3b,model.layers.18.self_attn.o_proj.weight,qwen25_3b_block_18,18,o_proj,2048x2048,wanda_s80,activation_aware_unstructured,0.8,,2048,2048,838861,0.7999999523162842,8ff6fd19277e075d,qwen25_activation_rms_16prompts.npz
qwen25_3b_l18_o_proj_global_mag_s90,Qwen2.5-3B-Instruct,qwen25_3b,model.layers.18.self_attn.o_proj.weight,qwen25_3b_block_18,18,o_proj,2048x2048,global_mag_s90,unstructured,0.9,,2048,2048,419430,0.9000000953674316,9f12168c562cb345,
qwen25_3b_l18_o_proj_wanda_s90,Qwen2.5-3B-Instruct,qwen25_3b,model.layers.18.self_attn.o_proj.weight,qwen25_3b_block_18,18,o_proj,2048x2048,wanda_s90,activation_aware_unstructured,0.9,,2048,2048,419430,0.9000000953674316,a322c952494eb228,qwen25_activation_rms_16prompts.npz
qwen25_3b_l18_q_proj_global_mag_s70,Qwen2.5-3B-Instruct,qwen25_3b,model.layers.18.self_attn.q_proj.weight,qwen25_3b_block_18,18,q_proj,2048x2048,global_mag_s70,unstructured,0.7,,2048,2048,1258291,0.7000000476837158,3a7b2d51d35b7f2f,
qwen25_3b_l18_q_proj_wanda_s70,Qwen2.5-3B-Instruct,qwen25_3b,model.layers.18.self_attn.q_proj.weight,qwen25_3b_block_18,18,q_proj,2048x2048,wanda_s70,activation_aware_unstructured,0.7,,2048,2048,1258291,0.7000000476837158,12812f08c5b6743a,qwen25_activation_rms_16prompts.npz
qwen25_3b_l18_q_proj_global_mag_s80,Qwen2.5-3B-Instruct,qwen25_3b,model.layers.18.self_attn.q_proj.weight,qwen25_3b_block_18,18,q_proj,2048x2048,global_mag_s80,unstructured,0.8,,2048,2048,838861,0.7999999523162842,9de7e75d07b78974,
qwen25_3b_l18_q_proj_wanda_s80,Qwen2.5-3B-Instruct,qwen25_3b,model.layers.18.self_attn.q_proj.weight,qwen25_3b_block_18,18,q_proj,2048x2048,wanda_s80,activation_aware_unstructured,0.8,,2048,2048,838861,0.7999999523162842,a0f300a4e9cbb6f7,qwen25_activation_rms_16prompts.npz
qwen25_3b_l18_q_proj_global_mag_s90,Qwen2.5-3B-Instruct,qwen25_3b,model.layers.18.self_attn.q_proj.weight,qwen25_3b_block_18,18,q_proj,2048x2048,global_mag_s90,unstructured,0.9,,2048,2048,419430,0.9000000953674316,2f0f3731ec7cfd87,
qwen25_3b_l18_q_proj_wanda_s90,Qwen2.5-3B-Instruct,qwen25_3b,model.layers.18.self_attn.q_proj.weight,qwen25_3b_block_18,18,q_proj,2048x2048,wanda_s90,activation_aware_unstructured,0.9,,2048,2048,419430,0.9000000953674316,b2a893c85b5d3946,qwen25_activation_rms_16prompts.npz
qwen25_3b_l19_o_proj_global_mag_s70,Qwen2.5-3B-Instruct,qwen25_3b,model.layers.19.self_attn.o_proj.weight,qwen25_3b_block_19,19,o_proj,2048x2048,global_mag_s70,unstructured,0.7,,2048,2048,1258291,0.7000000476837158,0d43b3c88436947c,
qwen25_3b_l19_o_proj_wanda_s70,Qwen2.5-3B-Instruct,qwen25_3b,model.layers.19.self_attn.o_proj.weight,qwen25_3b_block_19,19,o_proj,2048x2048,wanda_s70,activation_aware_unstructured,0.7,,2048,2048,1258291,0.7000000476837158,4b571d54c6cdab47,qwen25_activation_rms_16prompts.npz
qwen25_3b_l19_o_proj_global_mag_s80,Qwen2.5-3B-Instruct,qwen25_3b,model.layers.19.self_attn.o_proj.weight,qwen25_3b_block_19,19,o_proj,2048x2048,global_mag_s80,unstructured,0.8,,2048,2048,838861,0.7999999523162842,50277589212410d5,
qwen25_3b_l19_o_proj_wanda_s80,Qwen2.5-3B-Instruct,qwen25_3b,model.layers.19.self_attn.o_proj.weight,qwen25_3b_block_19,19,o_proj,2048x2048,wanda_s80,activation_aware_unstructured,0.8,,2048,2048,838861,0.7999999523162842,686bbe3ff852829b,qwen25_activation_rms_16prompts.npz
qwen25_3b_l19_o_proj_global_mag_s90,Qwen2.5-3B-Instruct,qwen25_3b,model.layers.19.self_attn.o_proj.weight,qwen25_3b_block_19,19,o_proj,2048x2048,global_mag_s90,unstructured,0.9,,2048,2048,419430,0.9000000953674316,61e78ba9a6f2c46e,
qwen25_3b_l19_o_proj_wanda_s90,Qwen2.5-3B-Instruct,qwen25_3b,model.layers.19.self_attn.o_proj.weight,qwen25_3b_block_19,19,o_proj,2048x2048,wanda_s90,activation_aware_unstructured,0.9,,2048,2048,419430,0.9000000953674316,467f4e8777b5e472,qwen25_activation_rms_16prompts.npz
qwen25_3b_l19_q_proj_global_mag_s70,Qwen2.5-3B-Instruct,qwen25_3b,model.layers.19.self_attn.q_proj.weight,qwen25_3b_block_19,19,q_proj,2048x2048,global_mag_s70,unstructured,0.7,,2048,2048,1258291,0.7000000476837158,e70a41456f00ad72,
qwen25_3b_l19_q_proj_wanda_s70,Qwen2.5-3B-Instruct,qwen25_3b,model.layers.19.self_attn.q_proj.weight,qwen25_3b_block_19,19,q_proj,2048x2048,wanda_s70,activation_aware_unstructured,0.7,,2048,2048,1258291,0.7000000476837158,b1fc119f2440d764,qwen25_activation_rms_16prompts.npz
qwen25_3b_l19_q_proj_global_mag_s80,Qwen2.5-3B-Instruct,qwen25_3b,model.layers.19.self_attn.q_proj.weight,qwen25_3b_block_19,19,q_proj,2048x2048,global_mag_s80,unstructured,0.8,,2048,2048,838861,0.7999999523162842,9718a465f9f76cef,
qwen25_3b_l19_q_proj_wanda_s80,Qwen2.5-3B-Instruct,qwen25_3b,model.layers.19.self_attn.q_proj.weight,qwen25_3b_block_19,19,q_proj,2048x2048,wanda_s80,activation_aware_unstructured,0.8,,2048,2048,838861,0.7999999523162842,f61e389d84266352,qwen25_activation_rms_16prompts.npz
qwen25_3b_l19_q_proj_global_mag_s90,Qwen2.5-3B-Instruct,qwen25_3b,model.layers.19.self_attn.q_proj.weight,qwen25_3b_block_19,19,q_proj,2048x2048,global_mag_s90,unstructured,0.9,,2048,2048,419430,0.9000000953674316,320bf3a07ba506d8,
qwen25_3b_l19_q_proj_wanda_s90,Qwen2.5-3B-Instruct,qwen25_3b,model.layers.19.self_attn.q_proj.weight,qwen25_3b_block_19,19,q_proj,2048x2048,wanda_s90,activation_aware_unstructured,0.9,,2048,2048,419430,0.9000000953674316,e753cd4d58f87dc8,qwen25_activation_rms_16prompts.npz
qwen25_3b_l21_o_proj_global_mag_s70,Qwen2.5-3B-Instruct,qwen25_3b,model.layers.21.self_attn.o_proj.weight,qwen25_3b_block_21,21,o_proj,2048x2048,global_mag_s70,unstructured,0.7,,2048,2048,1258291,0.7000000476837158,a85dc0edaf2b21fa,
qwen25_3b_l21_o_proj_wanda_s70,Qwen2.5-3B-Instruct,qwen25_3b,model.layers.21.self_attn.o_proj.weight,qwen25_3b_block_21,21,o_proj,2048x2048,wanda_s70,activation_aware_unstructured,0.7,,2048,2048,1258291,0.7000000476837158,05f7e11f8da98cef,qwen25_activation_rms_16prompts.npz
qwen25_3b_l21_o_proj_global_mag_s80,Qwen2.5-3B-Instruct,qwen25_3b,model.layers.21.self_attn.o_proj.weight,qwen25_3b_block_21,21,o_proj,2048x2048,global_mag_s80,unstructured,0.8,,2048,2048,838861,0.7999999523162842,61072ee8bd8b50e2,
qwen25_3b_l21_o_proj_wanda_s80,Qwen2.5-3B-Instruct,qwen25_3b,model.layers.21.self_attn.o_proj.weight,qwen25_3b_block_21,21,o_proj,2048x2048,wanda_s80,activation_aware_unstructured,0.8,,2048,2048,838861,0.7999999523162842,c8d375b69999dd79,qwen25_activation_rms_16prompts.npz
qwen25_3b_l21_o_proj_global_mag_s90,Qwen2.5-3B-Instruct,qwen25_3b,model.layers.21.self_attn.o_proj.weight,qwen25_3b_block_21,21,o_proj,2048x2048,global_mag_s90,unstructured,0.9,,2048,2048,419430,0.9000000953674316,ccbb35a0e1b4ecec,
qwen25_3b_l21_o_proj_wanda_s90,Qwen2.5-3B-Instruct,qwen25_3b,model.layers.21.self_attn.o_proj.weight,qwen25_3b_block_21,21,o_proj,2048x2048,wanda_s90,activation_aware_unstructured,0.9,,2048,2048,419430,0.9000000953674316,f12ce4ee76b88f8c,qwen25_activation_rms_16prompts.npz
qwen25_3b_l21_q_proj_global_mag_s70,Qwen2.5-3B-Instruct,qwen25_3b,model.layers.21.self_attn.q_proj.weight,qwen25_3b_block_21,21,q_proj,2048x2048,global_mag_s70,unstructured,0.7,,2048,2048,1258291,0.7000000476837158,3abe4e773c5fbb3c,
qwen25_3b_l21_q_proj_wanda_s70,Qwen2.5-3B-Instruct,qwen25_3b,model.layers.21.self_attn.q_proj.weight,qwen25_3b_block_21,21,q_proj,2048x2048,wanda_s70,activation_aware_unstructured,0.7,,2048,2048,1258291,0.7000000476837158,d933cf10b3144ff1,qwen25_activation_rms_16prompts.npz
qwen25_3b_l21_q_proj_global_mag_s80,Qwen2.5-3B-Instruct,qwen25_3b,model.layers.21.self_attn.q_proj.weight,qwen25_3b_block_21,21,q_proj,2048x2048,global_mag_s80,unstructured,0.8,,2048,2048,838861,0.7999999523162842,2342561d2b6459ab,
qwen25_3b_l21_q_proj_wanda_s80,Qwen2.5-3B-Instruct,qwen25_3b,model.layers.21.self_attn.q_proj.weight,qwen25_3b_block_21,21,q_proj,2048x2048,wanda_s80,activation_aware_unstructured,0.8,,2048,2048,838861,0.7999999523162842,9f72757123770e70,qwen25_activation_rms_16prompts.npz
qwen25_3b_l21_q_proj_global_mag_s90,Qwen2.5-3B-Instruct,qwen25_3b,model.layers.21.self_attn.q_proj.weight,qwen25_3b_block_21,21,q_proj,2048x2048,global_mag_s90,unstructured,0.9,,2048,2048,419430,0.9000000953674316,99d82f42f1f4b5ad,
qwen25_3b_l21_q_proj_wanda_s90,Qwen2.5-3B-Instruct,qwen25_3b,model.layers.21.self_attn.q_proj.weight,qwen25_3b_block_21,21,q_proj,2048x2048,wanda_s90,activation_aware_unstructured,0.9,,2048,2048,419430,0.9000000953674316,5040bf39a97c1ed2,qwen25_activation_rms_16prompts.npz
qwen25_3b_l22_o_proj_global_mag_s70,Qwen2.5-3B-Instruct,qwen25_3b,model.layers.22.self_attn.o_proj.weight,qwen25_3b_block_22,22,o_proj,2048x2048,global_mag_s70,unstructured,0.7,,2048,2048,1258291,0.7000000476837158,cbb0a0b394b40073,
qwen25_3b_l22_o_proj_wanda_s70,Qwen2.5-3B-Instruct,qwen25_3b,model.layers.22.self_attn.o_proj.weight,qwen25_3b_block_22,22,o_proj,2048x2048,wanda_s70,activation_aware_unstructured,0.7,,2048,2048,1258291,0.7000000476837158,f09ae78ed4d82686,qwen25_activation_rms_16prompts.npz
qwen25_3b_l22_o_proj_global_mag_s80,Qwen2.5-3B-Instruct,qwen25_3b,model.layers.22.self_attn.o_proj.weight,qwen25_3b_block_22,22,o_proj,2048x2048,global_mag_s80,unstructured,0.8,,2048,2048,838861,0.7999999523162842,a16cd259717cc266,
qwen25_3b_l22_o_proj_wanda_s80,Qwen2.5-3B-Instruct,qwen25_3b,model.layers.22.self_attn.o_proj.weight,qwen25_3b_block_22,22,o_proj,2048x2048,wanda_s80,activation_aware_unstructured,0.8,,2048,2048,838861,0.7999999523162842,2239912c86d74844,qwen25_activation_rms_16prompts.npz
qwen25_3b_l22_o_proj_global_mag_s90,Qwen2.5-3B-Instruct,qwen25_3b,model.layers.22.self_attn.o_proj.weight,qwen25_3b_block_22,22,o_proj,2048x2048,global_mag_s90,unstructured,0.9,,2048,2048,419430,0.9000000953674316,769e0033fddfa5de,
qwen25_3b_l22_o_proj_wanda_s90,Qwen2.5-3B-Instruct,qwen25_3b,model.layers.22.self_attn.o_proj.weight,qwen25_3b_block_22,22,o_proj,2048x2048,wanda_s90,activation_aware_unstructured,0.9,,2048,2048,419430,0.9000000953674316,8240cde13eda43e0,qwen25_activation_rms_16prompts.npz
qwen25_3b_l22_q_proj_global_mag_s70,Qwen2.5-3B-Instruct,qwen25_3b,model.layers.22.self_attn.q_proj.weight,qwen25_3b_block_22,22,q_proj,2048x2048,global_mag_s70,unstructured,0.7,,2048,2048,1258291,0.7000000476837158,3359271090104d05,
qwen25_3b_l22_q_proj_wanda_s70,Qwen2.5-3B-Instruct,qwen25_3b,model.layers.22.self_attn.q_proj.weight,qwen25_3b_block_22,22,q_proj,2048x2048,wanda_s70,activation_aware_unstructured,0.7,,2048,2048,1258291,0.7000000476837158,5ad4b11f533a598c,qwen25_activation_rms_16prompts.npz
qwen25_3b_l22_q_proj_global_mag_s80,Qwen2.5-3B-Instruct,qwen25_3b,model.layers.22.self_attn.q_proj.weight,qwen25_3b_block_22,22,q_proj,2048x2048,global_mag_s80,unstructured,0.8,,2048,2048,838861,0.7999999523162842,f453bb4d1f6c3781,
qwen25_3b_l22_q_proj_wanda_s80,Qwen2.5-3B-Instruct,qwen25_3b,model.layers.22.self_attn.q_proj.weight,qwen25_3b_block_22,22,q_proj,2048x2048,wanda_s80,activation_aware_unstructured,0.8,,2048,2048,838861,0.7999999523162842,1f2115e70f480d56,qwen25_activation_rms_16prompts.npz
qwen25_3b_l22_q_proj_global_mag_s90,Qwen2.5-3B-Instruct,qwen25_3b,model.layers.22.self_attn.q_proj.weight,qwen25_3b_block_22,22,q_proj,2048x2048,global_mag_s90,unstructured,0.9,,2048,2048,419430,0.9000000953674316,6629a53fd208c996,
qwen25_3b_l22_q_proj_wanda_s90,Qwen2.5-3B-Instruct,qwen25_3b,model.layers.22.self_attn.q_proj.weight,qwen25_3b_block_22,22,q_proj,2048x2048,wanda_s90,activation_aware_unstructured,0.9,,2048,2048,419430,0.9000000953674316,c4616f78e8e7abdd,qwen25_activation_rms_16prompts.npz
qwen25_3b_l23_o_proj_global_mag_s70,Qwen2.5-3B-Instruct,qwen25_3b,model.layers.23.self_attn.o_proj.weight,qwen25_3b_block_23,23,o_proj,2048x2048,global_mag_s70,unstructured,0.7,,2048,2048,1258291,0.7000000476837158,6ec87b03ad34fe9b,
qwen25_3b_l23_o_proj_wanda_s70,Qwen2.5-3B-Instruct,qwen25_3b,model.layers.23.self_attn.o_proj.weight,qwen25_3b_block_23,23,o_proj,2048x2048,wanda_s70,activation_aware_unstructured,0.7,,2048,2048,1258291,0.7000000476837158,01ef41fddd498f7c,qwen25_activation_rms_16prompts.npz
qwen25_3b_l23_o_proj_global_mag_s80,Qwen2.5-3B-Instruct,qwen25_3b,model.layers.23.self_attn.o_proj.weight,qwen25_3b_block_23,23,o_proj,2048x2048,global_mag_s80,unstructured,0.8,,2048,2048,838861,0.7999999523162842,e7c3e881e197c343,
qwen25_3b_l23_o_proj_wanda_s80,Qwen2.5-3B-Instruct,qwen25_3b,model.layers.23.self_attn.o_proj.weight,qwen25_3b_block_23,23,o_proj,2048x2048,wanda_s80,activation_aware_unstructured,0.8,,2048,2048,838861,0.7999999523162842,616cd649b67215ed,qwen25_activation_rms_16prompts.npz
qwen25_3b_l23_o_proj_global_mag_s90,Qwen2.5-3B-Instruct,qwen25_3b,model.layers.23.self_attn.o_proj.weight,qwen25_3b_block_23,23,o_proj,2048x2048,global_mag_s90,unstructured,0.9,,2048,2048,419430,0.9000000953674316,010e43921fd27a63,
qwen25_3b_l23_o_proj_wanda_s90,Qwen2.5-3B-Instruct,qwen25_3b,model.layers.23.self_attn.o_proj.weight,qwen25_3b_block_23,23,o_proj,2048x2048,wanda_s90,activation_aware_unstructured,0.9,,2048,2048,419430,0.9000000953674316,bdc59b3d53dadde8,qwen25_activation_rms_16prompts.npz
qwen25_3b_l23_q_proj_global_mag_s70,Qwen2.5-3B-Instruct,qwen25_3b,model.layers.23.self_attn.q_proj.weight,qwen25_3b_block_23,23,q_proj,2048x2048,global_mag_s70,unstructured,0.7,,2048,2048,1258291,0.7000000476837158,89ed27b938afe0de,
qwen25_3b_l23_q_proj_wanda_s70,Qwen2.5-3B-Instruct,qwen25_3b,model.layers.23.self_attn.q_proj.weight,qwen25_3b_block_23,23,q_proj,2048x2048,wanda_s70,activation_aware_unstructured,0.7,,2048,2048,1258291,0.7000000476837158,958566696eb5e49b,qwen25_activation_rms_16prompts.npz
qwen25_3b_l23_q_proj_global_mag_s80,Qwen2.5-3B-Instruct,qwen25_3b,model.layers.23.self_attn.q_proj.weight,qwen25_3b_block_23,23,q_proj,2048x2048,global_mag_s80,unstructured,0.8,,2048,2048,838861,0.7999999523162842,a6a456bd7d820bc3,
qwen25_3b_l23_q_proj_wanda_s80,Qwen2.5-3B-Instruct,qwen25_3b,model.layers.23.self_attn.q_proj.weight,qwen25_3b_block_23,23,q_proj,2048x2048,wanda_s80,activation_aware_unstructured,0.8,,2048,2048,838861,0.7999999523162842,8f6709594e2af68a,qwen25_activation_rms_16prompts.npz
qwen25_3b_l23_q_proj_global_mag_s90,Qwen2.5-3B-Instruct,qwen25_3b,model.layers.23.self_attn.q_proj.weight,qwen25_3b_block_23,23,q_proj,2048x2048,global_mag_s90,unstructured,0.9,,2048,2048,419430,0.9000000953674316,c2eab2d64005f323,
qwen25_3b_l23_q_proj_wanda_s90,Qwen2.5-3B-Instruct,qwen25_3b,model.layers.23.self_attn.q_proj.weight,qwen25_3b_block_23,23,q_proj,2048x2048,wanda_s90,activation_aware_unstructured,0.9,,2048,2048,419430,0.9000000953674316,13944f829e1b38c3,qwen25_activation_rms_16prompts.npz
qwen25_3b_l24_o_proj_global_mag_s70,Qwen2.5-3B-Instruct,qwen25_3b,model.layers.24.self_attn.o_proj.weight,qwen25_3b_block_24,24,o_proj,2048x2048,global_mag_s70,unstructured,0.7,,2048,2048,1258291,0.7000000476837158,9aea2640c481544d,
qwen25_3b_l24_o_proj_wanda_s70,Qwen2.5-3B-Instruct,qwen25_3b,model.layers.24.self_attn.o_proj.weight,qwen25_3b_block_24,24,o_proj,2048x2048,wanda_s70,activation_aware_unstructured,0.7,,2048,2048,1258291,0.7000000476837158,cd42ed91c9a0d880,qwen25_activation_rms_16prompts.npz
qwen25_3b_l24_o_proj_global_mag_s80,Qwen2.5-3B-Instruct,qwen25_3b,model.layers.24.self_attn.o_proj.weight,qwen25_3b_block_24,24,o_proj,2048x2048,global_mag_s80,unstructured,0.8,,2048,2048,838861,0.7999999523162842,cfafa4d19ec933c9,
qwen25_3b_l24_o_proj_wanda_s80,Qwen2.5-3B-Instruct,qwen25_3b,model.layers.24.self_attn.o_proj.weight,qwen25_3b_block_24,24,o_proj,2048x2048,wanda_s80,activation_aware_unstructured,0.8,,2048,2048,838861,0.7999999523162842,79bc46e571c81116,qwen25_activation_rms_16prompts.npz
qwen25_3b_l24_o_proj_global_mag_s90,Qwen2.5-3B-Instruct,qwen25_3b,model.layers.24.self_attn.o_proj.weight,qwen25_3b_block_24,24,o_proj,2048x2048,global_mag_s90,unstructured,0.9,,2048,2048,419430,0.9000000953674316,0a83a32c2acf5b4a,
qwen25_3b_l24_o_proj_wanda_s90,Qwen2.5-3B-Instruct,qwen25_3b,model.layers.24.self_attn.o_proj.weight,qwen25_3b_block_24,24,o_proj,2048x2048,wanda_s90,activation_aware_unstructured,0.9,,2048,2048,419430,0.9000000953674316,c0c3fb2af0a14cf4,qwen25_activation_rms_16prompts.npz
qwen25_3b_l24_q_proj_global_mag_s70,Qwen2.5-3B-Instruct,qwen25_3b,model.layers.24.self_attn.q_proj.weight,qwen25_3b_block_24,24,q_proj,2048x2048,global_mag_s70,unstructured,0.7,,2048,2048,1258291,0.7000000476837158,68e3219cdc0cb887,
qwen25_3b_l24_q_proj_wanda_s70,Qwen2.5-3B-Instruct,qwen25_3b,model.layers.24.self_attn.q_proj.weight,qwen25_3b_block_24,24,q_proj,2048x2048,wanda_s70,activation_aware_unstructured,0.7,,2048,2048,1258291,0.7000000476837158,44b7a8b63d854a48,qwen25_activation_rms_16prompts.npz
qwen25_3b_l24_q_proj_global_mag_s80,Qwen2.5-3B-Instruct,qwen25_3b,model.layers.24.self_attn.q_proj.weight,qwen25_3b_block_24,24,q_proj,2048x2048,global_mag_s80,unstructured,0.8,,2048,2048,838861,0.7999999523162842,47f62a942772a4dc,
qwen25_3b_l24_q_proj_wanda_s80,Qwen2.5-3B-Instruct,qwen25_3b,model.layers.24.self_attn.q_proj.weight,qwen25_3b_block_24,24,q_proj,2048x2048,wanda_s80,activation_aware_unstructured,0.8,,2048,2048,838861,0.7999999523162842,87e047074df3d5b1,qwen25_activation_rms_16prompts.npz
qwen25_3b_l24_q_proj_global_mag_s90,Qwen2.5-3B-Instruct,qwen25_3b,model.layers.24.self_attn.q_proj.weight,qwen25_3b_block_24,24,q_proj,2048x2048,global_mag_s90,unstructured,0.9,,2048,2048,419430,0.9000000953674316,1b028c76fe61b620,
qwen25_3b_l24_q_proj_wanda_s90,Qwen2.5-3B-Instruct,qwen25_3b,model.layers.24.self_attn.q_proj.weight,qwen25_3b_block_24,24,q_proj,2048x2048,wanda_s90,activation_aware_unstructured,0.9,,2048,2048,419430,0.9000000953674316,820c1588cbbd948f,qwen25_activation_rms_16prompts.npz
qwen25_3b_l26_o_proj_global_mag_s70,Qwen2.5-3B-Instruct,qwen25_3b,model.layers.26.self_attn.o_proj.weight,qwen25_3b_block_26,26,o_proj,2048x2048,global_mag_s70,unstructured,0.7,,2048,2048,1258291,0.7000000476837158,b229bdeb0dd81704,
qwen25_3b_l26_o_proj_wanda_s70,Qwen2.5-3B-Instruct,qwen25_3b,model.layers.26.self_attn.o_proj.weight,qwen25_3b_block_26,26,o_proj,2048x2048,wanda_s70,activation_aware_unstructured,0.7,,2048,2048,1258291,0.7000000476837158,a95ebe28fd7ea2f3,qwen25_activation_rms_16prompts.npz
qwen25_3b_l26_o_proj_global_mag_s80,Qwen2.5-3B-Instruct,qwen25_3b,model.layers.26.self_attn.o_proj.weight,qwen25_3b_block_26,26,o_proj,2048x2048,global_mag_s80,unstructured,0.8,,2048,2048,838861,0.7999999523162842,3e9dfb5c78bbf79e,
qwen25_3b_l26_o_proj_wanda_s80,Qwen2.5-3B-Instruct,qwen25_3b,model.layers.26.self_attn.o_proj.weight,qwen25_3b_block_26,26,o_proj,2048x2048,wanda_s80,activation_aware_unstructured,0.8,,2048,2048,838861,0.7999999523162842,3c4a6551a6fff40f,qwen25_activation_rms_16prompts.npz
qwen25_3b_l26_o_proj_global_mag_s90,Qwen2.5-3B-Instruct,qwen25_3b,model.layers.26.self_attn.o_proj.weight,qwen25_3b_block_26,26,o_proj,2048x2048,global_mag_s90,unstructured,0.9,,2048,2048,419430,0.9000000953674316,782e06959d7026d8,
qwen25_3b_l26_o_proj_wanda_s90,Qwen2.5-3B-Instruct,qwen25_3b,model.layers.26.self_attn.o_proj.weight,qwen25_3b_block_26,26,o_proj,2048x2048,wanda_s90,activation_aware_unstructured,0.9,,2048,2048,419430,0.9000000953674316,e3339f4c7fc85f42,qwen25_activation_rms_16prompts.npz
qwen25_3b_l26_q_proj_global_mag_s70,Qwen2.5-3B-Instruct,qwen25_3b,model.layers.26.self_attn.q_proj.weight,qwen25_3b_block_26,26,q_proj,2048x2048,global_mag_s70,unstructured,0.7,,2048,2048,1258291,0.7000000476837158,cda2b37c3ead64ef,
qwen25_3b_l26_q_proj_wanda_s70,Qwen2.5-3B-Instruct,qwen25_3b,model.layers.26.self_attn.q_proj.weight,qwen25_3b_block_26,26,q_proj,2048x2048,wanda_s70,activation_aware_unstructured,0.7,,2048,2048,1258291,0.7000000476837158,23991d2d654bbab0,qwen25_activation_rms_16prompts.npz
qwen25_3b_l26_q_proj_global_mag_s80,Qwen2.5-3B-Instruct,qwen25_3b,model.layers.26.self_attn.q_proj.weight,qwen25_3b_block_26,26,q_proj,2048x2048,global_mag_s80,unstructured,0.8,,2048,2048,838861,0.7999999523162842,b5895e51623981c0,
qwen25_3b_l26_q_proj_wanda_s80,Qwen2.5-3B-Instruct,qwen25_3b,model.layers.26.self_attn.q_proj.weight,qwen25_3b_block_26,26,q_proj,2048x2048,wanda_s80,activation_aware_unstructured,0.8,,2048,2048,838861,0.7999999523162842,58b1d13507f888e5,qwen25_activation_rms_16prompts.npz
qwen25_3b_l26_q_proj_global_mag_s90,Qwen2.5-3B-Instruct,qwen25_3b,model.layers.26.self_attn.q_proj.weight,qwen25_3b_block_26,26,q_proj,2048x2048,global_mag_s90,unstructured,0.9,,2048,2048,419430,0.9000000953674316,12e84f768ea4d63c,
qwen25_3b_l26_q_proj_wanda_s90,Qwen2.5-3B-Instruct,qwen25_3b,model.layers.26.self_attn.q_proj.weight,qwen25_3b_block_26,26,q_proj,2048x2048,wanda_s90,activation_aware_unstructured,0.9,,2048,2048,419430,0.9000000953674316,ba7fa565be57094b,qwen25_activation_rms_16prompts.npz
qwen25_3b_l27_o_proj_global_mag_s70,Qwen2.5-3B-Instruct,qwen25_3b,model.layers.27.self_attn.o_proj.weight,qwen25_3b_block_27,27,o_proj,2048x2048,global_mag_s70,unstructured,0.7,,2048,2048,1258291,0.7000000476837158,ca083b474b577fac,
qwen25_3b_l27_o_proj_wanda_s70,Qwen2.5-3B-Instruct,qwen25_3b,model.layers.27.self_attn.o_proj.weight,qwen25_3b_block_27,27,o_proj,2048x2048,wanda_s70,activation_aware_unstructured,0.7,,2048,2048,1258291,0.7000000476837158,ee344e712df9a14e,qwen25_activation_rms_16prompts.npz
qwen25_3b_l27_o_proj_global_mag_s80,Qwen2.5-3B-Instruct,qwen25_3b,model.layers.27.self_attn.o_proj.weight,qwen25_3b_block_27,27,o_proj,2048x2048,global_mag_s80,unstructured,0.8,,2048,2048,838861,0.7999999523162842,01280fdb5dc7a94a,
qwen25_3b_l27_o_proj_wanda_s80,Qwen2.5-3B-Instruct,qwen25_3b,model.layers.27.self_attn.o_proj.weight,qwen25_3b_block_27,27,o_proj,2048x2048,wanda_s80,activation_aware_unstructured,0.8,,2048,2048,838861,0.7999999523162842,6f6aea72e2690212,qwen25_activation_rms_16prompts.npz
qwen25_3b_l27_o_proj_global_mag_s90,Qwen2.5-3B-Instruct,qwen25_3b,model.layers.27.self_attn.o_proj.weight,qwen25_3b_block_27,27,o_proj,2048x2048,global_mag_s90,unstructured,0.9,,2048,2048,419430,0.9000000953674316,88b715da0ae0b319,
qwen25_3b_l27_o_proj_wanda_s90,Qwen2.5-3B-Instruct,qwen25_3b,model.layers.27.self_attn.o_proj.weight,qwen25_3b_block_27,27,o_proj,2048x2048,wanda_s90,activation_aware_unstructured,0.9,,2048,2048,419430,0.9000000953674316,4bd752d83f2bb8aa,qwen25_activation_rms_16prompts.npz
qwen25_3b_l27_q_proj_global_mag_s70,Qwen2.5-3B-Instruct,qwen25_3b,model.layers.27.self_attn.q_proj.weight,qwen25_3b_block_27,27,q_proj,2048x2048,global_mag_s70,unstructured,0.7,,2048,2048,1258291,0.7000000476837158,53ccdc9f8aa97e67,
qwen25_3b_l27_q_proj_wanda_s70,Qwen2.5-3B-Instruct,qwen25_3b,model.layers.27.self_attn.q_proj.weight,qwen25_3b_block_27,27,q_proj,2048x2048,wanda_s70,activation_aware_unstructured,0.7,,2048,2048,1258291,0.7000000476837158,5745f4775d10d351,qwen25_activation_rms_16prompts.npz
qwen25_3b_l27_q_proj_global_mag_s80,Qwen2.5-3B-Instruct,qwen25_3b,model.layers.27.self_attn.q_proj.weight,qwen25_3b_block_27,27,q_proj,2048x2048,global_mag_s80,unstructured,0.8,,2048,2048,838861,0.7999999523162842,cd6c6ba89b534ecd,
qwen25_3b_l27_q_proj_wanda_s80,Qwen2.5-3B-Instruct,qwen25_3b,model.layers.27.self_attn.q_proj.weight,qwen25_3b_block_27,27,q_proj,2048x2048,wanda_s80,activation_aware_unstructured,0.8,,2048,2048,838861,0.7999999523162842,47e2c145d53d1f51,qwen25_activation_rms_16prompts.npz
qwen25_3b_l27_q_proj_global_mag_s90,Qwen2.5-3B-Instruct,qwen25_3b,model.layers.27.self_attn.q_proj.weight,qwen25_3b_block_27,27,q_proj,2048x2048,global_mag_s90,unstructured,0.9,,2048,2048,419430,0.9000000953674316,a0fec6cd4ab2bae7,
qwen25_3b_l27_q_proj_wanda_s90,Qwen2.5-3B-Instruct,qwen25_3b,model.layers.27.self_attn.q_proj.weight,qwen25_3b_block_27,27,q_proj,2048x2048,wanda_s90,activation_aware_unstructured,0.9,,2048,2048,419430,0.9000000953674316,3fbc369ecb51e76c,qwen25_activation_rms_16prompts.npz
qwen25_3b_l28_o_proj_global_mag_s70,Qwen2.5-3B-Instruct,qwen25_3b,model.layers.28.self_attn.o_proj.weight,qwen25_3b_block_28,28,o_proj,2048x2048,global_mag_s70,unstructured,0.7,,2048,2048,1258291,0.7000000476837158,eff426b41af1ae0e,
qwen25_3b_l28_o_proj_wanda_s70,Qwen2.5-3B-Instruct,qwen25_3b,model.layers.28.self_attn.o_proj.weight,qwen25_3b_block_28,28,o_proj,2048x2048,wanda_s70,activation_aware_unstructured,0.7,,2048,2048,1258291,0.7000000476837158,b551f00defb32561,qwen25_activation_rms_16prompts.npz
qwen25_3b_l28_o_proj_global_mag_s80,Qwen2.5-3B-Instruct,qwen25_3b,model.layers.28.self_attn.o_proj.weight,qwen25_3b_block_28,28,o_proj,2048x2048,global_mag_s80,unstructured,0.8,,2048,2048,838861,0.7999999523162842,cc5943046ea133d4,
qwen25_3b_l28_o_proj_wanda_s80,Qwen2.5-3B-Instruct,qwen25_3b,model.layers.28.self_attn.o_proj.weight,qwen25_3b_block_28,28,o_proj,2048x2048,wanda_s80,activation_aware_unstructured,0.8,,2048,2048,838861,0.7999999523162842,db3d8764b4b068b1,qwen25_activation_rms_16prompts.npz
qwen25_3b_l28_o_proj_global_mag_s90,Qwen2.5-3B-Instruct,qwen25_3b,model.layers.28.self_attn.o_proj.weight,qwen25_3b_block_28,28,o_proj,2048x2048,global_mag_s90,unstructured,0.9,,2048,2048,419430,0.9000000953674316,2a2931389723aafb,
qwen25_3b_l28_o_proj_wanda_s90,Qwen2.5-3B-Instruct,qwen25_3b,model.layers.28.self_attn.o_proj.weight,qwen25_3b_block_28,28,o_proj,2048x2048,wanda_s90,activation_aware_unstructured,0.9,,2048,2048,419430,0.9000000953674316,af9ef38f9136d246,qwen25_activation_rms_16prompts.npz
qwen25_3b_l28_q_proj_global_mag_s70,Qwen2.5-3B-Instruct,qwen25_3b,model.layers.28.self_attn.q_proj.weight,qwen25_3b_block_28,28,q_proj,2048x2048,global_mag_s70,unstructured,0.7,,2048,2048,1258291,0.7000000476837158,b4ae732bc5cd2e87,
qwen25_3b_l28_q_proj_wanda_s70,Qwen2.5-3B-Instruct,qwen25_3b,model.layers.28.self_attn.q_proj.weight,qwen25_3b_block_28,28,q_proj,2048x2048,wanda_s70,activation_aware_unstructured,0.7,,2048,2048,1258291,0.7000000476837158,ac88756fc30ca74f,qwen25_activation_rms_16prompts.npz
qwen25_3b_l28_q_proj_global_mag_s80,Qwen2.5-3B-Instruct,qwen25_3b,model.layers.28.self_attn.q_proj.weight,qwen25_3b_block_28,28,q_proj,2048x2048,global_mag_s80,unstructured,0.8,,2048,2048,838861,0.7999999523162842,ad7469c9ed2c7d87,
qwen25_3b_l28_q_proj_wanda_s80,Qwen2.5-3B-Instruct,qwen25_3b,model.layers.28.self_attn.q_proj.weight,qwen25_3b_block_28,28,q_proj,2048x2048,wanda_s80,activation_aware_unstructured,0.8,,2048,2048,838861,0.7999999523162842,786b3c0743d2c867,qwen25_activation_rms_16prompts.npz
qwen25_3b_l28_q_proj_global_mag_s90,Qwen2.5-3B-Instruct,qwen25_3b,model.layers.28.self_attn.q_proj.weight,qwen25_3b_block_28,28,q_proj,2048x2048,global_mag_s90,unstructured,0.9,,2048,2048,419430,0.9000000953674316,5e448ffebd03de82,
qwen25_3b_l28_q_proj_wanda_s90,Qwen2.5-3B-Instruct,qwen25_3b,model.layers.28.self_attn.q_proj.weight,qwen25_3b_block_28,28,q_proj,2048x2048,wanda_s90,activation_aware_unstructured,0.9,,2048,2048,419430,0.9000000953674316,2f6d4005b8fe2a33,qwen25_activation_rms_16prompts.npz
qwen25_3b_l29_o_proj_global_mag_s70,Qwen2.5-3B-Instruct,qwen25_3b,model.layers.29.self_attn.o_proj.weight,qwen25_3b_block_29,29,o_proj,2048x2048,global_mag_s70,unstructured,0.7,,2048,2048,1258291,0.7000000476837158,61f886f960f100c9,
qwen25_3b_l29_o_proj_wanda_s70,Qwen2.5-3B-Instruct,qwen25_3b,model.layers.29.self_attn.o_proj.weight,qwen25_3b_block_29,29,o_proj,2048x2048,wanda_s70,activation_aware_unstructured,0.7,,2048,2048,1258291,0.7000000476837158,04b23c63a1f199d6,qwen25_activation_rms_16prompts.npz
qwen25_3b_l29_o_proj_global_mag_s80,Qwen2.5-3B-Instruct,qwen25_3b,model.layers.29.self_attn.o_proj.weight,qwen25_3b_block_29,29,o_proj,2048x2048,global_mag_s80,unstructured,0.8,,2048,2048,838861,0.7999999523162842,35c443289f745b67,
qwen25_3b_l29_o_proj_wanda_s80,Qwen2.5-3B-Instruct,qwen25_3b,model.layers.29.self_attn.o_proj.weight,qwen25_3b_block_29,29,o_proj,2048x2048,wanda_s80,activation_aware_unstructured,0.8,,2048,2048,838861,0.7999999523162842,6e6483f2a4bfbfbc,qwen25_activation_rms_16prompts.npz
qwen25_3b_l29_o_proj_global_mag_s90,Qwen2.5-3B-Instruct,qwen25_3b,model.layers.29.self_attn.o_proj.weight,qwen25_3b_block_29,29,o_proj,2048x2048,global_mag_s90,unstructured,0.9,,2048,2048,419430,0.9000000953674316,9f245abf5a92f18d,
qwen25_3b_l29_o_proj_wanda_s90,Qwen2.5-3B-Instruct,qwen25_3b,model.layers.29.self_attn.o_proj.weight,qwen25_3b_block_29,29,o_proj,2048x2048,wanda_s90,activation_aware_unstructured,0.9,,2048,2048,419430,0.9000000953674316,d7766d46d8391821,qwen25_activation_rms_16prompts.npz
qwen25_3b_l29_q_proj_global_mag_s70,Qwen2.5-3B-Instruct,qwen25_3b,model.layers.29.self_attn.q_proj.weight,qwen25_3b_block_29,29,q_proj,2048x2048,global_mag_s70,unstructured,0.7,,2048,2048,1258291,0.7000000476837158,04d055a04d28043c,
qwen25_3b_l29_q_proj_wanda_s70,Qwen2.5-3B-Instruct,qwen25_3b,model.layers.29.self_attn.q_proj.weight,qwen25_3b_block_29,29,q_proj,2048x2048,wanda_s70,activation_aware_unstructured,0.7,,2048,2048,1258291,0.7000000476837158,80fc3e9e88e08013,qwen25_activation_rms_16prompts.npz
qwen25_3b_l29_q_proj_global_mag_s80,Qwen2.5-3B-Instruct,qwen25_3b,model.layers.29.self_attn.q_proj.weight,qwen25_3b_block_29,29,q_proj,2048x2048,global_mag_s80,unstructured,0.8,,2048,2048,838861,0.7999999523162842,6333ba8d484d8ee2,
qwen25_3b_l29_q_proj_wanda_s80,Qwen2.5-3B-Instruct,qwen25_3b,model.layers.29.self_attn.q_proj.weight,qwen25_3b_block_29,29,q_proj,2048x2048,wanda_s80,activation_aware_unstructured,0.8,,2048,2048,838861,0.7999999523162842,d6525595ea0a55c5,qwen25_activation_rms_16prompts.npz
qwen25_3b_l29_q_proj_global_mag_s90,Qwen2.5-3B-Instruct,qwen25_3b,model.layers.29.self_attn.q_proj.weight,qwen25_3b_block_29,29,q_proj,2048x2048,global_mag_s90,unstructured,0.9,,2048,2048,419430,0.9000000953674316,e6743c4f951e75ec,
qwen25_3b_l29_q_proj_wanda_s90,Qwen2.5-3B-Instruct,qwen25_3b,model.layers.29.self_attn.q_proj.weight,qwen25_3b_block_29,29,q_proj,2048x2048,wanda_s90,activation_aware_unstructured,0.9,,2048,2048,419430,0.9000000953674316,7e58c15271a6eafe,qwen25_activation_rms_16prompts.npz
qwen25_3b_l31_o_proj_global_mag_s70,Qwen2.5-3B-Instruct,qwen25_3b,model.layers.31.self_attn.o_proj.weight,qwen25_3b_block_31,31,o_proj,2048x2048,global_mag_s70,unstructured,0.7,,2048,2048,1258291,0.7000000476837158,724cdfcf131e03d4,
qwen25_3b_l31_o_proj_wanda_s70,Qwen2.5-3B-Instruct,qwen25_3b,model.layers.31.self_attn.o_proj.weight,qwen25_3b_block_31,31,o_proj,2048x2048,wanda_s70,activation_aware_unstructured,0.7,,2048,2048,1258291,0.7000000476837158,f3fb634b605aede6,qwen25_activation_rms_16prompts.npz
qwen25_3b_l31_o_proj_global_mag_s80,Qwen2.5-3B-Instruct,qwen25_3b,model.layers.31.self_attn.o_proj.weight,qwen25_3b_block_31,31,o_proj,2048x2048,global_mag_s80,unstructured,0.8,,2048,2048,838861,0.7999999523162842,f8baeec251a99a1e,
qwen25_3b_l31_o_proj_wanda_s80,Qwen2.5-3B-Instruct,qwen25_3b,model.layers.31.self_attn.o_proj.weight,qwen25_3b_block_31,31,o_proj,2048x2048,wanda_s80,activation_aware_unstructured,0.8,,2048,2048,838861,0.7999999523162842,1224bb386fa51eb7,qwen25_activation_rms_16prompts.npz
qwen25_3b_l31_o_proj_global_mag_s90,Qwen2.5-3B-Instruct,qwen25_3b,model.layers.31.self_attn.o_proj.weight,qwen25_3b_block_31,31,o_proj,2048x2048,global_mag_s90,unstructured,0.9,,2048,2048,419430,0.9000000953674316,b09f92029cc62bf2,
qwen25_3b_l31_o_proj_wanda_s90,Qwen2.5-3B-Instruct,qwen25_3b,model.layers.31.self_attn.o_proj.weight,qwen25_3b_block_31,31,o_proj,2048x2048,wanda_s90,activation_aware_unstructured,0.9,,2048,2048,419430,0.9000000953674316,fce900501f4b8b27,qwen25_activation_rms_16prompts.npz
qwen25_3b_l31_q_proj_global_mag_s70,Qwen2.5-3B-Instruct,qwen25_3b,model.layers.31.self_attn.q_proj.weight,qwen25_3b_block_31,31,q_proj,2048x2048,global_mag_s70,unstructured,0.7,,2048,2048,1258291,0.7000000476837158,98b8322e80f5fa79,
qwen25_3b_l31_q_proj_wanda_s70,Qwen2.5-3B-Instruct,qwen25_3b,model.layers.31.self_attn.q_proj.weight,qwen25_3b_block_31,31,q_proj,2048x2048,wanda_s70,activation_aware_unstructured,0.7,,2048,2048,1258291,0.7000000476837158,f943b74356a65b29,qwen25_activation_rms_16prompts.npz
qwen25_3b_l31_q_proj_global_mag_s80,Qwen2.5-3B-Instruct,qwen25_3b,model.layers.31.self_attn.q_proj.weight,qwen25_3b_block_31,31,q_proj,2048x2048,global_mag_s80,unstructured,0.8,,2048,2048,838861,0.7999999523162842,3b7e0be2c35ca2fb,
qwen25_3b_l31_q_proj_wanda_s80,Qwen2.5-3B-Instruct,qwen25_3b,model.layers.31.self_attn.q_proj.weight,qwen25_3b_block_31,31,q_proj,2048x2048,wanda_s80,activation_aware_unstructured,0.8,,2048,2048,838861,0.7999999523162842,fcf8fe6bde8e0b68,qwen25_activation_rms_16prompts.npz
qwen25_3b_l31_q_proj_global_mag_s90,Qwen2.5-3B-Instruct,qwen25_3b,model.layers.31.self_attn.q_proj.weight,qwen25_3b_block_31,31,q_proj,2048x2048,global_mag_s90,unstructured,0.9,,2048,2048,419430,0.9000000953674316,e5843ba2f3f7b344,
qwen25_3b_l31_q_proj_wanda_s90,Qwen2.5-3B-Instruct,qwen25_3b,model.layers.31.self_attn.q_proj.weight,qwen25_3b_block_31,31,q_proj,2048x2048,wanda_s90,activation_aware_unstructured,0.9,,2048,2048,419430,0.9000000953674316,9029549afe1feb11,qwen25_activation_rms_16prompts.npz
qwen25_3b_l32_o_proj_global_mag_s70,Qwen2.5-3B-Instruct,qwen25_3b,model.layers.32.self_attn.o_proj.weight,qwen25_3b_block_32,32,o_proj,2048x2048,global_mag_s70,unstructured,0.7,,2048,2048,1258291,0.7000000476837158,08e4fb419a282e45,
qwen25_3b_l32_o_proj_wanda_s70,Qwen2.5-3B-Instruct,qwen25_3b,model.layers.32.self_attn.o_proj.weight,qwen25_3b_block_32,32,o_proj,2048x2048,wanda_s70,activation_aware_unstructured,0.7,,2048,2048,1258291,0.7000000476837158,b2fafe76f26a0a6e,qwen25_activation_rms_16prompts.npz
qwen25_3b_l32_o_proj_global_mag_s80,Qwen2.5-3B-Instruct,qwen25_3b,model.layers.32.self_attn.o_proj.weight,qwen25_3b_block_32,32,o_proj,2048x2048,global_mag_s80,unstructured,0.8,,2048,2048,838861,0.7999999523162842,791720ee669da239,
qwen25_3b_l32_o_proj_wanda_s80,Qwen2.5-3B-Instruct,qwen25_3b,model.layers.32.self_attn.o_proj.weight,qwen25_3b_block_32,32,o_proj,2048x2048,wanda_s80,activation_aware_unstructured,0.8,,2048,2048,838861,0.7999999523162842,854eccb6f046b3cf,qwen25_activation_rms_16prompts.npz
qwen25_3b_l32_o_proj_global_mag_s90,Qwen2.5-3B-Instruct,qwen25_3b,model.layers.32.self_attn.o_proj.weight,qwen25_3b_block_32,32,o_proj,2048x2048,global_mag_s90,unstructured,0.9,,2048,2048,419430,0.9000000953674316,5fd9256446a553c8,
qwen25_3b_l32_o_proj_wanda_s90,Qwen2.5-3B-Instruct,qwen25_3b,model.layers.32.self_attn.o_proj.weight,qwen25_3b_block_32,32,o_proj,2048x2048,wanda_s90,activation_aware_unstructured,0.9,,2048,2048,419430,0.9000000953674316,3a4d481c57113277,qwen25_activation_rms_16prompts.npz
qwen25_3b_l32_q_proj_global_mag_s70,Qwen2.5-3B-Instruct,qwen25_3b,model.layers.32.self_attn.q_proj.weight,qwen25_3b_block_32,32,q_proj,2048x2048,global_mag_s70,unstructured,0.7,,2048,2048,1258291,0.7000000476837158,7f93c15449ee1876,
qwen25_3b_l32_q_proj_wanda_s70,Qwen2.5-3B-Instruct,qwen25_3b,model.layers.32.self_attn.q_proj.weight,qwen25_3b_block_32,32,q_proj,2048x2048,wanda_s70,activation_aware_unstructured,0.7,,2048,2048,1258291,0.7000000476837158,f05aa1c7dcd85265,qwen25_activation_rms_16prompts.npz
qwen25_3b_l32_q_proj_global_mag_s80,Qwen2.5-3B-Instruct,qwen25_3b,model.layers.32.self_attn.q_proj.weight,qwen25_3b_block_32,32,q_proj,2048x2048,global_mag_s80,unstructured,0.8,,2048,2048,838861,0.7999999523162842,65fd0d8b057bfe5f,
qwen25_3b_l32_q_proj_wanda_s80,Qwen2.5-3B-Instruct,qwen25_3b,model.layers.32.self_attn.q_proj.weight,qwen25_3b_block_32,32,q_proj,2048x2048,wanda_s80,activation_aware_unstructured,0.8,,2048,2048,838861,0.7999999523162842,e7dbee44c67785fe,qwen25_activation_rms_16prompts.npz
qwen25_3b_l32_q_proj_global_mag_s90,Qwen2.5-3B-Instruct,qwen25_3b,model.layers.32.self_attn.q_proj.weight,qwen25_3b_block_32,32,q_proj,2048x2048,global_mag_s90,unstructured,0.9,,2048,2048,419430,0.9000000953674316,b26c08e8cbefdf2d,
qwen25_3b_l32_q_proj_wanda_s90,Qwen2.5-3B-Instruct,qwen25_3b,model.layers.32.self_attn.q_proj.weight,qwen25_3b_block_32,32,q_proj,2048x2048,wanda_s90,activation_aware_unstructured,0.9,,2048,2048,419430,0.9000000953674316,fedc7a4a875e22ca,qwen25_activation_rms_16prompts.npz
qwen25_3b_l33_o_proj_global_mag_s70,Qwen2.5-3B-Instruct,qwen25_3b,model.layers.33.self_attn.o_proj.weight,qwen25_3b_block_33,33,o_proj,2048x2048,global_mag_s70,unstructured,0.7,,2048,2048,1258291,0.7000000476837158,86c9ec76ec4a6de3,
qwen25_3b_l33_o_proj_wanda_s70,Qwen2.5-3B-Instruct,qwen25_3b,model.layers.33.self_attn.o_proj.weight,qwen25_3b_block_33,33,o_proj,2048x2048,wanda_s70,activation_aware_unstructured,0.7,,2048,2048,1258291,0.7000000476837158,17e761af17e7b3fd,qwen25_activation_rms_16prompts.npz
qwen25_3b_l33_o_proj_global_mag_s80,Qwen2.5-3B-Instruct,qwen25_3b,model.layers.33.self_attn.o_proj.weight,qwen25_3b_block_33,33,o_proj,2048x2048,global_mag_s80,unstructured,0.8,,2048,2048,838861,0.7999999523162842,83d43b2ba281e86c,
qwen25_3b_l33_o_proj_wanda_s80,Qwen2.5-3B-Instruct,qwen25_3b,model.layers.33.self_attn.o_proj.weight,qwen25_3b_block_33,33,o_proj,2048x2048,wanda_s80,activation_aware_unstructured,0.8,,2048,2048,838861,0.7999999523162842,b8df6b458b8e4a9e,qwen25_activation_rms_16prompts.npz
qwen25_3b_l33_o_proj_global_mag_s90,Qwen2.5-3B-Instruct,qwen25_3b,model.layers.33.self_attn.o_proj.weight,qwen25_3b_block_33,33,o_proj,2048x2048,global_mag_s90,unstructured,0.9,,2048,2048,419430,0.9000000953674316,667f6a65f6b8dd37,
qwen25_3b_l33_o_proj_wanda_s90,Qwen2.5-3B-Instruct,qwen25_3b,model.layers.33.self_attn.o_proj.weight,qwen25_3b_block_33,33,o_proj,2048x2048,wanda_s90,activation_aware_unstructured,0.9,,2048,2048,419430,0.9000000953674316,40b84e517a093f4c,qwen25_activation_rms_16prompts.npz
qwen25_3b_l33_q_proj_global_mag_s70,Qwen2.5-3B-Instruct,qwen25_3b,model.layers.33.self_attn.q_proj.weight,qwen25_3b_block_33,33,q_proj,2048x2048,global_mag_s70,unstructured,0.7,,2048,2048,1258291,0.7000000476837158,d73f0aec7d7bdddf,
qwen25_3b_l33_q_proj_wanda_s70,Qwen2.5-3B-Instruct,qwen25_3b,model.layers.33.self_attn.q_proj.weight,qwen25_3b_block_33,33,q_proj,2048x2048,wanda_s70,activation_aware_unstructured,0.7,,2048,2048,1258291,0.7000000476837158,a06d14b80623f593,qwen25_activation_rms_16prompts.npz
qwen25_3b_l33_q_proj_global_mag_s80,Qwen2.5-3B-Instruct,qwen25_3b,model.layers.33.self_attn.q_proj.weight,qwen25_3b_block_33,33,q_proj,2048x2048,global_mag_s80,unstructured,0.8,,2048,2048,838861,0.7999999523162842,4d979e3e07c856b1,
qwen25_3b_l33_q_proj_wanda_s80,Qwen2.5-3B-Instruct,qwen25_3b,model.layers.33.self_attn.q_proj.weight,qwen25_3b_block_33,33,q_proj,2048x2048,wanda_s80,activation_aware_unstructured,0.8,,2048,2048,838861,0.7999999523162842,df94f4d20904622b,qwen25_activation_rms_16prompts.npz
qwen25_3b_l33_q_proj_global_mag_s90,Qwen2.5-3B-Instruct,qwen25_3b,model.layers.33.self_attn.q_proj.weight,qwen25_3b_block_33,33,q_proj,2048x2048,global_mag_s90,unstructured,0.9,,2048,2048,419430,0.9000000953674316,ad12fae9eb180f93,
qwen25_3b_l33_q_proj_wanda_s90,Qwen2.5-3B-Instruct,qwen25_3b,model.layers.33.self_attn.q_proj.weight,qwen25_3b_block_33,33,q_proj,2048x2048,wanda_s90,activation_aware_unstructured,0.9,,2048,2048,419430,0.9000000953674316,7fad2be2a4da5eee,qwen25_activation_rms_16prompts.npz
qwen25_3b_l34_o_proj_global_mag_s70,Qwen2.5-3B-Instruct,qwen25_3b,model.layers.34.self_attn.o_proj.weight,qwen25_3b_block_34,34,o_proj,2048x2048,global_mag_s70,unstructured,0.7,,2048,2048,1258291,0.7000000476837158,15d787bdd4fc953c,
qwen25_3b_l34_o_proj_wanda_s70,Qwen2.5-3B-Instruct,qwen25_3b,model.layers.34.self_attn.o_proj.weight,qwen25_3b_block_34,34,o_proj,2048x2048,wanda_s70,activation_aware_unstructured,0.7,,2048,2048,1258291,0.7000000476837158,27f34ffe59f46dfc,qwen25_activation_rms_16prompts.npz
qwen25_3b_l34_o_proj_global_mag_s80,Qwen2.5-3B-Instruct,qwen25_3b,model.layers.34.self_attn.o_proj.weight,qwen25_3b_block_34,34,o_proj,2048x2048,global_mag_s80,unstructured,0.8,,2048,2048,838861,0.7999999523162842,c1a38930640a1d35,
qwen25_3b_l34_o_proj_wanda_s80,Qwen2.5-3B-Instruct,qwen25_3b,model.layers.34.self_attn.o_proj.weight,qwen25_3b_block_34,34,o_proj,2048x2048,wanda_s80,activation_aware_unstructured,0.8,,2048,2048,838861,0.7999999523162842,d3912a7c515f5ea2,qwen25_activation_rms_16prompts.npz
qwen25_3b_l34_o_proj_global_mag_s90,Qwen2.5-3B-Instruct,qwen25_3b,model.layers.34.self_attn.o_proj.weight,qwen25_3b_block_34,34,o_proj,2048x2048,global_mag_s90,unstructured,0.9,,2048,2048,419430,0.9000000953674316,514d02637bfdb361,
qwen25_3b_l34_o_proj_wanda_s90,Qwen2.5-3B-Instruct,qwen25_3b,model.layers.34.self_attn.o_proj.weight,qwen25_3b_block_34,34,o_proj,2048x2048,wanda_s90,activation_aware_unstructured,0.9,,2048,2048,419430,0.9000000953674316,69c57b38e86e0cd4,qwen25_activation_rms_16prompts.npz
qwen25_3b_l34_q_proj_global_mag_s70,Qwen2.5-3B-Instruct,qwen25_3b,model.layers.34.self_attn.q_proj.weight,qwen25_3b_block_34,34,q_proj,2048x2048,global_mag_s70,unstructured,0.7,,2048,2048,1258291,0.7000000476837158,50c6e1284a11d006,
qwen25_3b_l34_q_proj_wanda_s70,Qwen2.5-3B-Instruct,qwen25_3b,model.layers.34.self_attn.q_proj.weight,qwen25_3b_block_34,34,q_proj,2048x2048,wanda_s70,activation_aware_unstructured,0.7,,2048,2048,1258291,0.7000000476837158,d194067966a6bb04,qwen25_activation_rms_16prompts.npz
qwen25_3b_l34_q_proj_global_mag_s80,Qwen2.5-3B-Instruct,qwen25_3b,model.layers.34.self_attn.q_proj.weight,qwen25_3b_block_34,34,q_proj,2048x2048,global_mag_s80,unstructured,0.8,,2048,2048,838861,0.7999999523162842,e2d3c2afb3dca6ae,
qwen25_3b_l34_q_proj_wanda_s80,Qwen2.5-3B-Instruct,qwen25_3b,model.layers.34.self_attn.q_proj.weight,qwen25_3b_block_34,34,q_proj,2048x2048,wanda_s80,activation_aware_unstructured,0.8,,2048,2048,838861,0.7999999523162842,8acac60166538f7d,qwen25_activation_rms_16prompts.npz
qwen25_3b_l34_q_proj_global_mag_s90,Qwen2.5-3B-Instruct,qwen25_3b,model.layers.34.self_attn.q_proj.weight,qwen25_3b_block_34,34,q_proj,2048x2048,global_mag_s90,unstructured,0.9,,2048,2048,419430,0.9000000953674316,022a9176c3656ce8,
qwen25_3b_l34_q_proj_wanda_s90,Qwen2.5-3B-Instruct,qwen25_3b,model.layers.34.self_attn.q_proj.weight,qwen25_3b_block_34,34,q_proj,2048x2048,wanda_s90,activation_aware_unstructured,0.9,,2048,2048,419430,0.9000000953674316,3b2ca2a4c2e22dec,qwen25_activation_rms_16prompts.npz
llama2_7b_l01_o_proj_global_mag_s70,Llama-2-7B-hf,llama2_7b,model.layers.1.self_attn.o_proj.weight,llama2_7b_block_01,1,o_proj,4096x4096,global_mag_s70,unstructured,0.7,,4096,4096,5033165,0.699999988079071,ec5d4ad3e1447d1b,
llama2_7b_l01_o_proj_wanda_s70,Llama-2-7B-hf,llama2_7b,model.layers.1.self_attn.o_proj.weight,llama2_7b_block_01,1,o_proj,4096x4096,wanda_s70,activation_aware_unstructured,0.7,,4096,4096,5033165,0.699999988079071,aff91696c07512c4,llama2_7b.npz
llama2_7b_l01_o_proj_global_mag_s80,Llama-2-7B-hf,llama2_7b,model.layers.1.self_attn.o_proj.weight,llama2_7b_block_01,1,o_proj,4096x4096,global_mag_s80,unstructured,0.8,,4096,4096,3355443,0.800000011920929,c2afeffdb6bd9c93,
llama2_7b_l01_o_proj_wanda_s80,Llama-2-7B-hf,llama2_7b,model.layers.1.self_attn.o_proj.weight,llama2_7b_block_01,1,o_proj,4096x4096,wanda_s80,activation_aware_unstructured,0.8,,4096,4096,3355443,0.800000011920929,f1c7f17deeedc518,llama2_7b.npz
llama2_7b_l01_o_proj_global_mag_s90,Llama-2-7B-hf,llama2_7b,model.layers.1.self_attn.o_proj.weight,llama2_7b_block_01,1,o_proj,4096x4096,global_mag_s90,unstructured,0.9,,4096,4096,1677722,0.8999999761581421,50855c6fce34f27f,
llama2_7b_l01_o_proj_wanda_s90,Llama-2-7B-hf,llama2_7b,model.layers.1.self_attn.o_proj.weight,llama2_7b_block_01,1,o_proj,4096x4096,wanda_s90,activation_aware_unstructured,0.9,,4096,4096,1677722,0.8999999761581421,1fb0b9dc8ad17ea3,llama2_7b.npz
llama2_7b_l01_q_proj_global_mag_s70,Llama-2-7B-hf,llama2_7b,model.layers.1.self_attn.q_proj.weight,llama2_7b_block_01,1,q_proj,4096x4096,global_mag_s70,unstructured,0.7,,4096,4096,5033165,0.699999988079071,7df36cf4e570d0cf,
llama2_7b_l01_q_proj_wanda_s70,Llama-2-7B-hf,llama2_7b,model.layers.1.self_attn.q_proj.weight,llama2_7b_block_01,1,q_proj,4096x4096,wanda_s70,activation_aware_unstructured,0.7,,4096,4096,5033165,0.699999988079071,a5cc055b06d60273,llama2_7b.npz
llama2_7b_l01_q_proj_global_mag_s80,Llama-2-7B-hf,llama2_7b,model.layers.1.self_attn.q_proj.weight,llama2_7b_block_01,1,q_proj,4096x4096,global_mag_s80,unstructured,0.8,,4096,4096,3355443,0.800000011920929,f513187962037985,
llama2_7b_l01_q_proj_wanda_s80,Llama-2-7B-hf,llama2_7b,model.layers.1.self_attn.q_proj.weight,llama2_7b_block_01,1,q_proj,4096x4096,wanda_s80,activation_aware_unstructured,0.8,,4096,4096,3355443,0.800000011920929,2ef907001ac0c868,llama2_7b.npz
llama2_7b_l01_q_proj_global_mag_s90,Llama-2-7B-hf,llama2_7b,model.layers.1.self_attn.q_proj.weight,llama2_7b_block_01,1,q_proj,4096x4096,global_mag_s90,unstructured,0.9,,4096,4096,1677722,0.8999999761581421,72c47abe6e431bea,
llama2_7b_l01_q_proj_wanda_s90,Llama-2-7B-hf,llama2_7b,model.layers.1.self_attn.q_proj.weight,llama2_7b_block_01,1,q_proj,4096x4096,wanda_s90,activation_aware_unstructured,0.9,,4096,4096,1677722,0.8999999761581421,c7298831835041a9,llama2_7b.npz
llama2_7b_l02_o_proj_global_mag_s70,Llama-2-7B-hf,llama2_7b,model.layers.2.self_attn.o_proj.weight,llama2_7b_block_02,2,o_proj,4096x4096,global_mag_s70,unstructured,0.7,,4096,4096,5033165,0.699999988079071,6661fdaf0290e642,
llama2_7b_l02_o_proj_wanda_s70,Llama-2-7B-hf,llama2_7b,model.layers.2.self_attn.o_proj.weight,llama2_7b_block_02,2,o_proj,4096x4096,wanda_s70,activation_aware_unstructured,0.7,,4096,4096,5033165,0.699999988079071,a8c707612343ed0c,llama2_7b.npz
llama2_7b_l02_o_proj_global_mag_s80,Llama-2-7B-hf,llama2_7b,model.layers.2.self_attn.o_proj.weight,llama2_7b_block_02,2,o_proj,4096x4096,global_mag_s80,unstructured,0.8,,4096,4096,3355443,0.800000011920929,78ec770b83c4b56e,
llama2_7b_l02_o_proj_wanda_s80,Llama-2-7B-hf,llama2_7b,model.layers.2.self_attn.o_proj.weight,llama2_7b_block_02,2,o_proj,4096x4096,wanda_s80,activation_aware_unstructured,0.8,,4096,4096,3355443,0.800000011920929,399a2ffbc565702b,llama2_7b.npz
llama2_7b_l02_o_proj_global_mag_s90,Llama-2-7B-hf,llama2_7b,model.layers.2.self_attn.o_proj.weight,llama2_7b_block_02,2,o_proj,4096x4096,global_mag_s90,unstructured,0.9,,4096,4096,1677722,0.8999999761581421,cdac127062f3d33f,
llama2_7b_l02_o_proj_wanda_s90,Llama-2-7B-hf,llama2_7b,model.layers.2.self_attn.o_proj.weight,llama2_7b_block_02,2,o_proj,4096x4096,wanda_s90,activation_aware_unstructured,0.9,,4096,4096,1677722,0.8999999761581421,c8732020078d84a2,llama2_7b.npz
llama2_7b_l02_q_proj_global_mag_s70,Llama-2-7B-hf,llama2_7b,model.layers.2.self_attn.q_proj.weight,llama2_7b_block_02,2,q_proj,4096x4096,global_mag_s70,unstructured,0.7,,4096,4096,5033165,0.699999988079071,99f69ddd4bc5f18a,
llama2_7b_l02_q_proj_wanda_s70,Llama-2-7B-hf,llama2_7b,model.layers.2.self_attn.q_proj.weight,llama2_7b_block_02,2,q_proj,4096x4096,wanda_s70,activation_aware_unstructured,0.7,,4096,4096,5033165,0.699999988079071,77e7a3d3fc18b2e9,llama2_7b.npz
llama2_7b_l02_q_proj_global_mag_s80,Llama-2-7B-hf,llama2_7b,model.layers.2.self_attn.q_proj.weight,llama2_7b_block_02,2,q_proj,4096x4096,global_mag_s80,unstructured,0.8,,4096,4096,3355443,0.800000011920929,55559264402230a1,
llama2_7b_l02_q_proj_wanda_s80,Llama-2-7B-hf,llama2_7b,model.layers.2.self_attn.q_proj.weight,llama2_7b_block_02,2,q_proj,4096x4096,wanda_s80,activation_aware_unstructured,0.8,,4096,4096,3355443,0.800000011920929,37d7038da6632aad,llama2_7b.npz
llama2_7b_l02_q_proj_global_mag_s90,Llama-2-7B-hf,llama2_7b,model.layers.2.self_attn.q_proj.weight,llama2_7b_block_02,2,q_proj,4096x4096,global_mag_s90,unstructured,0.9,,4096,4096,1677722,0.8999999761581421,9b0dc784b7506b3e,
llama2_7b_l02_q_proj_wanda_s90,Llama-2-7B-hf,llama2_7b,model.layers.2.self_attn.q_proj.weight,llama2_7b_block_02,2,q_proj,4096x4096,wanda_s90,activation_aware_unstructured,0.9,,4096,4096,1677722,0.8999999761581421,1bd8ef6d3e4c1cd1,llama2_7b.npz
llama2_7b_l03_o_proj_global_mag_s70,Llama-2-7B-hf,llama2_7b,model.layers.3.self_attn.o_proj.weight,llama2_7b_block_03,3,o_proj,4096x4096,global_mag_s70,unstructured,0.7,,4096,4096,5033165,0.699999988079071,40359c1c8f99896a,
llama2_7b_l03_o_proj_wanda_s70,Llama-2-7B-hf,llama2_7b,model.layers.3.self_attn.o_proj.weight,llama2_7b_block_03,3,o_proj,4096x4096,wanda_s70,activation_aware_unstructured,0.7,,4096,4096,5033165,0.699999988079071,b534469ac9704a68,llama2_7b.npz
llama2_7b_l03_o_proj_global_mag_s80,Llama-2-7B-hf,llama2_7b,model.layers.3.self_attn.o_proj.weight,llama2_7b_block_03,3,o_proj,4096x4096,global_mag_s80,unstructured,0.8,,4096,4096,3355443,0.800000011920929,92ee2cc57f6b5037,
llama2_7b_l03_o_proj_wanda_s80,Llama-2-7B-hf,llama2_7b,model.layers.3.self_attn.o_proj.weight,llama2_7b_block_03,3,o_proj,4096x4096,wanda_s80,activation_aware_unstructured,0.8,,4096,4096,3355443,0.800000011920929,0fe5f43d53c105d5,llama2_7b.npz
llama2_7b_l03_o_proj_global_mag_s90,Llama-2-7B-hf,llama2_7b,model.layers.3.self_attn.o_proj.weight,llama2_7b_block_03,3,o_proj,4096x4096,global_mag_s90,unstructured,0.9,,4096,4096,1677722,0.8999999761581421,8a89e451d79392b7,
llama2_7b_l03_o_proj_wanda_s90,Llama-2-7B-hf,llama2_7b,model.layers.3.self_attn.o_proj.weight,llama2_7b_block_03,3,o_proj,4096x4096,wanda_s90,activation_aware_unstructured,0.9,,4096,4096,1677722,0.8999999761581421,02995b03dc79b3f8,llama2_7b.npz
llama2_7b_l03_q_proj_global_mag_s70,Llama-2-7B-hf,llama2_7b,model.layers.3.self_attn.q_proj.weight,llama2_7b_block_03,3,q_proj,4096x4096,global_mag_s70,unstructured,0.7,,4096,4096,5033165,0.699999988079071,87c3245778b61e59,
llama2_7b_l03_q_proj_wanda_s70,Llama-2-7B-hf,llama2_7b,model.layers.3.self_attn.q_proj.weight,llama2_7b_block_03,3,q_proj,4096x4096,wanda_s70,activation_aware_unstructured,0.7,,4096,4096,5033165,0.699999988079071,0842837d82036814,llama2_7b.npz
llama2_7b_l03_q_proj_global_mag_s80,Llama-2-7B-hf,llama2_7b,model.layers.3.self_attn.q_proj.weight,llama2_7b_block_03,3,q_proj,4096x4096,global_mag_s80,unstructured,0.8,,4096,4096,3355443,0.800000011920929,d18be37148669e0f,
llama2_7b_l03_q_proj_wanda_s80,Llama-2-7B-hf,llama2_7b,model.layers.3.self_attn.q_proj.weight,llama2_7b_block_03,3,q_proj,4096x4096,wanda_s80,activation_aware_unstructured,0.8,,4096,4096,3355443,0.800000011920929,32c693590fb380d6,llama2_7b.npz
llama2_7b_l03_q_proj_global_mag_s90,Llama-2-7B-hf,llama2_7b,model.layers.3.self_attn.q_proj.weight,llama2_7b_block_03,3,q_proj,4096x4096,global_mag_s90,unstructured,0.9,,4096,4096,1677722,0.8999999761581421,b6fc0b8411bd90f8,
llama2_7b_l03_q_proj_wanda_s90,Llama-2-7B-hf,llama2_7b,model.layers.3.self_attn.q_proj.weight,llama2_7b_block_03,3,q_proj,4096x4096,wanda_s90,activation_aware_unstructured,0.9,,4096,4096,1677722,0.8999999761581421,06e9015d40851483,llama2_7b.npz
llama2_7b_l05_o_proj_global_mag_s70,Llama-2-7B-hf,llama2_7b,model.layers.5.self_attn.o_proj.weight,llama2_7b_block_05,5,o_proj,4096x4096,global_mag_s70,unstructured,0.7,,4096,4096,5033165,0.699999988079071,1d92ac4efe5e9395,
llama2_7b_l05_o_proj_wanda_s70,Llama-2-7B-hf,llama2_7b,model.layers.5.self_attn.o_proj.weight,llama2_7b_block_05,5,o_proj,4096x4096,wanda_s70,activation_aware_unstructured,0.7,,4096,4096,5033165,0.699999988079071,fa9eb52c38d09bdf,llama2_7b.npz
llama2_7b_l05_o_proj_global_mag_s80,Llama-2-7B-hf,llama2_7b,model.layers.5.self_attn.o_proj.weight,llama2_7b_block_05,5,o_proj,4096x4096,global_mag_s80,unstructured,0.8,,4096,4096,3355443,0.800000011920929,4e8e81be16606ca3,
llama2_7b_l05_o_proj_wanda_s80,Llama-2-7B-hf,llama2_7b,model.layers.5.self_attn.o_proj.weight,llama2_7b_block_05,5,o_proj,4096x4096,wanda_s80,activation_aware_unstructured,0.8,,4096,4096,3355443,0.800000011920929,f0f7a092dd772837,llama2_7b.npz
llama2_7b_l05_o_proj_global_mag_s90,Llama-2-7B-hf,llama2_7b,model.layers.5.self_attn.o_proj.weight,llama2_7b_block_05,5,o_proj,4096x4096,global_mag_s90,unstructured,0.9,,4096,4096,1677722,0.8999999761581421,7647eb5874eca76b,
llama2_7b_l05_o_proj_wanda_s90,Llama-2-7B-hf,llama2_7b,model.layers.5.self_attn.o_proj.weight,llama2_7b_block_05,5,o_proj,4096x4096,wanda_s90,activation_aware_unstructured,0.9,,4096,4096,1677722,0.8999999761581421,c245533097f16ef9,llama2_7b.npz
llama2_7b_l05_q_proj_global_mag_s70,Llama-2-7B-hf,llama2_7b,model.layers.5.self_attn.q_proj.weight,llama2_7b_block_05,5,q_proj,4096x4096,global_mag_s70,unstructured,0.7,,4096,4096,5033165,0.699999988079071,c1630c7010365a6f,
llama2_7b_l05_q_proj_wanda_s70,Llama-2-7B-hf,llama2_7b,model.layers.5.self_attn.q_proj.weight,llama2_7b_block_05,5,q_proj,4096x4096,wanda_s70,activation_aware_unstructured,0.7,,4096,4096,5033165,0.699999988079071,fc0e19c2406afe57,llama2_7b.npz
llama2_7b_l05_q_proj_global_mag_s80,Llama-2-7B-hf,llama2_7b,model.layers.5.self_attn.q_proj.weight,llama2_7b_block_05,5,q_proj,4096x4096,global_mag_s80,unstructured,0.8,,4096,4096,3355443,0.800000011920929,7e4e72a640ba3a65,
llama2_7b_l05_q_proj_wanda_s80,Llama-2-7B-hf,llama2_7b,model.layers.5.self_attn.q_proj.weight,llama2_7b_block_05,5,q_proj,4096x4096,wanda_s80,activation_aware_unstructured,0.8,,4096,4096,3355443,0.800000011920929,c6739d1aaca34dea,llama2_7b.npz
llama2_7b_l05_q_proj_global_mag_s90,Llama-2-7B-hf,llama2_7b,model.layers.5.self_attn.q_proj.weight,llama2_7b_block_05,5,q_proj,4096x4096,global_mag_s90,unstructured,0.9,,4096,4096,1677722,0.8999999761581421,2df0ded6d1ec978a,
llama2_7b_l05_q_proj_wanda_s90,Llama-2-7B-hf,llama2_7b,model.layers.5.self_attn.q_proj.weight,llama2_7b_block_05,5,q_proj,4096x4096,wanda_s90,activation_aware_unstructured,0.9,,4096,4096,1677722,0.8999999761581421,277e1e8a9606638e,llama2_7b.npz
llama2_7b_l06_o_proj_global_mag_s70,Llama-2-7B-hf,llama2_7b,model.layers.6.self_attn.o_proj.weight,llama2_7b_block_06,6,o_proj,4096x4096,global_mag_s70,unstructured,0.7,,4096,4096,5033165,0.699999988079071,a1e8b5e6b15fcd9c,
llama2_7b_l06_o_proj_wanda_s70,Llama-2-7B-hf,llama2_7b,model.layers.6.self_attn.o_proj.weight,llama2_7b_block_06,6,o_proj,4096x4096,wanda_s70,activation_aware_unstructured,0.7,,4096,4096,5033165,0.699999988079071,a844297366256985,llama2_7b.npz
llama2_7b_l06_o_proj_global_mag_s80,Llama-2-7B-hf,llama2_7b,model.layers.6.self_attn.o_proj.weight,llama2_7b_block_06,6,o_proj,4096x4096,global_mag_s80,unstructured,0.8,,4096,4096,3355443,0.800000011920929,9393f8bfdbd02488,
llama2_7b_l06_o_proj_wanda_s80,Llama-2-7B-hf,llama2_7b,model.layers.6.self_attn.o_proj.weight,llama2_7b_block_06,6,o_proj,4096x4096,wanda_s80,activation_aware_unstructured,0.8,,4096,4096,3355443,0.800000011920929,62e4ec1aa41eef1f,llama2_7b.npz
llama2_7b_l06_o_proj_global_mag_s90,Llama-2-7B-hf,llama2_7b,model.layers.6.self_attn.o_proj.weight,llama2_7b_block_06,6,o_proj,4096x4096,global_mag_s90,unstructured,0.9,,4096,4096,1677722,0.8999999761581421,f1a3a6c80d922dbb,
llama2_7b_l06_o_proj_wanda_s90,Llama-2-7B-hf,llama2_7b,model.layers.6.self_attn.o_proj.weight,llama2_7b_block_06,6,o_proj,4096x4096,wanda_s90,activation_aware_unstructured,0.9,,4096,4096,1677722,0.8999999761581421,47b6623c99055440,llama2_7b.npz
llama2_7b_l06_q_proj_global_mag_s70,Llama-2-7B-hf,llama2_7b,model.layers.6.self_attn.q_proj.weight,llama2_7b_block_06,6,q_proj,4096x4096,global_mag_s70,unstructured,0.7,,4096,4096,5033165,0.699999988079071,0d56b4f749c76f7f,
llama2_7b_l06_q_proj_wanda_s70,Llama-2-7B-hf,llama2_7b,model.layers.6.self_attn.q_proj.weight,llama2_7b_block_06,6,q_proj,4096x4096,wanda_s70,activation_aware_unstructured,0.7,,4096,4096,5033165,0.699999988079071,0034b577f291a858,llama2_7b.npz
llama2_7b_l06_q_proj_global_mag_s80,Llama-2-7B-hf,llama2_7b,model.layers.6.self_attn.q_proj.weight,llama2_7b_block_06,6,q_proj,4096x4096,global_mag_s80,unstructured,0.8,,4096,4096,3355443,0.800000011920929,9254055e7bfc26ce,
llama2_7b_l06_q_proj_wanda_s80,Llama-2-7B-hf,llama2_7b,model.layers.6.self_attn.q_proj.weight,llama2_7b_block_06,6,q_proj,4096x4096,wanda_s80,activation_aware_unstructured,0.8,,4096,4096,3355443,0.800000011920929,1b010abbf54e5308,llama2_7b.npz
llama2_7b_l06_q_proj_global_mag_s90,Llama-2-7B-hf,llama2_7b,model.layers.6.self_attn.q_proj.weight,llama2_7b_block_06,6,q_proj,4096x4096,global_mag_s90,unstructured,0.9,,4096,4096,1677722,0.8999999761581421,5a70f042e7d9df49,
llama2_7b_l06_q_proj_wanda_s90,Llama-2-7B-hf,llama2_7b,model.layers.6.self_attn.q_proj.weight,llama2_7b_block_06,6,q_proj,4096x4096,wanda_s90,activation_aware_unstructured,0.9,,4096,4096,1677722,0.8999999761581421,b9722f0acba5d9b0,llama2_7b.npz
llama2_7b_l07_o_proj_global_mag_s70,Llama-2-7B-hf,llama2_7b,model.layers.7.self_attn.o_proj.weight,llama2_7b_block_07,7,o_proj,4096x4096,global_mag_s70,unstructured,0.7,,4096,4096,5033165,0.699999988079071,bc9269fd04a5ac95,
llama2_7b_l07_o_proj_wanda_s70,Llama-2-7B-hf,llama2_7b,model.layers.7.self_attn.o_proj.weight,llama2_7b_block_07,7,o_proj,4096x4096,wanda_s70,activation_aware_unstructured,0.7,,4096,4096,5033165,0.699999988079071,0fb74b8d7c8ea94e,llama2_7b.npz
llama2_7b_l07_o_proj_global_mag_s80,Llama-2-7B-hf,llama2_7b,model.layers.7.self_attn.o_proj.weight,llama2_7b_block_07,7,o_proj,4096x4096,global_mag_s80,unstructured,0.8,,4096,4096,3355443,0.800000011920929,185ff4a87826d3ff,
llama2_7b_l07_o_proj_wanda_s80,Llama-2-7B-hf,llama2_7b,model.layers.7.self_attn.o_proj.weight,llama2_7b_block_07,7,o_proj,4096x4096,wanda_s80,activation_aware_unstructured,0.8,,4096,4096,3355443,0.800000011920929,832ad4fd6eef2740,llama2_7b.npz
llama2_7b_l07_o_proj_global_mag_s90,Llama-2-7B-hf,llama2_7b,model.layers.7.self_attn.o_proj.weight,llama2_7b_block_07,7,o_proj,4096x4096,global_mag_s90,unstructured,0.9,,4096,4096,1677722,0.8999999761581421,bba17b4faa9fb4d7,
llama2_7b_l07_o_proj_wanda_s90,Llama-2-7B-hf,llama2_7b,model.layers.7.self_attn.o_proj.weight,llama2_7b_block_07,7,o_proj,4096x4096,wanda_s90,activation_aware_unstructured,0.9,,4096,4096,1677722,0.8999999761581421,86553d782f819815,llama2_7b.npz
llama2_7b_l07_q_proj_global_mag_s70,Llama-2-7B-hf,llama2_7b,model.layers.7.self_attn.q_proj.weight,llama2_7b_block_07,7,q_proj,4096x4096,global_mag_s70,unstructured,0.7,,4096,4096,5033165,0.699999988079071,c0c18e466f402000,
llama2_7b_l07_q_proj_wanda_s70,Llama-2-7B-hf,llama2_7b,model.layers.7.self_attn.q_proj.weight,llama2_7b_block_07,7,q_proj,4096x4096,wanda_s70,activation_aware_unstructured,0.7,,4096,4096,5033165,0.699999988079071,87914a413672ed4c,llama2_7b.npz
llama2_7b_l07_q_proj_global_mag_s80,Llama-2-7B-hf,llama2_7b,model.layers.7.self_attn.q_proj.weight,llama2_7b_block_07,7,q_proj,4096x4096,global_mag_s80,unstructured,0.8,,4096,4096,3355443,0.800000011920929,05ceee76d9679e81,
llama2_7b_l07_q_proj_wanda_s80,Llama-2-7B-hf,llama2_7b,model.layers.7.self_attn.q_proj.weight,llama2_7b_block_07,7,q_proj,4096x4096,wanda_s80,activation_aware_unstructured,0.8,,4096,4096,3355443,0.800000011920929,744d80bb95c1e197,llama2_7b.npz
llama2_7b_l07_q_proj_global_mag_s90,Llama-2-7B-hf,llama2_7b,model.layers.7.self_attn.q_proj.weight,llama2_7b_block_07,7,q_proj,4096x4096,global_mag_s90,unstructured,0.9,,4096,4096,1677722,0.8999999761581421,e49927046c5f7058,
llama2_7b_l07_q_proj_wanda_s90,Llama-2-7B-hf,llama2_7b,model.layers.7.self_attn.q_proj.weight,llama2_7b_block_07,7,q_proj,4096x4096,wanda_s90,activation_aware_unstructured,0.9,,4096,4096,1677722,0.8999999761581421,3ea3b31e0562a8f2,llama2_7b.npz
llama2_7b_l09_o_proj_global_mag_s70,Llama-2-7B-hf,llama2_7b,model.layers.9.self_attn.o_proj.weight,llama2_7b_block_09,9,o_proj,4096x4096,global_mag_s70,unstructured,0.7,,4096,4096,5033165,0.699999988079071,508a16f5640b2621,
llama2_7b_l09_o_proj_wanda_s70,Llama-2-7B-hf,llama2_7b,model.layers.9.self_attn.o_proj.weight,llama2_7b_block_09,9,o_proj,4096x4096,wanda_s70,activation_aware_unstructured,0.7,,4096,4096,5033165,0.699999988079071,54a78f3372cd4297,llama2_7b.npz
llama2_7b_l09_o_proj_global_mag_s80,Llama-2-7B-hf,llama2_7b,model.layers.9.self_attn.o_proj.weight,llama2_7b_block_09,9,o_proj,4096x4096,global_mag_s80,unstructured,0.8,,4096,4096,3355443,0.800000011920929,244bb4a193fc5834,
llama2_7b_l09_o_proj_wanda_s80,Llama-2-7B-hf,llama2_7b,model.layers.9.self_attn.o_proj.weight,llama2_7b_block_09,9,o_proj,4096x4096,wanda_s80,activation_aware_unstructured,0.8,,4096,4096,3355443,0.800000011920929,d7947ffab2cbfdad,llama2_7b.npz
llama2_7b_l09_o_proj_global_mag_s90,Llama-2-7B-hf,llama2_7b,model.layers.9.self_attn.o_proj.weight,llama2_7b_block_09,9,o_proj,4096x4096,global_mag_s90,unstructured,0.9,,4096,4096,1677722,0.8999999761581421,4707a052fa22ec9e,
llama2_7b_l09_o_proj_wanda_s90,Llama-2-7B-hf,llama2_7b,model.layers.9.self_attn.o_proj.weight,llama2_7b_block_09,9,o_proj,4096x4096,wanda_s90,activation_aware_unstructured,0.9,,4096,4096,1677722,0.8999999761581421,9339794bf0100662,llama2_7b.npz
llama2_7b_l09_q_proj_global_mag_s70,Llama-2-7B-hf,llama2_7b,model.layers.9.self_attn.q_proj.weight,llama2_7b_block_09,9,q_proj,4096x4096,global_mag_s70,unstructured,0.7,,4096,4096,5033165,0.699999988079071,195e7d8b90a54f41,
llama2_7b_l09_q_proj_wanda_s70,Llama-2-7B-hf,llama2_7b,model.layers.9.self_attn.q_proj.weight,llama2_7b_block_09,9,q_proj,4096x4096,wanda_s70,activation_aware_unstructured,0.7,,4096,4096,5033165,0.699999988079071,a2843e341b2a1f82,llama2_7b.npz
llama2_7b_l09_q_proj_global_mag_s80,Llama-2-7B-hf,llama2_7b,model.layers.9.self_attn.q_proj.weight,llama2_7b_block_09,9,q_proj,4096x4096,global_mag_s80,unstructured,0.8,,4096,4096,3355443,0.800000011920929,fc87678f39a69dab,
llama2_7b_l09_q_proj_wanda_s80,Llama-2-7B-hf,llama2_7b,model.layers.9.self_attn.q_proj.weight,llama2_7b_block_09,9,q_proj,4096x4096,wanda_s80,activation_aware_unstructured,0.8,,4096,4096,3355443,0.800000011920929,5c6106d3dff3b654,llama2_7b.npz
llama2_7b_l09_q_proj_global_mag_s90,Llama-2-7B-hf,llama2_7b,model.layers.9.self_attn.q_proj.weight,llama2_7b_block_09,9,q_proj,4096x4096,global_mag_s90,unstructured,0.9,,4096,4096,1677722,0.8999999761581421,26583320eb377d2c,
llama2_7b_l09_q_proj_wanda_s90,Llama-2-7B-hf,llama2_7b,model.layers.9.self_attn.q_proj.weight,llama2_7b_block_09,9,q_proj,4096x4096,wanda_s90,activation_aware_unstructured,0.9,,4096,4096,1677722,0.8999999761581421,e2747452d1813135,llama2_7b.npz
llama2_7b_l10_o_proj_global_mag_s70,Llama-2-7B-hf,llama2_7b,model.layers.10.self_attn.o_proj.weight,llama2_7b_block_10,10,o_proj,4096x4096,global_mag_s70,unstructured,0.7,,4096,4096,5033165,0.699999988079071,3764111c671c2f18,
llama2_7b_l10_o_proj_wanda_s70,Llama-2-7B-hf,llama2_7b,model.layers.10.self_attn.o_proj.weight,llama2_7b_block_10,10,o_proj,4096x4096,wanda_s70,activation_aware_unstructured,0.7,,4096,4096,5033165,0.699999988079071,d4bc02c85bd653a9,llama2_7b.npz
llama2_7b_l10_o_proj_global_mag_s80,Llama-2-7B-hf,llama2_7b,model.layers.10.self_attn.o_proj.weight,llama2_7b_block_10,10,o_proj,4096x4096,global_mag_s80,unstructured,0.8,,4096,4096,3355443,0.800000011920929,313a8ce74ec35306,
llama2_7b_l10_o_proj_wanda_s80,Llama-2-7B-hf,llama2_7b,model.layers.10.self_attn.o_proj.weight,llama2_7b_block_10,10,o_proj,4096x4096,wanda_s80,activation_aware_unstructured,0.8,,4096,4096,3355443,0.800000011920929,42888c02e014479a,llama2_7b.npz
llama2_7b_l10_o_proj_global_mag_s90,Llama-2-7B-hf,llama2_7b,model.layers.10.self_attn.o_proj.weight,llama2_7b_block_10,10,o_proj,4096x4096,global_mag_s90,unstructured,0.9,,4096,4096,1677722,0.8999999761581421,fd702976fbc70f89,
llama2_7b_l10_o_proj_wanda_s90,Llama-2-7B-hf,llama2_7b,model.layers.10.self_attn.o_proj.weight,llama2_7b_block_10,10,o_proj,4096x4096,wanda_s90,activation_aware_unstructured,0.9,,4096,4096,1677722,0.8999999761581421,9b508861996eeb10,llama2_7b.npz
llama2_7b_l10_q_proj_global_mag_s70,Llama-2-7B-hf,llama2_7b,model.layers.10.self_attn.q_proj.weight,llama2_7b_block_10,10,q_proj,4096x4096,global_mag_s70,unstructured,0.7,,4096,4096,5033165,0.699999988079071,8009365589b3aa12,
llama2_7b_l10_q_proj_wanda_s70,Llama-2-7B-hf,llama2_7b,model.layers.10.self_attn.q_proj.weight,llama2_7b_block_10,10,q_proj,4096x4096,wanda_s70,activation_aware_unstructured,0.7,,4096,4096,5033165,0.699999988079071,213af02ada408be3,llama2_7b.npz
llama2_7b_l10_q_proj_global_mag_s80,Llama-2-7B-hf,llama2_7b,model.layers.10.self_attn.q_proj.weight,llama2_7b_block_10,10,q_proj,4096x4096,global_mag_s80,unstructured,0.8,,4096,4096,3355443,0.800000011920929,9e519222def94095,
llama2_7b_l10_q_proj_wanda_s80,Llama-2-7B-hf,llama2_7b,model.layers.10.self_attn.q_proj.weight,llama2_7b_block_10,10,q_proj,4096x4096,wanda_s80,activation_aware_unstructured,0.8,,4096,4096,3355443,0.800000011920929,c5bdc7807d819d0f,llama2_7b.npz
llama2_7b_l10_q_proj_global_mag_s90,Llama-2-7B-hf,llama2_7b,model.layers.10.self_attn.q_proj.weight,llama2_7b_block_10,10,q_proj,4096x4096,global_mag_s90,unstructured,0.9,,4096,4096,1677722,0.8999999761581421,6c88a6a23289e869,
llama2_7b_l10_q_proj_wanda_s90,Llama-2-7B-hf,llama2_7b,model.layers.10.self_attn.q_proj.weight,llama2_7b_block_10,10,q_proj,4096x4096,wanda_s90,activation_aware_unstructured,0.9,,4096,4096,1677722,0.8999999761581421,581df14f6b975d9e,llama2_7b.npz
llama2_7b_l11_o_proj_global_mag_s70,Llama-2-7B-hf,llama2_7b,model.layers.11.self_attn.o_proj.weight,llama2_7b_block_11,11,o_proj,4096x4096,global_mag_s70,unstructured,0.7,,4096,4096,5033165,0.699999988079071,7ca88c84570c883f,
llama2_7b_l11_o_proj_wanda_s70,Llama-2-7B-hf,llama2_7b,model.layers.11.self_attn.o_proj.weight,llama2_7b_block_11,11,o_proj,4096x4096,wanda_s70,activation_aware_unstructured,0.7,,4096,4096,5033165,0.699999988079071,02dde89c9fc088f4,llama2_7b.npz
llama2_7b_l11_o_proj_global_mag_s80,Llama-2-7B-hf,llama2_7b,model.layers.11.self_attn.o_proj.weight,llama2_7b_block_11,11,o_proj,4096x4096,global_mag_s80,unstructured,0.8,,4096,4096,3355443,0.800000011920929,8338d4090370c1d8,
llama2_7b_l11_o_proj_wanda_s80,Llama-2-7B-hf,llama2_7b,model.layers.11.self_attn.o_proj.weight,llama2_7b_block_11,11,o_proj,4096x4096,wanda_s80,activation_aware_unstructured,0.8,,4096,4096,3355443,0.800000011920929,aae3e0997a84ae4f,llama2_7b.npz
llama2_7b_l11_o_proj_global_mag_s90,Llama-2-7B-hf,llama2_7b,model.layers.11.self_attn.o_proj.weight,llama2_7b_block_11,11,o_proj,4096x4096,global_mag_s90,unstructured,0.9,,4096,4096,1677722,0.8999999761581421,62793034e4ba4604,
llama2_7b_l11_o_proj_wanda_s90,Llama-2-7B-hf,llama2_7b,model.layers.11.self_attn.o_proj.weight,llama2_7b_block_11,11,o_proj,4096x4096,wanda_s90,activation_aware_unstructured,0.9,,4096,4096,1677722,0.8999999761581421,3b9bf435e4a5ae97,llama2_7b.npz
llama2_7b_l11_q_proj_global_mag_s70,Llama-2-7B-hf,llama2_7b,model.layers.11.self_attn.q_proj.weight,llama2_7b_block_11,11,q_proj,4096x4096,global_mag_s70,unstructured,0.7,,4096,4096,5033165,0.699999988079071,45225233cd85b876,
llama2_7b_l11_q_proj_wanda_s70,Llama-2-7B-hf,llama2_7b,model.layers.11.self_attn.q_proj.weight,llama2_7b_block_11,11,q_proj,4096x4096,wanda_s70,activation_aware_unstructured,0.7,,4096,4096,5033165,0.699999988079071,0c4119e3785ca432,llama2_7b.npz
llama2_7b_l11_q_proj_global_mag_s80,Llama-2-7B-hf,llama2_7b,model.layers.11.self_attn.q_proj.weight,llama2_7b_block_11,11,q_proj,4096x4096,global_mag_s80,unstructured,0.8,,4096,4096,3355443,0.800000011920929,e0766593345348eb,
llama2_7b_l11_q_proj_wanda_s80,Llama-2-7B-hf,llama2_7b,model.layers.11.self_attn.q_proj.weight,llama2_7b_block_11,11,q_proj,4096x4096,wanda_s80,activation_aware_unstructured,0.8,,4096,4096,3355443,0.800000011920929,d537d4e6f8d11178,llama2_7b.npz
llama2_7b_l11_q_proj_global_mag_s90,Llama-2-7B-hf,llama2_7b,model.layers.11.self_attn.q_proj.weight,llama2_7b_block_11,11,q_proj,4096x4096,global_mag_s90,unstructured,0.9,,4096,4096,1677722,0.8999999761581421,488b043bd033cb9c,
llama2_7b_l11_q_proj_wanda_s90,Llama-2-7B-hf,llama2_7b,model.layers.11.self_attn.q_proj.weight,llama2_7b_block_11,11,q_proj,4096x4096,wanda_s90,activation_aware_unstructured,0.9,,4096,4096,1677722,0.8999999761581421,e83c8af26b937bd7,llama2_7b.npz
llama2_7b_l12_o_proj_global_mag_s70,Llama-2-7B-hf,llama2_7b,model.layers.12.self_attn.o_proj.weight,llama2_7b_block_12,12,o_proj,4096x4096,global_mag_s70,unstructured,0.7,,4096,4096,5033165,0.699999988079071,bd7baf6aac2ff851,
llama2_7b_l12_o_proj_wanda_s70,Llama-2-7B-hf,llama2_7b,model.layers.12.self_attn.o_proj.weight,llama2_7b_block_12,12,o_proj,4096x4096,wanda_s70,activation_aware_unstructured,0.7,,4096,4096,5033165,0.699999988079071,a4628a8271831cb8,llama2_7b.npz
llama2_7b_l12_o_proj_global_mag_s80,Llama-2-7B-hf,llama2_7b,model.layers.12.self_attn.o_proj.weight,llama2_7b_block_12,12,o_proj,4096x4096,global_mag_s80,unstructured,0.8,,4096,4096,3355443,0.800000011920929,692a7aff4af125ea,
llama2_7b_l12_o_proj_wanda_s80,Llama-2-7B-hf,llama2_7b,model.layers.12.self_attn.o_proj.weight,llama2_7b_block_12,12,o_proj,4096x4096,wanda_s80,activation_aware_unstructured,0.8,,4096,4096,3355443,0.800000011920929,e5863e17faa0b514,llama2_7b.npz
llama2_7b_l12_o_proj_global_mag_s90,Llama-2-7B-hf,llama2_7b,model.layers.12.self_attn.o_proj.weight,llama2_7b_block_12,12,o_proj,4096x4096,global_mag_s90,unstructured,0.9,,4096,4096,1677722,0.8999999761581421,084cc1f977b1f9ae,
llama2_7b_l12_o_proj_wanda_s90,Llama-2-7B-hf,llama2_7b,model.layers.12.self_attn.o_proj.weight,llama2_7b_block_12,12,o_proj,4096x4096,wanda_s90,activation_aware_unstructured,0.9,,4096,4096,1677722,0.8999999761581421,27744ba631a90b0d,llama2_7b.npz
llama2_7b_l12_q_proj_global_mag_s70,Llama-2-7B-hf,llama2_7b,model.layers.12.self_attn.q_proj.weight,llama2_7b_block_12,12,q_proj,4096x4096,global_mag_s70,unstructured,0.7,,4096,4096,5033165,0.699999988079071,b197e18959466f0f,
llama2_7b_l12_q_proj_wanda_s70,Llama-2-7B-hf,llama2_7b,model.layers.12.self_attn.q_proj.weight,llama2_7b_block_12,12,q_proj,4096x4096,wanda_s70,activation_aware_unstructured,0.7,,4096,4096,5033165,0.699999988079071,a9a1976136913700,llama2_7b.npz
llama2_7b_l12_q_proj_global_mag_s80,Llama-2-7B-hf,llama2_7b,model.layers.12.self_attn.q_proj.weight,llama2_7b_block_12,12,q_proj,4096x4096,global_mag_s80,unstructured,0.8,,4096,4096,3355443,0.800000011920929,7ee7d330242b6030,
llama2_7b_l12_q_proj_wanda_s80,Llama-2-7B-hf,llama2_7b,model.layers.12.self_attn.q_proj.weight,llama2_7b_block_12,12,q_proj,4096x4096,wanda_s80,activation_aware_unstructured,0.8,,4096,4096,3355443,0.800000011920929,c4fb68ba8015e052,llama2_7b.npz
llama2_7b_l12_q_proj_global_mag_s90,Llama-2-7B-hf,llama2_7b,model.layers.12.self_attn.q_proj.weight,llama2_7b_block_12,12,q_proj,4096x4096,global_mag_s90,unstructured,0.9,,4096,4096,1677722,0.8999999761581421,d29d423d589e54b2,
llama2_7b_l12_q_proj_wanda_s90,Llama-2-7B-hf,llama2_7b,model.layers.12.self_attn.q_proj.weight,llama2_7b_block_12,12,q_proj,4096x4096,wanda_s90,activation_aware_unstructured,0.9,,4096,4096,1677722,0.8999999761581421,be909709fbd42aee,llama2_7b.npz
llama2_7b_l14_o_proj_global_mag_s70,Llama-2-7B-hf,llama2_7b,model.layers.14.self_attn.o_proj.weight,llama2_7b_block_14,14,o_proj,4096x4096,global_mag_s70,unstructured,0.7,,4096,4096,5033165,0.699999988079071,ece400b5aa61a637,
llama2_7b_l14_o_proj_wanda_s70,Llama-2-7B-hf,llama2_7b,model.layers.14.self_attn.o_proj.weight,llama2_7b_block_14,14,o_proj,4096x4096,wanda_s70,activation_aware_unstructured,0.7,,4096,4096,5033165,0.699999988079071,eb4f212a3331a929,llama2_7b.npz
llama2_7b_l14_o_proj_global_mag_s80,Llama-2-7B-hf,llama2_7b,model.layers.14.self_attn.o_proj.weight,llama2_7b_block_14,14,o_proj,4096x4096,global_mag_s80,unstructured,0.8,,4096,4096,3355443,0.800000011920929,d8b53a502e113b85,
llama2_7b_l14_o_proj_wanda_s80,Llama-2-7B-hf,llama2_7b,model.layers.14.self_attn.o_proj.weight,llama2_7b_block_14,14,o_proj,4096x4096,wanda_s80,activation_aware_unstructured,0.8,,4096,4096,3355443,0.800000011920929,722fa77e8280b9d3,llama2_7b.npz
llama2_7b_l14_o_proj_global_mag_s90,Llama-2-7B-hf,llama2_7b,model.layers.14.self_attn.o_proj.weight,llama2_7b_block_14,14,o_proj,4096x4096,global_mag_s90,unstructured,0.9,,4096,4096,1677722,0.8999999761581421,ae7e63ea26231883,
llama2_7b_l14_o_proj_wanda_s90,Llama-2-7B-hf,llama2_7b,model.layers.14.self_attn.o_proj.weight,llama2_7b_block_14,14,o_proj,4096x4096,wanda_s90,activation_aware_unstructured,0.9,,4096,4096,1677722,0.8999999761581421,30e05f010119d492,llama2_7b.npz
llama2_7b_l14_q_proj_global_mag_s70,Llama-2-7B-hf,llama2_7b,model.layers.14.self_attn.q_proj.weight,llama2_7b_block_14,14,q_proj,4096x4096,global_mag_s70,unstructured,0.7,,4096,4096,5033165,0.699999988079071,10f33f1345a6794d,
llama2_7b_l14_q_proj_wanda_s70,Llama-2-7B-hf,llama2_7b,model.layers.14.self_attn.q_proj.weight,llama2_7b_block_14,14,q_proj,4096x4096,wanda_s70,activation_aware_unstructured,0.7,,4096,4096,5033165,0.699999988079071,a86c44c620e3db54,llama2_7b.npz
llama2_7b_l14_q_proj_global_mag_s80,Llama-2-7B-hf,llama2_7b,model.layers.14.self_attn.q_proj.weight,llama2_7b_block_14,14,q_proj,4096x4096,global_mag_s80,unstructured,0.8,,4096,4096,3355443,0.800000011920929,8415c0e31e0d27e5,
llama2_7b_l14_q_proj_wanda_s80,Llama-2-7B-hf,llama2_7b,model.layers.14.self_attn.q_proj.weight,llama2_7b_block_14,14,q_proj,4096x4096,wanda_s80,activation_aware_unstructured,0.8,,4096,4096,3355443,0.800000011920929,37810435a80b14ac,llama2_7b.npz
llama2_7b_l14_q_proj_global_mag_s90,Llama-2-7B-hf,llama2_7b,model.layers.14.self_attn.q_proj.weight,llama2_7b_block_14,14,q_proj,4096x4096,global_mag_s90,unstructured,0.9,,4096,4096,1677722,0.8999999761581421,e8e8af0bba891040,
llama2_7b_l14_q_proj_wanda_s90,Llama-2-7B-hf,llama2_7b,model.layers.14.self_attn.q_proj.weight,llama2_7b_block_14,14,q_proj,4096x4096,wanda_s90,activation_aware_unstructured,0.9,,4096,4096,1677722,0.8999999761581421,7eb897928a91c0cb,llama2_7b.npz
llama2_7b_l15_o_proj_global_mag_s70,Llama-2-7B-hf,llama2_7b,model.layers.15.self_attn.o_proj.weight,llama2_7b_block_15,15,o_proj,4096x4096,global_mag_s70,unstructured,0.7,,4096,4096,5033165,0.699999988079071,3483109802de794d,
llama2_7b_l15_o_proj_wanda_s70,Llama-2-7B-hf,llama2_7b,model.layers.15.self_attn.o_proj.weight,llama2_7b_block_15,15,o_proj,4096x4096,wanda_s70,activation_aware_unstructured,0.7,,4096,4096,5033165,0.699999988079071,fdf5fba20aa21e0f,llama2_7b.npz
llama2_7b_l15_o_proj_global_mag_s80,Llama-2-7B-hf,llama2_7b,model.layers.15.self_attn.o_proj.weight,llama2_7b_block_15,15,o_proj,4096x4096,global_mag_s80,unstructured,0.8,,4096,4096,3355443,0.800000011920929,f32c4efc667163e6,
llama2_7b_l15_o_proj_wanda_s80,Llama-2-7B-hf,llama2_7b,model.layers.15.self_attn.o_proj.weight,llama2_7b_block_15,15,o_proj,4096x4096,wanda_s80,activation_aware_unstructured,0.8,,4096,4096,3355443,0.800000011920929,d5dbbba8a18cbf5b,llama2_7b.npz
llama2_7b_l15_o_proj_global_mag_s90,Llama-2-7B-hf,llama2_7b,model.layers.15.self_attn.o_proj.weight,llama2_7b_block_15,15,o_proj,4096x4096,global_mag_s90,unstructured,0.9,,4096,4096,1677722,0.8999999761581421,d25e4dcf69335656,
llama2_7b_l15_o_proj_wanda_s90,Llama-2-7B-hf,llama2_7b,model.layers.15.self_attn.o_proj.weight,llama2_7b_block_15,15,o_proj,4096x4096,wanda_s90,activation_aware_unstructured,0.9,,4096,4096,1677722,0.8999999761581421,8c2461d952baad38,llama2_7b.npz
llama2_7b_l15_q_proj_global_mag_s70,Llama-2-7B-hf,llama2_7b,model.layers.15.self_attn.q_proj.weight,llama2_7b_block_15,15,q_proj,4096x4096,global_mag_s70,unstructured,0.7,,4096,4096,5033165,0.699999988079071,8f15341718fbb34b,
llama2_7b_l15_q_proj_wanda_s70,Llama-2-7B-hf,llama2_7b,model.layers.15.self_attn.q_proj.weight,llama2_7b_block_15,15,q_proj,4096x4096,wanda_s70,activation_aware_unstructured,0.7,,4096,4096,5033165,0.699999988079071,ecc0ba09abcf9752,llama2_7b.npz
llama2_7b_l15_q_proj_global_mag_s80,Llama-2-7B-hf,llama2_7b,model.layers.15.self_attn.q_proj.weight,llama2_7b_block_15,15,q_proj,4096x4096,global_mag_s80,unstructured,0.8,,4096,4096,3355443,0.800000011920929,85a12565135175c4,
llama2_7b_l15_q_proj_wanda_s80,Llama-2-7B-hf,llama2_7b,model.layers.15.self_attn.q_proj.weight,llama2_7b_block_15,15,q_proj,4096x4096,wanda_s80,activation_aware_unstructured,0.8,,4096,4096,3355443,0.800000011920929,3a9e40d9980c490a,llama2_7b.npz
llama2_7b_l15_q_proj_global_mag_s90,Llama-2-7B-hf,llama2_7b,model.layers.15.self_attn.q_proj.weight,llama2_7b_block_15,15,q_proj,4096x4096,global_mag_s90,unstructured,0.9,,4096,4096,1677722,0.8999999761581421,55c345be09a924ab,
llama2_7b_l15_q_proj_wanda_s90,Llama-2-7B-hf,llama2_7b,model.layers.15.self_attn.q_proj.weight,llama2_7b_block_15,15,q_proj,4096x4096,wanda_s90,activation_aware_unstructured,0.9,,4096,4096,1677722,0.8999999761581421,e7bb216aa8565126,llama2_7b.npz
llama2_7b_l16_o_proj_global_mag_s70,Llama-2-7B-hf,llama2_7b,model.layers.16.self_attn.o_proj.weight,llama2_7b_block_16,16,o_proj,4096x4096,global_mag_s70,unstructured,0.7,,4096,4096,5033165,0.699999988079071,b2c543e1a5fecb34,
llama2_7b_l16_o_proj_wanda_s70,Llama-2-7B-hf,llama2_7b,model.layers.16.self_attn.o_proj.weight,llama2_7b_block_16,16,o_proj,4096x4096,wanda_s70,activation_aware_unstructured,0.7,,4096,4096,5033165,0.699999988079071,f72f2944bc7379af,llama2_7b.npz
llama2_7b_l16_o_proj_global_mag_s80,Llama-2-7B-hf,llama2_7b,model.layers.16.self_attn.o_proj.weight,llama2_7b_block_16,16,o_proj,4096x4096,global_mag_s80,unstructured,0.8,,4096,4096,3355443,0.800000011920929,16368018fa745b1b,
llama2_7b_l16_o_proj_wanda_s80,Llama-2-7B-hf,llama2_7b,model.layers.16.self_attn.o_proj.weight,llama2_7b_block_16,16,o_proj,4096x4096,wanda_s80,activation_aware_unstructured,0.8,,4096,4096,3355443,0.800000011920929,278460c14b81cfa3,llama2_7b.npz
llama2_7b_l16_o_proj_global_mag_s90,Llama-2-7B-hf,llama2_7b,model.layers.16.self_attn.o_proj.weight,llama2_7b_block_16,16,o_proj,4096x4096,global_mag_s90,unstructured,0.9,,4096,4096,1677722,0.8999999761581421,375cb97bfc0438f9,
llama2_7b_l16_o_proj_wanda_s90,Llama-2-7B-hf,llama2_7b,model.layers.16.self_attn.o_proj.weight,llama2_7b_block_16,16,o_proj,4096x4096,wanda_s90,activation_aware_unstructured,0.9,,4096,4096,1677722,0.8999999761581421,7110252cab36d8c3,llama2_7b.npz
llama2_7b_l16_q_proj_global_mag_s70,Llama-2-7B-hf,llama2_7b,model.layers.16.self_attn.q_proj.weight,llama2_7b_block_16,16,q_proj,4096x4096,global_mag_s70,unstructured,0.7,,4096,4096,5033165,0.699999988079071,5769d4c5ae393eb1,
llama2_7b_l16_q_proj_wanda_s70,Llama-2-7B-hf,llama2_7b,model.layers.16.self_attn.q_proj.weight,llama2_7b_block_16,16,q_proj,4096x4096,wanda_s70,activation_aware_unstructured,0.7,,4096,4096,5033165,0.699999988079071,933cbf27c4afdd97,llama2_7b.npz
llama2_7b_l16_q_proj_global_mag_s80,Llama-2-7B-hf,llama2_7b,model.layers.16.self_attn.q_proj.weight,llama2_7b_block_16,16,q_proj,4096x4096,global_mag_s80,unstructured,0.8,,4096,4096,3355443,0.800000011920929,5019519d46e2e7bf,
llama2_7b_l16_q_proj_wanda_s80,Llama-2-7B-hf,llama2_7b,model.layers.16.self_attn.q_proj.weight,llama2_7b_block_16,16,q_proj,4096x4096,wanda_s80,activation_aware_unstructured,0.8,,4096,4096,3355443,0.800000011920929,c034657a73c49f50,llama2_7b.npz
llama2_7b_l16_q_proj_global_mag_s90,Llama-2-7B-hf,llama2_7b,model.layers.16.self_attn.q_proj.weight,llama2_7b_block_16,16,q_proj,4096x4096,global_mag_s90,unstructured,0.9,,4096,4096,1677722,0.8999999761581421,42de733735f51130,
llama2_7b_l16_q_proj_wanda_s90,Llama-2-7B-hf,llama2_7b,model.layers.16.self_attn.q_proj.weight,llama2_7b_block_16,16,q_proj,4096x4096,wanda_s90,activation_aware_unstructured,0.9,,4096,4096,1677722,0.8999999761581421,235cd7c7d8f268db,llama2_7b.npz
llama2_7b_l17_o_proj_global_mag_s70,Llama-2-7B-hf,llama2_7b,model.layers.17.self_attn.o_proj.weight,llama2_7b_block_17,17,o_proj,4096x4096,global_mag_s70,unstructured,0.7,,4096,4096,5033165,0.699999988079071,34a40efe72cba603,
llama2_7b_l17_o_proj_wanda_s70,Llama-2-7B-hf,llama2_7b,model.layers.17.self_attn.o_proj.weight,llama2_7b_block_17,17,o_proj,4096x4096,wanda_s70,activation_aware_unstructured,0.7,,4096,4096,5033165,0.699999988079071,57879e6e2f54ed64,llama2_7b.npz
llama2_7b_l17_o_proj_global_mag_s80,Llama-2-7B-hf,llama2_7b,model.layers.17.self_attn.o_proj.weight,llama2_7b_block_17,17,o_proj,4096x4096,global_mag_s80,unstructured,0.8,,4096,4096,3355443,0.800000011920929,a0fb9127ff1d4e4b,
llama2_7b_l17_o_proj_wanda_s80,Llama-2-7B-hf,llama2_7b,model.layers.17.self_attn.o_proj.weight,llama2_7b_block_17,17,o_proj,4096x4096,wanda_s80,activation_aware_unstructured,0.8,,4096,4096,3355443,0.800000011920929,fcdb4c8ac9c55d09,llama2_7b.npz
llama2_7b_l17_o_proj_global_mag_s90,Llama-2-7B-hf,llama2_7b,model.layers.17.self_attn.o_proj.weight,llama2_7b_block_17,17,o_proj,4096x4096,global_mag_s90,unstructured,0.9,,4096,4096,1677722,0.8999999761581421,636c163210a66a95,
llama2_7b_l17_o_proj_wanda_s90,Llama-2-7B-hf,llama2_7b,model.layers.17.self_attn.o_proj.weight,llama2_7b_block_17,17,o_proj,4096x4096,wanda_s90,activation_aware_unstructured,0.9,,4096,4096,1677722,0.8999999761581421,c2844bdb09de4bad,llama2_7b.npz
llama2_7b_l17_q_proj_global_mag_s70,Llama-2-7B-hf,llama2_7b,model.layers.17.self_attn.q_proj.weight,llama2_7b_block_17,17,q_proj,4096x4096,global_mag_s70,unstructured,0.7,,4096,4096,5033165,0.699999988079071,9d16bc32267e1373,
llama2_7b_l17_q_proj_wanda_s70,Llama-2-7B-hf,llama2_7b,model.layers.17.self_attn.q_proj.weight,llama2_7b_block_17,17,q_proj,4096x4096,wanda_s70,activation_aware_unstructured,0.7,,4096,4096,5033165,0.699999988079071,1e6316cc772c4651,llama2_7b.npz
llama2_7b_l17_q_proj_global_mag_s80,Llama-2-7B-hf,llama2_7b,model.layers.17.self_attn.q_proj.weight,llama2_7b_block_17,17,q_proj,4096x4096,global_mag_s80,unstructured,0.8,,4096,4096,3355443,0.800000011920929,b38e3c185247bccd,
llama2_7b_l17_q_proj_wanda_s80,Llama-2-7B-hf,llama2_7b,model.layers.17.self_attn.q_proj.weight,llama2_7b_block_17,17,q_proj,4096x4096,wanda_s80,activation_aware_unstructured,0.8,,4096,4096,3355443,0.800000011920929,acb73d5793a8515d,llama2_7b.npz
llama2_7b_l17_q_proj_global_mag_s90,Llama-2-7B-hf,llama2_7b,model.layers.17.self_attn.q_proj.weight,llama2_7b_block_17,17,q_proj,4096x4096,global_mag_s90,unstructured,0.9,,4096,4096,1677722,0.8999999761581421,ef7f9d6ce504971e,
llama2_7b_l17_q_proj_wanda_s90,Llama-2-7B-hf,llama2_7b,model.layers.17.self_attn.q_proj.weight,llama2_7b_block_17,17,q_proj,4096x4096,wanda_s90,activation_aware_unstructured,0.9,,4096,4096,1677722,0.8999999761581421,0d02d9a425523e32,llama2_7b.npz
llama2_7b_l19_o_proj_global_mag_s70,Llama-2-7B-hf,llama2_7b,model.layers.19.self_attn.o_proj.weight,llama2_7b_block_19,19,o_proj,4096x4096,global_mag_s70,unstructured,0.7,,4096,4096,5033165,0.699999988079071,36cfec66854fb3cf,
llama2_7b_l19_o_proj_wanda_s70,Llama-2-7B-hf,llama2_7b,model.layers.19.self_attn.o_proj.weight,llama2_7b_block_19,19,o_proj,4096x4096,wanda_s70,activation_aware_unstructured,0.7,,4096,4096,5033165,0.699999988079071,a55f5b8bbc1f72d1,llama2_7b.npz
llama2_7b_l19_o_proj_global_mag_s80,Llama-2-7B-hf,llama2_7b,model.layers.19.self_attn.o_proj.weight,llama2_7b_block_19,19,o_proj,4096x4096,global_mag_s80,unstructured,0.8,,4096,4096,3355443,0.800000011920929,28445bcd991af043,
llama2_7b_l19_o_proj_wanda_s80,Llama-2-7B-hf,llama2_7b,model.layers.19.self_attn.o_proj.weight,llama2_7b_block_19,19,o_proj,4096x4096,wanda_s80,activation_aware_unstructured,0.8,,4096,4096,3355443,0.800000011920929,7fba411cb494a495,llama2_7b.npz
llama2_7b_l19_o_proj_global_mag_s90,Llama-2-7B-hf,llama2_7b,model.layers.19.self_attn.o_proj.weight,llama2_7b_block_19,19,o_proj,4096x4096,global_mag_s90,unstructured,0.9,,4096,4096,1677722,0.8999999761581421,a4b3aab99b8e959d,
llama2_7b_l19_o_proj_wanda_s90,Llama-2-7B-hf,llama2_7b,model.layers.19.self_attn.o_proj.weight,llama2_7b_block_19,19,o_proj,4096x4096,wanda_s90,activation_aware_unstructured,0.9,,4096,4096,1677722,0.8999999761581421,946775db5882c28a,llama2_7b.npz
llama2_7b_l19_q_proj_global_mag_s70,Llama-2-7B-hf,llama2_7b,model.layers.19.self_attn.q_proj.weight,llama2_7b_block_19,19,q_proj,4096x4096,global_mag_s70,unstructured,0.7,,4096,4096,5033165,0.699999988079071,f5cc133062d74b47,
llama2_7b_l19_q_proj_wanda_s70,Llama-2-7B-hf,llama2_7b,model.layers.19.self_attn.q_proj.weight,llama2_7b_block_19,19,q_proj,4096x4096,wanda_s70,activation_aware_unstructured,0.7,,4096,4096,5033165,0.699999988079071,6d5219bd7d442b07,llama2_7b.npz
llama2_7b_l19_q_proj_global_mag_s80,Llama-2-7B-hf,llama2_7b,model.layers.19.self_attn.q_proj.weight,llama2_7b_block_19,19,q_proj,4096x4096,global_mag_s80,unstructured,0.8,,4096,4096,3355443,0.800000011920929,ac7e525625881258,
llama2_7b_l19_q_proj_wanda_s80,Llama-2-7B-hf,llama2_7b,model.layers.19.self_attn.q_proj.weight,llama2_7b_block_19,19,q_proj,4096x4096,wanda_s80,activation_aware_unstructured,0.8,,4096,4096,3355443,0.800000011920929,e70b35a60c868721,llama2_7b.npz
llama2_7b_l19_q_proj_global_mag_s90,Llama-2-7B-hf,llama2_7b,model.layers.19.self_attn.q_proj.weight,llama2_7b_block_19,19,q_proj,4096x4096,global_mag_s90,unstructured,0.9,,4096,4096,1677722,0.8999999761581421,66bce49ec3f6f548,
llama2_7b_l19_q_proj_wanda_s90,Llama-2-7B-hf,llama2_7b,model.layers.19.self_attn.q_proj.weight,llama2_7b_block_19,19,q_proj,4096x4096,wanda_s90,activation_aware_unstructured,0.9,,4096,4096,1677722,0.8999999761581421,43be03be05f148d5,llama2_7b.npz
llama2_7b_l20_o_proj_global_mag_s70,Llama-2-7B-hf,llama2_7b,model.layers.20.self_attn.o_proj.weight,llama2_7b_block_20,20,o_proj,4096x4096,global_mag_s70,unstructured,0.7,,4096,4096,5033165,0.699999988079071,d81e47d55a47900a,
llama2_7b_l20_o_proj_wanda_s70,Llama-2-7B-hf,llama2_7b,model.layers.20.self_attn.o_proj.weight,llama2_7b_block_20,20,o_proj,4096x4096,wanda_s70,activation_aware_unstructured,0.7,,4096,4096,5033165,0.699999988079071,286d3609bd1c609c,llama2_7b.npz
llama2_7b_l20_o_proj_global_mag_s80,Llama-2-7B-hf,llama2_7b,model.layers.20.self_attn.o_proj.weight,llama2_7b_block_20,20,o_proj,4096x4096,global_mag_s80,unstructured,0.8,,4096,4096,3355443,0.800000011920929,9561a8b5b3e090af,
llama2_7b_l20_o_proj_wanda_s80,Llama-2-7B-hf,llama2_7b,model.layers.20.self_attn.o_proj.weight,llama2_7b_block_20,20,o_proj,4096x4096,wanda_s80,activation_aware_unstructured,0.8,,4096,4096,3355443,0.800000011920929,7270274a9d7b0903,llama2_7b.npz
llama2_7b_l20_o_proj_global_mag_s90,Llama-2-7B-hf,llama2_7b,model.layers.20.self_attn.o_proj.weight,llama2_7b_block_20,20,o_proj,4096x4096,global_mag_s90,unstructured,0.9,,4096,4096,1677722,0.8999999761581421,3c0ed6833c03e8de,
llama2_7b_l20_o_proj_wanda_s90,Llama-2-7B-hf,llama2_7b,model.layers.20.self_attn.o_proj.weight,llama2_7b_block_20,20,o_proj,4096x4096,wanda_s90,activation_aware_unstructured,0.9,,4096,4096,1677722,0.8999999761581421,3c69e10e2f9263ff,llama2_7b.npz
llama2_7b_l20_q_proj_global_mag_s70,Llama-2-7B-hf,llama2_7b,model.layers.20.self_attn.q_proj.weight,llama2_7b_block_20,20,q_proj,4096x4096,global_mag_s70,unstructured,0.7,,4096,4096,5033165,0.699999988079071,186762d8ebd0275b,
llama2_7b_l20_q_proj_wanda_s70,Llama-2-7B-hf,llama2_7b,model.layers.20.self_attn.q_proj.weight,llama2_7b_block_20,20,q_proj,4096x4096,wanda_s70,activation_aware_unstructured,0.7,,4096,4096,5033165,0.699999988079071,aee9e105ed207b6d,llama2_7b.npz
llama2_7b_l20_q_proj_global_mag_s80,Llama-2-7B-hf,llama2_7b,model.layers.20.self_attn.q_proj.weight,llama2_7b_block_20,20,q_proj,4096x4096,global_mag_s80,unstructured,0.8,,4096,4096,3355443,0.800000011920929,cce63949a11af62f,
llama2_7b_l20_q_proj_wanda_s80,Llama-2-7B-hf,llama2_7b,model.layers.20.self_attn.q_proj.weight,llama2_7b_block_20,20,q_proj,4096x4096,wanda_s80,activation_aware_unstructured,0.8,,4096,4096,3355443,0.800000011920929,b37d31a30b87d074,llama2_7b.npz
llama2_7b_l20_q_proj_global_mag_s90,Llama-2-7B-hf,llama2_7b,model.layers.20.self_attn.q_proj.weight,llama2_7b_block_20,20,q_proj,4096x4096,global_mag_s90,unstructured,0.9,,4096,4096,1677722,0.8999999761581421,e1774442397375bc,
llama2_7b_l20_q_proj_wanda_s90,Llama-2-7B-hf,llama2_7b,model.layers.20.self_attn.q_proj.weight,llama2_7b_block_20,20,q_proj,4096x4096,wanda_s90,activation_aware_unstructured,0.9,,4096,4096,1677722,0.8999999761581421,9988958d0cc7d783,llama2_7b.npz
llama2_7b_l21_o_proj_global_mag_s70,Llama-2-7B-hf,llama2_7b,model.layers.21.self_attn.o_proj.weight,llama2_7b_block_21,21,o_proj,4096x4096,global_mag_s70,unstructured,0.7,,4096,4096,5033165,0.699999988079071,7ee6df126bf22267,
llama2_7b_l21_o_proj_wanda_s70,Llama-2-7B-hf,llama2_7b,model.layers.21.self_attn.o_proj.weight,llama2_7b_block_21,21,o_proj,4096x4096,wanda_s70,activation_aware_unstructured,0.7,,4096,4096,5033165,0.699999988079071,992b78b61d7b2bce,llama2_7b.npz
llama2_7b_l21_o_proj_global_mag_s80,Llama-2-7B-hf,llama2_7b,model.layers.21.self_attn.o_proj.weight,llama2_7b_block_21,21,o_proj,4096x4096,global_mag_s80,unstructured,0.8,,4096,4096,3355443,0.800000011920929,a16a2edd5c7d17ec,
llama2_7b_l21_o_proj_wanda_s80,Llama-2-7B-hf,llama2_7b,model.layers.21.self_attn.o_proj.weight,llama2_7b_block_21,21,o_proj,4096x4096,wanda_s80,activation_aware_unstructured,0.8,,4096,4096,3355443,0.800000011920929,cb82909f3d220aa5,llama2_7b.npz
llama2_7b_l21_o_proj_global_mag_s90,Llama-2-7B-hf,llama2_7b,model.layers.21.self_attn.o_proj.weight,llama2_7b_block_21,21,o_proj,4096x4096,global_mag_s90,unstructured,0.9,,4096,4096,1677722,0.8999999761581421,3beb22c5a8c0c75a,
llama2_7b_l21_o_proj_wanda_s90,Llama-2-7B-hf,llama2_7b,model.layers.21.self_attn.o_proj.weight,llama2_7b_block_21,21,o_proj,4096x4096,wanda_s90,activation_aware_unstructured,0.9,,4096,4096,1677722,0.8999999761581421,ad14ac6b2b4c35e4,llama2_7b.npz
llama2_7b_l21_q_proj_global_mag_s70,Llama-2-7B-hf,llama2_7b,model.layers.21.self_attn.q_proj.weight,llama2_7b_block_21,21,q_proj,4096x4096,global_mag_s70,unstructured,0.7,,4096,4096,5033165,0.699999988079071,5cc15423b5f4ec80,
llama2_7b_l21_q_proj_wanda_s70,Llama-2-7B-hf,llama2_7b,model.layers.21.self_attn.q_proj.weight,llama2_7b_block_21,21,q_proj,4096x4096,wanda_s70,activation_aware_unstructured,0.7,,4096,4096,5033165,0.699999988079071,b1bba6195b9832fa,llama2_7b.npz
llama2_7b_l21_q_proj_global_mag_s80,Llama-2-7B-hf,llama2_7b,model.layers.21.self_attn.q_proj.weight,llama2_7b_block_21,21,q_proj,4096x4096,global_mag_s80,unstructured,0.8,,4096,4096,3355443,0.800000011920929,45a19e379ad6e393,
llama2_7b_l21_q_proj_wanda_s80,Llama-2-7B-hf,llama2_7b,model.layers.21.self_attn.q_proj.weight,llama2_7b_block_21,21,q_proj,4096x4096,wanda_s80,activation_aware_unstructured,0.8,,4096,4096,3355443,0.800000011920929,6e37ba4d4f8337dc,llama2_7b.npz
llama2_7b_l21_q_proj_global_mag_s90,Llama-2-7B-hf,llama2_7b,model.layers.21.self_attn.q_proj.weight,llama2_7b_block_21,21,q_proj,4096x4096,global_mag_s90,unstructured,0.9,,4096,4096,1677722,0.8999999761581421,8923930902cd3433,
llama2_7b_l21_q_proj_wanda_s90,Llama-2-7B-hf,llama2_7b,model.layers.21.self_attn.q_proj.weight,llama2_7b_block_21,21,q_proj,4096x4096,wanda_s90,activation_aware_unstructured,0.9,,4096,4096,1677722,0.8999999761581421,a6e9404e8d1ca302,llama2_7b.npz
llama2_7b_l23_o_proj_global_mag_s70,Llama-2-7B-hf,llama2_7b,model.layers.23.self_attn.o_proj.weight,llama2_7b_block_23,23,o_proj,4096x4096,global_mag_s70,unstructured,0.7,,4096,4096,5033165,0.699999988079071,a31bd07b6ce6873d,
llama2_7b_l23_o_proj_wanda_s70,Llama-2-7B-hf,llama2_7b,model.layers.23.self_attn.o_proj.weight,llama2_7b_block_23,23,o_proj,4096x4096,wanda_s70,activation_aware_unstructured,0.7,,4096,4096,5033165,0.699999988079071,8aaa68d3b461a107,llama2_7b.npz
llama2_7b_l23_o_proj_global_mag_s80,Llama-2-7B-hf,llama2_7b,model.layers.23.self_attn.o_proj.weight,llama2_7b_block_23,23,o_proj,4096x4096,global_mag_s80,unstructured,0.8,,4096,4096,3355443,0.800000011920929,a6eb6c955b1f4182,
llama2_7b_l23_o_proj_wanda_s80,Llama-2-7B-hf,llama2_7b,model.layers.23.self_attn.o_proj.weight,llama2_7b_block_23,23,o_proj,4096x4096,wanda_s80,activation_aware_unstructured,0.8,,4096,4096,3355443,0.800000011920929,5ca54572353688af,llama2_7b.npz
llama2_7b_l23_o_proj_global_mag_s90,Llama-2-7B-hf,llama2_7b,model.layers.23.self_attn.o_proj.weight,llama2_7b_block_23,23,o_proj,4096x4096,global_mag_s90,unstructured,0.9,,4096,4096,1677722,0.8999999761581421,73afa646926fc869,
llama2_7b_l23_o_proj_wanda_s90,Llama-2-7B-hf,llama2_7b,model.layers.23.self_attn.o_proj.weight,llama2_7b_block_23,23,o_proj,4096x4096,wanda_s90,activation_aware_unstructured,0.9,,4096,4096,1677722,0.8999999761581421,ad998b6b01e6ec70,llama2_7b.npz
llama2_7b_l23_q_proj_global_mag_s70,Llama-2-7B-hf,llama2_7b,model.layers.23.self_attn.q_proj.weight,llama2_7b_block_23,23,q_proj,4096x4096,global_mag_s70,unstructured,0.7,,4096,4096,5033165,0.699999988079071,ad3f3cfc09c17513,
llama2_7b_l23_q_proj_wanda_s70,Llama-2-7B-hf,llama2_7b,model.layers.23.self_attn.q_proj.weight,llama2_7b_block_23,23,q_proj,4096x4096,wanda_s70,activation_aware_unstructured,0.7,,4096,4096,5033165,0.699999988079071,ceb567e85dbe01da,llama2_7b.npz
llama2_7b_l23_q_proj_global_mag_s80,Llama-2-7B-hf,llama2_7b,model.layers.23.self_attn.q_proj.weight,llama2_7b_block_23,23,q_proj,4096x4096,global_mag_s80,unstructured,0.8,,4096,4096,3355443,0.800000011920929,774a8ba3fafee509,
llama2_7b_l23_q_proj_wanda_s80,Llama-2-7B-hf,llama2_7b,model.layers.23.self_attn.q_proj.weight,llama2_7b_block_23,23,q_proj,4096x4096,wanda_s80,activation_aware_unstructured,0.8,,4096,4096,3355443,0.800000011920929,a0547cff412b5ebe,llama2_7b.npz
llama2_7b_l23_q_proj_global_mag_s90,Llama-2-7B-hf,llama2_7b,model.layers.23.self_attn.q_proj.weight,llama2_7b_block_23,23,q_proj,4096x4096,global_mag_s90,unstructured,0.9,,4096,4096,1677722,0.8999999761581421,49f8d93d19184bf4,
llama2_7b_l23_q_proj_wanda_s90,Llama-2-7B-hf,llama2_7b,model.layers.23.self_attn.q_proj.weight,llama2_7b_block_23,23,q_proj,4096x4096,wanda_s90,activation_aware_unstructured,0.9,,4096,4096,1677722,0.8999999761581421,ac64abb43d161747,llama2_7b.npz
llama2_7b_l24_o_proj_global_mag_s70,Llama-2-7B-hf,llama2_7b,model.layers.24.self_attn.o_proj.weight,llama2_7b_block_24,24,o_proj,4096x4096,global_mag_s70,unstructured,0.7,,4096,4096,5033165,0.699999988079071,70c8fdca8b27d08f,
llama2_7b_l24_o_proj_wanda_s70,Llama-2-7B-hf,llama2_7b,model.layers.24.self_attn.o_proj.weight,llama2_7b_block_24,24,o_proj,4096x4096,wanda_s70,activation_aware_unstructured,0.7,,4096,4096,5033165,0.699999988079071,5866e653a0eea4da,llama2_7b.npz
llama2_7b_l24_o_proj_global_mag_s80,Llama-2-7B-hf,llama2_7b,model.layers.24.self_attn.o_proj.weight,llama2_7b_block_24,24,o_proj,4096x4096,global_mag_s80,unstructured,0.8,,4096,4096,3355443,0.800000011920929,c916e1d6175af61b,
llama2_7b_l24_o_proj_wanda_s80,Llama-2-7B-hf,llama2_7b,model.layers.24.self_attn.o_proj.weight,llama2_7b_block_24,24,o_proj,4096x4096,wanda_s80,activation_aware_unstructured,0.8,,4096,4096,3355443,0.800000011920929,760a4a019d18a061,llama2_7b.npz
llama2_7b_l24_o_proj_global_mag_s90,Llama-2-7B-hf,llama2_7b,model.layers.24.self_attn.o_proj.weight,llama2_7b_block_24,24,o_proj,4096x4096,global_mag_s90,unstructured,0.9,,4096,4096,1677722,0.8999999761581421,013b2f57b5a0871d,
llama2_7b_l24_o_proj_wanda_s90,Llama-2-7B-hf,llama2_7b,model.layers.24.self_attn.o_proj.weight,llama2_7b_block_24,24,o_proj,4096x4096,wanda_s90,activation_aware_unstructured,0.9,,4096,4096,1677722,0.8999999761581421,f30a7862b836f42d,llama2_7b.npz
llama2_7b_l24_q_proj_global_mag_s70,Llama-2-7B-hf,llama2_7b,model.layers.24.self_attn.q_proj.weight,llama2_7b_block_24,24,q_proj,4096x4096,global_mag_s70,unstructured,0.7,,4096,4096,5033165,0.699999988079071,15b69f201abd5085,
llama2_7b_l24_q_proj_wanda_s70,Llama-2-7B-hf,llama2_7b,model.layers.24.self_attn.q_proj.weight,llama2_7b_block_24,24,q_proj,4096x4096,wanda_s70,activation_aware_unstructured,0.7,,4096,4096,5033165,0.699999988079071,3bb249d15863c088,llama2_7b.npz
llama2_7b_l24_q_proj_global_mag_s80,Llama-2-7B-hf,llama2_7b,model.layers.24.self_attn.q_proj.weight,llama2_7b_block_24,24,q_proj,4096x4096,global_mag_s80,unstructured,0.8,,4096,4096,3355443,0.800000011920929,248586c0e5251476,
llama2_7b_l24_q_proj_wanda_s80,Llama-2-7B-hf,llama2_7b,model.layers.24.self_attn.q_proj.weight,llama2_7b_block_24,24,q_proj,4096x4096,wanda_s80,activation_aware_unstructured,0.8,,4096,4096,3355443,0.800000011920929,aa77cc0e6efc9e86,llama2_7b.npz
llama2_7b_l24_q_proj_global_mag_s90,Llama-2-7B-hf,llama2_7b,model.layers.24.self_attn.q_proj.weight,llama2_7b_block_24,24,q_proj,4096x4096,global_mag_s90,unstructured,0.9,,4096,4096,1677722,0.8999999761581421,01d20fdef0d0a0ae,
llama2_7b_l24_q_proj_wanda_s90,Llama-2-7B-hf,llama2_7b,model.layers.24.self_attn.q_proj.weight,llama2_7b_block_24,24,q_proj,4096x4096,wanda_s90,activation_aware_unstructured,0.9,,4096,4096,1677722,0.8999999761581421,94aa280c941c9c37,llama2_7b.npz
llama2_7b_l25_o_proj_global_mag_s70,Llama-2-7B-hf,llama2_7b,model.layers.25.self_attn.o_proj.weight,llama2_7b_block_25,25,o_proj,4096x4096,global_mag_s70,unstructured,0.7,,4096,4096,5033165,0.699999988079071,ce87cde9ca7afe39,
llama2_7b_l25_o_proj_wanda_s70,Llama-2-7B-hf,llama2_7b,model.layers.25.self_attn.o_proj.weight,llama2_7b_block_25,25,o_proj,4096x4096,wanda_s70,activation_aware_unstructured,0.7,,4096,4096,5033165,0.699999988079071,cadb6bcef8b11c22,llama2_7b.npz
llama2_7b_l25_o_proj_global_mag_s80,Llama-2-7B-hf,llama2_7b,model.layers.25.self_attn.o_proj.weight,llama2_7b_block_25,25,o_proj,4096x4096,global_mag_s80,unstructured,0.8,,4096,4096,3355443,0.800000011920929,4375e328bec43953,
llama2_7b_l25_o_proj_wanda_s80,Llama-2-7B-hf,llama2_7b,model.layers.25.self_attn.o_proj.weight,llama2_7b_block_25,25,o_proj,4096x4096,wanda_s80,activation_aware_unstructured,0.8,,4096,4096,3355443,0.800000011920929,34b2c77e6f10f009,llama2_7b.npz
llama2_7b_l25_o_proj_global_mag_s90,Llama-2-7B-hf,llama2_7b,model.layers.25.self_attn.o_proj.weight,llama2_7b_block_25,25,o_proj,4096x4096,global_mag_s90,unstructured,0.9,,4096,4096,1677722,0.8999999761581421,81e1a038465ca4e7,
llama2_7b_l25_o_proj_wanda_s90,Llama-2-7B-hf,llama2_7b,model.layers.25.self_attn.o_proj.weight,llama2_7b_block_25,25,o_proj,4096x4096,wanda_s90,activation_aware_unstructured,0.9,,4096,4096,1677722,0.8999999761581421,a12bf49f782f5b7f,llama2_7b.npz
llama2_7b_l25_q_proj_global_mag_s70,Llama-2-7B-hf,llama2_7b,model.layers.25.self_attn.q_proj.weight,llama2_7b_block_25,25,q_proj,4096x4096,global_mag_s70,unstructured,0.7,,4096,4096,5033165,0.699999988079071,d67a58ebd716c161,
llama2_7b_l25_q_proj_wanda_s70,Llama-2-7B-hf,llama2_7b,model.layers.25.self_attn.q_proj.weight,llama2_7b_block_25,25,q_proj,4096x4096,wanda_s70,activation_aware_unstructured,0.7,,4096,4096,5033165,0.699999988079071,4664ea458cca0db6,llama2_7b.npz
llama2_7b_l25_q_proj_global_mag_s80,Llama-2-7B-hf,llama2_7b,model.layers.25.self_attn.q_proj.weight,llama2_7b_block_25,25,q_proj,4096x4096,global_mag_s80,unstructured,0.8,,4096,4096,3355443,0.800000011920929,5cc6d0ea6aef7d4a,
llama2_7b_l25_q_proj_wanda_s80,Llama-2-7B-hf,llama2_7b,model.layers.25.self_attn.q_proj.weight,llama2_7b_block_25,25,q_proj,4096x4096,wanda_s80,activation_aware_unstructured,0.8,,4096,4096,3355443,0.800000011920929,c663709d43a1e6c1,llama2_7b.npz
llama2_7b_l25_q_proj_global_mag_s90,Llama-2-7B-hf,llama2_7b,model.layers.25.self_attn.q_proj.weight,llama2_7b_block_25,25,q_proj,4096x4096,global_mag_s90,unstructured,0.9,,4096,4096,1677722,0.8999999761581421,23ba97e38665952f,
llama2_7b_l25_q_proj_wanda_s90,Llama-2-7B-hf,llama2_7b,model.layers.25.self_attn.q_proj.weight,llama2_7b_block_25,25,q_proj,4096x4096,wanda_s90,activation_aware_unstructured,0.9,,4096,4096,1677722,0.8999999761581421,d6ffa73523e10e25,llama2_7b.npz
llama2_7b_l26_o_proj_global_mag_s70,Llama-2-7B-hf,llama2_7b,model.layers.26.self_attn.o_proj.weight,llama2_7b_block_26,26,o_proj,4096x4096,global_mag_s70,unstructured,0.7,,4096,4096,5033165,0.699999988079071,9cbcd97c0691bb89,
llama2_7b_l26_o_proj_wanda_s70,Llama-2-7B-hf,llama2_7b,model.layers.26.self_attn.o_proj.weight,llama2_7b_block_26,26,o_proj,4096x4096,wanda_s70,activation_aware_unstructured,0.7,,4096,4096,5033165,0.699999988079071,4aacbc93ce0ca66e,llama2_7b.npz
llama2_7b_l26_o_proj_global_mag_s80,Llama-2-7B-hf,llama2_7b,model.layers.26.self_attn.o_proj.weight,llama2_7b_block_26,26,o_proj,4096x4096,global_mag_s80,unstructured,0.8,,4096,4096,3355443,0.800000011920929,1d3423a1515589ca,
llama2_7b_l26_o_proj_wanda_s80,Llama-2-7B-hf,llama2_7b,model.layers.26.self_attn.o_proj.weight,llama2_7b_block_26,26,o_proj,4096x4096,wanda_s80,activation_aware_unstructured,0.8,,4096,4096,3355443,0.800000011920929,5d69ad4023f87a8a,llama2_7b.npz
llama2_7b_l26_o_proj_global_mag_s90,Llama-2-7B-hf,llama2_7b,model.layers.26.self_attn.o_proj.weight,llama2_7b_block_26,26,o_proj,4096x4096,global_mag_s90,unstructured,0.9,,4096,4096,1677722,0.8999999761581421,a95e48f8d442387a,
llama2_7b_l26_o_proj_wanda_s90,Llama-2-7B-hf,llama2_7b,model.layers.26.self_attn.o_proj.weight,llama2_7b_block_26,26,o_proj,4096x4096,wanda_s90,activation_aware_unstructured,0.9,,4096,4096,1677722,0.8999999761581421,e2d1a3df69159c71,llama2_7b.npz
llama2_7b_l26_q_proj_global_mag_s70,Llama-2-7B-hf,llama2_7b,model.layers.26.self_attn.q_proj.weight,llama2_7b_block_26,26,q_proj,4096x4096,global_mag_s70,unstructured,0.7,,4096,4096,5033165,0.699999988079071,a8e040499ef836bf,
llama2_7b_l26_q_proj_wanda_s70,Llama-2-7B-hf,llama2_7b,model.layers.26.self_attn.q_proj.weight,llama2_7b_block_26,26,q_proj,4096x4096,wanda_s70,activation_aware_unstructured,0.7,,4096,4096,5033165,0.699999988079071,555e086fe6e956e7,llama2_7b.npz
llama2_7b_l26_q_proj_global_mag_s80,Llama-2-7B-hf,llama2_7b,model.layers.26.self_attn.q_proj.weight,llama2_7b_block_26,26,q_proj,4096x4096,global_mag_s80,unstructured,0.8,,4096,4096,3355443,0.800000011920929,2242b9e27045b97b,
llama2_7b_l26_q_proj_wanda_s80,Llama-2-7B-hf,llama2_7b,model.layers.26.self_attn.q_proj.weight,llama2_7b_block_26,26,q_proj,4096x4096,wanda_s80,activation_aware_unstructured,0.8,,4096,4096,3355443,0.800000011920929,4421228ac81875b0,llama2_7b.npz
llama2_7b_l26_q_proj_global_mag_s90,Llama-2-7B-hf,llama2_7b,model.layers.26.self_attn.q_proj.weight,llama2_7b_block_26,26,q_proj,4096x4096,global_mag_s90,unstructured,0.9,,4096,4096,1677722,0.8999999761581421,0ae11874c38836e1,
llama2_7b_l26_q_proj_wanda_s90,Llama-2-7B-hf,llama2_7b,model.layers.26.self_attn.q_proj.weight,llama2_7b_block_26,26,q_proj,4096x4096,wanda_s90,activation_aware_unstructured,0.9,,4096,4096,1677722,0.8999999761581421,d1ba41ffc6e9b3b8,llama2_7b.npz
llama2_7b_l28_o_proj_global_mag_s70,Llama-2-7B-hf,llama2_7b,model.layers.28.self_attn.o_proj.weight,llama2_7b_block_28,28,o_proj,4096x4096,global_mag_s70,unstructured,0.7,,4096,4096,5033165,0.699999988079071,7afeb3b60487ddf5,
llama2_7b_l28_o_proj_wanda_s70,Llama-2-7B-hf,llama2_7b,model.layers.28.self_attn.o_proj.weight,llama2_7b_block_28,28,o_proj,4096x4096,wanda_s70,activation_aware_unstructured,0.7,,4096,4096,5033165,0.699999988079071,9e48600b2cb75e8d,llama2_7b.npz
llama2_7b_l28_o_proj_global_mag_s80,Llama-2-7B-hf,llama2_7b,model.layers.28.self_attn.o_proj.weight,llama2_7b_block_28,28,o_proj,4096x4096,global_mag_s80,unstructured,0.8,,4096,4096,3355443,0.800000011920929,83eedac7399bf7ae,
llama2_7b_l28_o_proj_wanda_s80,Llama-2-7B-hf,llama2_7b,model.layers.28.self_attn.o_proj.weight,llama2_7b_block_28,28,o_proj,4096x4096,wanda_s80,activation_aware_unstructured,0.8,,4096,4096,3355443,0.800000011920929,e75f74e663b92cf2,llama2_7b.npz
llama2_7b_l28_o_proj_global_mag_s90,Llama-2-7B-hf,llama2_7b,model.layers.28.self_attn.o_proj.weight,llama2_7b_block_28,28,o_proj,4096x4096,global_mag_s90,unstructured,0.9,,4096,4096,1677722,0.8999999761581421,ca88346ecdaec616,
llama2_7b_l28_o_proj_wanda_s90,Llama-2-7B-hf,llama2_7b,model.layers.28.self_attn.o_proj.weight,llama2_7b_block_28,28,o_proj,4096x4096,wanda_s90,activation_aware_unstructured,0.9,,4096,4096,1677722,0.8999999761581421,f99c5e9e622b8714,llama2_7b.npz
llama2_7b_l28_q_proj_global_mag_s70,Llama-2-7B-hf,llama2_7b,model.layers.28.self_attn.q_proj.weight,llama2_7b_block_28,28,q_proj,4096x4096,global_mag_s70,unstructured,0.7,,4096,4096,5033165,0.699999988079071,657cf3fe9d2d405c,
llama2_7b_l28_q_proj_wanda_s70,Llama-2-7B-hf,llama2_7b,model.layers.28.self_attn.q_proj.weight,llama2_7b_block_28,28,q_proj,4096x4096,wanda_s70,activation_aware_unstructured,0.7,,4096,4096,5033165,0.699999988079071,2fc045fa1b01f676,llama2_7b.npz
llama2_7b_l28_q_proj_global_mag_s80,Llama-2-7B-hf,llama2_7b,model.layers.28.self_attn.q_proj.weight,llama2_7b_block_28,28,q_proj,4096x4096,global_mag_s80,unstructured,0.8,,4096,4096,3355443,0.800000011920929,323d6fa5725dfe43,
llama2_7b_l28_q_proj_wanda_s80,Llama-2-7B-hf,llama2_7b,model.layers.28.self_attn.q_proj.weight,llama2_7b_block_28,28,q_proj,4096x4096,wanda_s80,activation_aware_unstructured,0.8,,4096,4096,3355443,0.800000011920929,5aee037149997377,llama2_7b.npz
llama2_7b_l28_q_proj_global_mag_s90,Llama-2-7B-hf,llama2_7b,model.layers.28.self_attn.q_proj.weight,llama2_7b_block_28,28,q_proj,4096x4096,global_mag_s90,unstructured,0.9,,4096,4096,1677722,0.8999999761581421,dc9913b9e888f963,
llama2_7b_l28_q_proj_wanda_s90,Llama-2-7B-hf,llama2_7b,model.layers.28.self_attn.q_proj.weight,llama2_7b_block_28,28,q_proj,4096x4096,wanda_s90,activation_aware_unstructured,0.9,,4096,4096,1677722,0.8999999761581421,6efb1e8304b0d732,llama2_7b.npz
llama2_7b_l29_o_proj_global_mag_s70,Llama-2-7B-hf,llama2_7b,model.layers.29.self_attn.o_proj.weight,llama2_7b_block_29,29,o_proj,4096x4096,global_mag_s70,unstructured,0.7,,4096,4096,5033165,0.699999988079071,e08ba7de904eddd5,
llama2_7b_l29_o_proj_wanda_s70,Llama-2-7B-hf,llama2_7b,model.layers.29.self_attn.o_proj.weight,llama2_7b_block_29,29,o_proj,4096x4096,wanda_s70,activation_aware_unstructured,0.7,,4096,4096,5033165,0.699999988079071,54eaf2bddaa69a07,llama2_7b.npz
llama2_7b_l29_o_proj_global_mag_s80,Llama-2-7B-hf,llama2_7b,model.layers.29.self_attn.o_proj.weight,llama2_7b_block_29,29,o_proj,4096x4096,global_mag_s80,unstructured,0.8,,4096,4096,3355443,0.800000011920929,050a0df0438af010,
llama2_7b_l29_o_proj_wanda_s80,Llama-2-7B-hf,llama2_7b,model.layers.29.self_attn.o_proj.weight,llama2_7b_block_29,29,o_proj,4096x4096,wanda_s80,activation_aware_unstructured,0.8,,4096,4096,3355443,0.800000011920929,55ea52bcb73b5e6d,llama2_7b.npz
llama2_7b_l29_o_proj_global_mag_s90,Llama-2-7B-hf,llama2_7b,model.layers.29.self_attn.o_proj.weight,llama2_7b_block_29,29,o_proj,4096x4096,global_mag_s90,unstructured,0.9,,4096,4096,1677722,0.8999999761581421,8959eb3f21f33fd6,
llama2_7b_l29_o_proj_wanda_s90,Llama-2-7B-hf,llama2_7b,model.layers.29.self_attn.o_proj.weight,llama2_7b_block_29,29,o_proj,4096x4096,wanda_s90,activation_aware_unstructured,0.9,,4096,4096,1677722,0.8999999761581421,6973bd65d1480c80,llama2_7b.npz
llama2_7b_l29_q_proj_global_mag_s70,Llama-2-7B-hf,llama2_7b,model.layers.29.self_attn.q_proj.weight,llama2_7b_block_29,29,q_proj,4096x4096,global_mag_s70,unstructured,0.7,,4096,4096,5033165,0.699999988079071,a34d0db69d789101,
llama2_7b_l29_q_proj_wanda_s70,Llama-2-7B-hf,llama2_7b,model.layers.29.self_attn.q_proj.weight,llama2_7b_block_29,29,q_proj,4096x4096,wanda_s70,activation_aware_unstructured,0.7,,4096,4096,5033165,0.699999988079071,d302c0baf776f834,llama2_7b.npz
llama2_7b_l29_q_proj_global_mag_s80,Llama-2-7B-hf,llama2_7b,model.layers.29.self_attn.q_proj.weight,llama2_7b_block_29,29,q_proj,4096x4096,global_mag_s80,unstructured,0.8,,4096,4096,3355443,0.800000011920929,71cdb4bfea3f39c8,
llama2_7b_l29_q_proj_wanda_s80,Llama-2-7B-hf,llama2_7b,model.layers.29.self_attn.q_proj.weight,llama2_7b_block_29,29,q_proj,4096x4096,wanda_s80,activation_aware_unstructured,0.8,,4096,4096,3355443,0.800000011920929,71c4cfc3df02a85f,llama2_7b.npz
llama2_7b_l29_q_proj_global_mag_s90,Llama-2-7B-hf,llama2_7b,model.layers.29.self_attn.q_proj.weight,llama2_7b_block_29,29,q_proj,4096x4096,global_mag_s90,unstructured,0.9,,4096,4096,1677722,0.8999999761581421,923730e1905b011e,
llama2_7b_l29_q_proj_wanda_s90,Llama-2-7B-hf,llama2_7b,model.layers.29.self_attn.q_proj.weight,llama2_7b_block_29,29,q_proj,4096x4096,wanda_s90,activation_aware_unstructured,0.9,,4096,4096,1677722,0.8999999761581421,3c00397c52bb32c8,llama2_7b.npz
llama2_7b_l30_o_proj_global_mag_s70,Llama-2-7B-hf,llama2_7b,model.layers.30.self_attn.o_proj.weight,llama2_7b_block_30,30,o_proj,4096x4096,global_mag_s70,unstructured,0.7,,4096,4096,5033165,0.699999988079071,be3bd89e27e612be,
llama2_7b_l30_o_proj_wanda_s70,Llama-2-7B-hf,llama2_7b,model.layers.30.self_attn.o_proj.weight,llama2_7b_block_30,30,o_proj,4096x4096,wanda_s70,activation_aware_unstructured,0.7,,4096,4096,5033165,0.699999988079071,525bab790b9439da,llama2_7b.npz
llama2_7b_l30_o_proj_global_mag_s80,Llama-2-7B-hf,llama2_7b,model.layers.30.self_attn.o_proj.weight,llama2_7b_block_30,30,o_proj,4096x4096,global_mag_s80,unstructured,0.8,,4096,4096,3355443,0.800000011920929,a8b6f710a7b588c2,
llama2_7b_l30_o_proj_wanda_s80,Llama-2-7B-hf,llama2_7b,model.layers.30.self_attn.o_proj.weight,llama2_7b_block_30,30,o_proj,4096x4096,wanda_s80,activation_aware_unstructured,0.8,,4096,4096,3355443,0.800000011920929,c61d378ca8eb68c0,llama2_7b.npz
llama2_7b_l30_o_proj_global_mag_s90,Llama-2-7B-hf,llama2_7b,model.layers.30.self_attn.o_proj.weight,llama2_7b_block_30,30,o_proj,4096x4096,global_mag_s90,unstructured,0.9,,4096,4096,1677722,0.8999999761581421,295e5559af0b7ea9,
llama2_7b_l30_o_proj_wanda_s90,Llama-2-7B-hf,llama2_7b,model.layers.30.self_attn.o_proj.weight,llama2_7b_block_30,30,o_proj,4096x4096,wanda_s90,activation_aware_unstructured,0.9,,4096,4096,1677722,0.8999999761581421,2f01eced0a225afe,llama2_7b.npz
llama2_7b_l30_q_proj_global_mag_s70,Llama-2-7B-hf,llama2_7b,model.layers.30.self_attn.q_proj.weight,llama2_7b_block_30,30,q_proj,4096x4096,global_mag_s70,unstructured,0.7,,4096,4096,5033165,0.699999988079071,a79e318814437ee3,
llama2_7b_l30_q_proj_wanda_s70,Llama-2-7B-hf,llama2_7b,model.layers.30.self_attn.q_proj.weight,llama2_7b_block_30,30,q_proj,4096x4096,wanda_s70,activation_aware_unstructured,0.7,,4096,4096,5033165,0.699999988079071,b44e81d17561cdec,llama2_7b.npz
llama2_7b_l30_q_proj_global_mag_s80,Llama-2-7B-hf,llama2_7b,model.layers.30.self_attn.q_proj.weight,llama2_7b_block_30,30,q_proj,4096x4096,global_mag_s80,unstructured,0.8,,4096,4096,3355443,0.800000011920929,1e6fd4e50082fe7f,
llama2_7b_l30_q_proj_wanda_s80,Llama-2-7B-hf,llama2_7b,model.layers.30.self_attn.q_proj.weight,llama2_7b_block_30,30,q_proj,4096x4096,wanda_s80,activation_aware_unstructured,0.8,,4096,4096,3355443,0.800000011920929,fa844cf331e71d02,llama2_7b.npz
llama2_7b_l30_q_proj_global_mag_s90,Llama-2-7B-hf,llama2_7b,model.layers.30.self_attn.q_proj.weight,llama2_7b_block_30,30,q_proj,4096x4096,global_mag_s90,unstructured,0.9,,4096,4096,1677722,0.8999999761581421,6aca1e57638fe270,
llama2_7b_l30_q_proj_wanda_s90,Llama-2-7B-hf,llama2_7b,model.layers.30.self_attn.q_proj.weight,llama2_7b_block_30,30,q_proj,4096x4096,wanda_s90,activation_aware_unstructured,0.9,,4096,4096,1677722,0.8999999761581421,c2cb6a7f27bed4bc,llama2_7b.npz
opt_2p7b_l01_o_proj_global_mag_s70,OPT-2.7B,opt_2p7b,model.decoder.layers.1.self_attn.out_proj.weight,opt_2p7b_block_01,1,o_proj,2560x2560,global_mag_s70,unstructured,0.7,,2560,2560,1966080,0.7,9136ba8e3122e511,
opt_2p7b_l01_o_proj_wanda_s70,OPT-2.7B,opt_2p7b,model.decoder.layers.1.self_attn.out_proj.weight,opt_2p7b_block_01,1,o_proj,2560x2560,wanda_s70,activation_aware_unstructured,0.7,,2560,2560,1966080,0.7,7c4484053a6caac3,opt_2p7b.npz
opt_2p7b_l01_o_proj_global_mag_s80,OPT-2.7B,opt_2p7b,model.decoder.layers.1.self_attn.out_proj.weight,opt_2p7b_block_01,1,o_proj,2560x2560,global_mag_s80,unstructured,0.8,,2560,2560,1310720,0.8,48ad7a0c57786eb0,
opt_2p7b_l01_o_proj_wanda_s80,OPT-2.7B,opt_2p7b,model.decoder.layers.1.self_attn.out_proj.weight,opt_2p7b_block_01,1,o_proj,2560x2560,wanda_s80,activation_aware_unstructured,0.8,,2560,2560,1310720,0.8,1293a542a21ad432,opt_2p7b.npz
opt_2p7b_l01_o_proj_global_mag_s90,OPT-2.7B,opt_2p7b,model.decoder.layers.1.self_attn.out_proj.weight,opt_2p7b_block_01,1,o_proj,2560x2560,global_mag_s90,unstructured,0.9,,2560,2560,655360,0.9,9962629039e8bbb1,
opt_2p7b_l01_o_proj_wanda_s90,OPT-2.7B,opt_2p7b,model.decoder.layers.1.self_attn.out_proj.weight,opt_2p7b_block_01,1,o_proj,2560x2560,wanda_s90,activation_aware_unstructured,0.9,,2560,2560,655360,0.9,2a8dea740329633f,opt_2p7b.npz
opt_2p7b_l01_q_proj_global_mag_s70,OPT-2.7B,opt_2p7b,model.decoder.layers.1.self_attn.q_proj.weight,opt_2p7b_block_01,1,q_proj,2560x2560,global_mag_s70,unstructured,0.7,,2560,2560,1966080,0.7,71748bb44e8f983a,
opt_2p7b_l01_q_proj_wanda_s70,OPT-2.7B,opt_2p7b,model.decoder.layers.1.self_attn.q_proj.weight,opt_2p7b_block_01,1,q_proj,2560x2560,wanda_s70,activation_aware_unstructured,0.7,,2560,2560,1966080,0.7,4558bc01caada17c,opt_2p7b.npz
opt_2p7b_l01_q_proj_global_mag_s80,OPT-2.7B,opt_2p7b,model.decoder.layers.1.self_attn.q_proj.weight,opt_2p7b_block_01,1,q_proj,2560x2560,global_mag_s80,unstructured,0.8,,2560,2560,1310720,0.8,747ff41c2afcbe82,
opt_2p7b_l01_q_proj_wanda_s80,OPT-2.7B,opt_2p7b,model.decoder.layers.1.self_attn.q_proj.weight,opt_2p7b_block_01,1,q_proj,2560x2560,wanda_s80,activation_aware_unstructured,0.8,,2560,2560,1310720,0.8,c21d249efed0a2d0,opt_2p7b.npz
opt_2p7b_l01_q_proj_global_mag_s90,OPT-2.7B,opt_2p7b,model.decoder.layers.1.self_attn.q_proj.weight,opt_2p7b_block_01,1,q_proj,2560x2560,global_mag_s90,unstructured,0.9,,2560,2560,655360,0.9,f9d39ff5ad38df5b,
opt_2p7b_l01_q_proj_wanda_s90,OPT-2.7B,opt_2p7b,model.decoder.layers.1.self_attn.q_proj.weight,opt_2p7b_block_01,1,q_proj,2560x2560,wanda_s90,activation_aware_unstructured,0.9,,2560,2560,655360,0.9,a7539af00641e0b0,opt_2p7b.npz
opt_2p7b_l02_o_proj_global_mag_s70,OPT-2.7B,opt_2p7b,model.decoder.layers.2.self_attn.out_proj.weight,opt_2p7b_block_02,2,o_proj,2560x2560,global_mag_s70,unstructured,0.7,,2560,2560,1966080,0.7,9e3dbfca6e14775b,
opt_2p7b_l02_o_proj_wanda_s70,OPT-2.7B,opt_2p7b,model.decoder.layers.2.self_attn.out_proj.weight,opt_2p7b_block_02,2,o_proj,2560x2560,wanda_s70,activation_aware_unstructured,0.7,,2560,2560,1966080,0.7,0ee38a970bf8f0be,opt_2p7b.npz
opt_2p7b_l02_o_proj_global_mag_s80,OPT-2.7B,opt_2p7b,model.decoder.layers.2.self_attn.out_proj.weight,opt_2p7b_block_02,2,o_proj,2560x2560,global_mag_s80,unstructured,0.8,,2560,2560,1310720,0.8,8ea6a8e7cffbd1ad,
opt_2p7b_l02_o_proj_wanda_s80,OPT-2.7B,opt_2p7b,model.decoder.layers.2.self_attn.out_proj.weight,opt_2p7b_block_02,2,o_proj,2560x2560,wanda_s80,activation_aware_unstructured,0.8,,2560,2560,1310720,0.8,f33de9af64dc91e1,opt_2p7b.npz
opt_2p7b_l02_o_proj_global_mag_s90,OPT-2.7B,opt_2p7b,model.decoder.layers.2.self_attn.out_proj.weight,opt_2p7b_block_02,2,o_proj,2560x2560,global_mag_s90,unstructured,0.9,,2560,2560,655360,0.9,570da7efa577b27a,
opt_2p7b_l02_o_proj_wanda_s90,OPT-2.7B,opt_2p7b,model.decoder.layers.2.self_attn.out_proj.weight,opt_2p7b_block_02,2,o_proj,2560x2560,wanda_s90,activation_aware_unstructured,0.9,,2560,2560,655360,0.9,3f08a88d64c27186,opt_2p7b.npz
opt_2p7b_l02_q_proj_global_mag_s70,OPT-2.7B,opt_2p7b,model.decoder.layers.2.self_attn.q_proj.weight,opt_2p7b_block_02,2,q_proj,2560x2560,global_mag_s70,unstructured,0.7,,2560,2560,1966080,0.7,18472a3ebe0072dd,
opt_2p7b_l02_q_proj_wanda_s70,OPT-2.7B,opt_2p7b,model.decoder.layers.2.self_attn.q_proj.weight,opt_2p7b_block_02,2,q_proj,2560x2560,wanda_s70,activation_aware_unstructured,0.7,,2560,2560,1966080,0.7,569cd8e1c9c8d348,opt_2p7b.npz
opt_2p7b_l02_q_proj_global_mag_s80,OPT-2.7B,opt_2p7b,model.decoder.layers.2.self_attn.q_proj.weight,opt_2p7b_block_02,2,q_proj,2560x2560,global_mag_s80,unstructured,0.8,,2560,2560,1310720,0.8,62022018ff9185d8,
opt_2p7b_l02_q_proj_wanda_s80,OPT-2.7B,opt_2p7b,model.decoder.layers.2.self_attn.q_proj.weight,opt_2p7b_block_02,2,q_proj,2560x2560,wanda_s80,activation_aware_unstructured,0.8,,2560,2560,1310720,0.8,64c785113e4503b4,opt_2p7b.npz
opt_2p7b_l02_q_proj_global_mag_s90,OPT-2.7B,opt_2p7b,model.decoder.layers.2.self_attn.q_proj.weight,opt_2p7b_block_02,2,q_proj,2560x2560,global_mag_s90,unstructured,0.9,,2560,2560,655360,0.9,c48b7e67ef773b06,
opt_2p7b_l02_q_proj_wanda_s90,OPT-2.7B,opt_2p7b,model.decoder.layers.2.self_attn.q_proj.weight,opt_2p7b_block_02,2,q_proj,2560x2560,wanda_s90,activation_aware_unstructured,0.9,,2560,2560,655360,0.9,2d85954dfd3c0348,opt_2p7b.npz
opt_2p7b_l03_o_proj_global_mag_s70,OPT-2.7B,opt_2p7b,model.decoder.layers.3.self_attn.out_proj.weight,opt_2p7b_block_03,3,o_proj,2560x2560,global_mag_s70,unstructured,0.7,,2560,2560,1966080,0.7,c57fff8594e5796b,
opt_2p7b_l03_o_proj_wanda_s70,OPT-2.7B,opt_2p7b,model.decoder.layers.3.self_attn.out_proj.weight,opt_2p7b_block_03,3,o_proj,2560x2560,wanda_s70,activation_aware_unstructured,0.7,,2560,2560,1966080,0.7,8da03c6180614f5b,opt_2p7b.npz
opt_2p7b_l03_o_proj_global_mag_s80,OPT-2.7B,opt_2p7b,model.decoder.layers.3.self_attn.out_proj.weight,opt_2p7b_block_03,3,o_proj,2560x2560,global_mag_s80,unstructured,0.8,,2560,2560,1310720,0.8,bda7070ab09a046f,
opt_2p7b_l03_o_proj_wanda_s80,OPT-2.7B,opt_2p7b,model.decoder.layers.3.self_attn.out_proj.weight,opt_2p7b_block_03,3,o_proj,2560x2560,wanda_s80,activation_aware_unstructured,0.8,,2560,2560,1310720,0.8,d5da011c32eeb534,opt_2p7b.npz
opt_2p7b_l03_o_proj_global_mag_s90,OPT-2.7B,opt_2p7b,model.decoder.layers.3.self_attn.out_proj.weight,opt_2p7b_block_03,3,o_proj,2560x2560,global_mag_s90,unstructured,0.9,,2560,2560,655360,0.9,b7eacbd38738851a,
opt_2p7b_l03_o_proj_wanda_s90,OPT-2.7B,opt_2p7b,model.decoder.layers.3.self_attn.out_proj.weight,opt_2p7b_block_03,3,o_proj,2560x2560,wanda_s90,activation_aware_unstructured,0.9,,2560,2560,655360,0.9,f1df73e96e2405b6,opt_2p7b.npz
opt_2p7b_l03_q_proj_global_mag_s70,OPT-2.7B,opt_2p7b,model.decoder.layers.3.self_attn.q_proj.weight,opt_2p7b_block_03,3,q_proj,2560x2560,global_mag_s70,unstructured,0.7,,2560,2560,1966080,0.7,594a90575f40b456,
opt_2p7b_l03_q_proj_wanda_s70,OPT-2.7B,opt_2p7b,model.decoder.layers.3.self_attn.q_proj.weight,opt_2p7b_block_03,3,q_proj,2560x2560,wanda_s70,activation_aware_unstructured,0.7,,2560,2560,1966080,0.7,642170a1b136815d,opt_2p7b.npz
opt_2p7b_l03_q_proj_global_mag_s80,OPT-2.7B,opt_2p7b,model.decoder.layers.3.self_attn.q_proj.weight,opt_2p7b_block_03,3,q_proj,2560x2560,global_mag_s80,unstructured,0.8,,2560,2560,1310720,0.8,05485e204056f20a,
opt_2p7b_l03_q_proj_wanda_s80,OPT-2.7B,opt_2p7b,model.decoder.layers.3.self_attn.q_proj.weight,opt_2p7b_block_03,3,q_proj,2560x2560,wanda_s80,activation_aware_unstructured,0.8,,2560,2560,1310720,0.8,49cfaa5b31299b85,opt_2p7b.npz
opt_2p7b_l03_q_proj_global_mag_s90,OPT-2.7B,opt_2p7b,model.decoder.layers.3.self_attn.q_proj.weight,opt_2p7b_block_03,3,q_proj,2560x2560,global_mag_s90,unstructured,0.9,,2560,2560,655360,0.9,44c28e44770a4ec4,
opt_2p7b_l03_q_proj_wanda_s90,OPT-2.7B,opt_2p7b,model.decoder.layers.3.self_attn.q_proj.weight,opt_2p7b_block_03,3,q_proj,2560x2560,wanda_s90,activation_aware_unstructured,0.9,,2560,2560,655360,0.9,f64c188e11a48e99,opt_2p7b.npz
opt_2p7b_l05_o_proj_global_mag_s70,OPT-2.7B,opt_2p7b,model.decoder.layers.5.self_attn.out_proj.weight,opt_2p7b_block_05,5,o_proj,2560x2560,global_mag_s70,unstructured,0.7,,2560,2560,1966080,0.7,b46a1e6d44fd2266,
opt_2p7b_l05_o_proj_wanda_s70,OPT-2.7B,opt_2p7b,model.decoder.layers.5.self_attn.out_proj.weight,opt_2p7b_block_05,5,o_proj,2560x2560,wanda_s70,activation_aware_unstructured,0.7,,2560,2560,1966080,0.7,5a1999feeb666a30,opt_2p7b.npz
opt_2p7b_l05_o_proj_global_mag_s80,OPT-2.7B,opt_2p7b,model.decoder.layers.5.self_attn.out_proj.weight,opt_2p7b_block_05,5,o_proj,2560x2560,global_mag_s80,unstructured,0.8,,2560,2560,1310720,0.8,a95b4f47242772e4,
opt_2p7b_l05_o_proj_wanda_s80,OPT-2.7B,opt_2p7b,model.decoder.layers.5.self_attn.out_proj.weight,opt_2p7b_block_05,5,o_proj,2560x2560,wanda_s80,activation_aware_unstructured,0.8,,2560,2560,1310720,0.8,931d6e6faf026067,opt_2p7b.npz
opt_2p7b_l05_o_proj_global_mag_s90,OPT-2.7B,opt_2p7b,model.decoder.layers.5.self_attn.out_proj.weight,opt_2p7b_block_05,5,o_proj,2560x2560,global_mag_s90,unstructured,0.9,,2560,2560,655360,0.9,54219506a56f6433,
opt_2p7b_l05_o_proj_wanda_s90,OPT-2.7B,opt_2p7b,model.decoder.layers.5.self_attn.out_proj.weight,opt_2p7b_block_05,5,o_proj,2560x2560,wanda_s90,activation_aware_unstructured,0.9,,2560,2560,655360,0.9,ac157fc4de1f35cc,opt_2p7b.npz
opt_2p7b_l05_q_proj_global_mag_s70,OPT-2.7B,opt_2p7b,model.decoder.layers.5.self_attn.q_proj.weight,opt_2p7b_block_05,5,q_proj,2560x2560,global_mag_s70,unstructured,0.7,,2560,2560,1966080,0.7,f84ea67b8e39a87b,
opt_2p7b_l05_q_proj_wanda_s70,OPT-2.7B,opt_2p7b,model.decoder.layers.5.self_attn.q_proj.weight,opt_2p7b_block_05,5,q_proj,2560x2560,wanda_s70,activation_aware_unstructured,0.7,,2560,2560,1966080,0.7,058996a5aa1a098a,opt_2p7b.npz
opt_2p7b_l05_q_proj_global_mag_s80,OPT-2.7B,opt_2p7b,model.decoder.layers.5.self_attn.q_proj.weight,opt_2p7b_block_05,5,q_proj,2560x2560,global_mag_s80,unstructured,0.8,,2560,2560,1310720,0.8,e63424b6bf93879f,
opt_2p7b_l05_q_proj_wanda_s80,OPT-2.7B,opt_2p7b,model.decoder.layers.5.self_attn.q_proj.weight,opt_2p7b_block_05,5,q_proj,2560x2560,wanda_s80,activation_aware_unstructured,0.8,,2560,2560,1310720,0.8,9692d426b81d38de,opt_2p7b.npz
opt_2p7b_l05_q_proj_global_mag_s90,OPT-2.7B,opt_2p7b,model.decoder.layers.5.self_attn.q_proj.weight,opt_2p7b_block_05,5,q_proj,2560x2560,global_mag_s90,unstructured,0.9,,2560,2560,655360,0.9,8b19c4f563087ee9,
opt_2p7b_l05_q_proj_wanda_s90,OPT-2.7B,opt_2p7b,model.decoder.layers.5.self_attn.q_proj.weight,opt_2p7b_block_05,5,q_proj,2560x2560,wanda_s90,activation_aware_unstructured,0.9,,2560,2560,655360,0.9,701767f542e7ad60,opt_2p7b.npz
opt_2p7b_l06_o_proj_global_mag_s70,OPT-2.7B,opt_2p7b,model.decoder.layers.6.self_attn.out_proj.weight,opt_2p7b_block_06,6,o_proj,2560x2560,global_mag_s70,unstructured,0.7,,2560,2560,1966080,0.7,59e346ae4267fc45,
opt_2p7b_l06_o_proj_wanda_s70,OPT-2.7B,opt_2p7b,model.decoder.layers.6.self_attn.out_proj.weight,opt_2p7b_block_06,6,o_proj,2560x2560,wanda_s70,activation_aware_unstructured,0.7,,2560,2560,1966080,0.7,6707a29703b32a79,opt_2p7b.npz
opt_2p7b_l06_o_proj_global_mag_s80,OPT-2.7B,opt_2p7b,model.decoder.layers.6.self_attn.out_proj.weight,opt_2p7b_block_06,6,o_proj,2560x2560,global_mag_s80,unstructured,0.8,,2560,2560,1310720,0.8,301d139d532050e6,
opt_2p7b_l06_o_proj_wanda_s80,OPT-2.7B,opt_2p7b,model.decoder.layers.6.self_attn.out_proj.weight,opt_2p7b_block_06,6,o_proj,2560x2560,wanda_s80,activation_aware_unstructured,0.8,,2560,2560,1310720,0.8,d60f505bbf22bfe3,opt_2p7b.npz
opt_2p7b_l06_o_proj_global_mag_s90,OPT-2.7B,opt_2p7b,model.decoder.layers.6.self_attn.out_proj.weight,opt_2p7b_block_06,6,o_proj,2560x2560,global_mag_s90,unstructured,0.9,,2560,2560,655360,0.9,4f4860351b11439e,
opt_2p7b_l06_o_proj_wanda_s90,OPT-2.7B,opt_2p7b,model.decoder.layers.6.self_attn.out_proj.weight,opt_2p7b_block_06,6,o_proj,2560x2560,wanda_s90,activation_aware_unstructured,0.9,,2560,2560,655360,0.9,4cc5e49bd8b1966f,opt_2p7b.npz
opt_2p7b_l06_q_proj_global_mag_s70,OPT-2.7B,opt_2p7b,model.decoder.layers.6.self_attn.q_proj.weight,opt_2p7b_block_06,6,q_proj,2560x2560,global_mag_s70,unstructured,0.7,,2560,2560,1966080,0.7,62b7a64cafb45aa0,
opt_2p7b_l06_q_proj_wanda_s70,OPT-2.7B,opt_2p7b,model.decoder.layers.6.self_attn.q_proj.weight,opt_2p7b_block_06,6,q_proj,2560x2560,wanda_s70,activation_aware_unstructured,0.7,,2560,2560,1966080,0.7,494f59a8d6874732,opt_2p7b.npz
opt_2p7b_l06_q_proj_global_mag_s80,OPT-2.7B,opt_2p7b,model.decoder.layers.6.self_attn.q_proj.weight,opt_2p7b_block_06,6,q_proj,2560x2560,global_mag_s80,unstructured,0.8,,2560,2560,1310720,0.8,949d3a1195d7eff4,
opt_2p7b_l06_q_proj_wanda_s80,OPT-2.7B,opt_2p7b,model.decoder.layers.6.self_attn.q_proj.weight,opt_2p7b_block_06,6,q_proj,2560x2560,wanda_s80,activation_aware_unstructured,0.8,,2560,2560,1310720,0.8,02d87b0cd58f6b64,opt_2p7b.npz
opt_2p7b_l06_q_proj_global_mag_s90,OPT-2.7B,opt_2p7b,model.decoder.layers.6.self_attn.q_proj.weight,opt_2p7b_block_06,6,q_proj,2560x2560,global_mag_s90,unstructured,0.9,,2560,2560,655360,0.9,0158ee4598421638,
opt_2p7b_l06_q_proj_wanda_s90,OPT-2.7B,opt_2p7b,model.decoder.layers.6.self_attn.q_proj.weight,opt_2p7b_block_06,6,q_proj,2560x2560,wanda_s90,activation_aware_unstructured,0.9,,2560,2560,655360,0.9,30cf048798814500,opt_2p7b.npz
opt_2p7b_l07_o_proj_global_mag_s70,OPT-2.7B,opt_2p7b,model.decoder.layers.7.self_attn.out_proj.weight,opt_2p7b_block_07,7,o_proj,2560x2560,global_mag_s70,unstructured,0.7,,2560,2560,1966080,0.7,4eb2fab47def9c97,
opt_2p7b_l07_o_proj_wanda_s70,OPT-2.7B,opt_2p7b,model.decoder.layers.7.self_attn.out_proj.weight,opt_2p7b_block_07,7,o_proj,2560x2560,wanda_s70,activation_aware_unstructured,0.7,,2560,2560,1966080,0.7,5843376b923f33d7,opt_2p7b.npz
opt_2p7b_l07_o_proj_global_mag_s80,OPT-2.7B,opt_2p7b,model.decoder.layers.7.self_attn.out_proj.weight,opt_2p7b_block_07,7,o_proj,2560x2560,global_mag_s80,unstructured,0.8,,2560,2560,1310720,0.8,6668def61fcfa375,
opt_2p7b_l07_o_proj_wanda_s80,OPT-2.7B,opt_2p7b,model.decoder.layers.7.self_attn.out_proj.weight,opt_2p7b_block_07,7,o_proj,2560x2560,wanda_s80,activation_aware_unstructured,0.8,,2560,2560,1310720,0.8,3b612b51f8d0aaeb,opt_2p7b.npz
opt_2p7b_l07_o_proj_global_mag_s90,OPT-2.7B,opt_2p7b,model.decoder.layers.7.self_attn.out_proj.weight,opt_2p7b_block_07,7,o_proj,2560x2560,global_mag_s90,unstructured,0.9,,2560,2560,655360,0.9,df156c45b29734e0,
opt_2p7b_l07_o_proj_wanda_s90,OPT-2.7B,opt_2p7b,model.decoder.layers.7.self_attn.out_proj.weight,opt_2p7b_block_07,7,o_proj,2560x2560,wanda_s90,activation_aware_unstructured,0.9,,2560,2560,655360,0.9,3968f57211872c72,opt_2p7b.npz
opt_2p7b_l07_q_proj_global_mag_s70,OPT-2.7B,opt_2p7b,model.decoder.layers.7.self_attn.q_proj.weight,opt_2p7b_block_07,7,q_proj,2560x2560,global_mag_s70,unstructured,0.7,,2560,2560,1966080,0.7,8779ccec920c6eec,
opt_2p7b_l07_q_proj_wanda_s70,OPT-2.7B,opt_2p7b,model.decoder.layers.7.self_attn.q_proj.weight,opt_2p7b_block_07,7,q_proj,2560x2560,wanda_s70,activation_aware_unstructured,0.7,,2560,2560,1966080,0.7,c453233ccd77a661,opt_2p7b.npz
opt_2p7b_l07_q_proj_global_mag_s80,OPT-2.7B,opt_2p7b,model.decoder.layers.7.self_attn.q_proj.weight,opt_2p7b_block_07,7,q_proj,2560x2560,global_mag_s80,unstructured,0.8,,2560,2560,1310720,0.8,67cddb9b49a33857,
opt_2p7b_l07_q_proj_wanda_s80,OPT-2.7B,opt_2p7b,model.decoder.layers.7.self_attn.q_proj.weight,opt_2p7b_block_07,7,q_proj,2560x2560,wanda_s80,activation_aware_unstructured,0.8,,2560,2560,1310720,0.8,179cada7d5ac4ec6,opt_2p7b.npz
opt_2p7b_l07_q_proj_global_mag_s90,OPT-2.7B,opt_2p7b,model.decoder.layers.7.self_attn.q_proj.weight,opt_2p7b_block_07,7,q_proj,2560x2560,global_mag_s90,unstructured,0.9,,2560,2560,655360,0.9,f35a951baa1c8fd6,
opt_2p7b_l07_q_proj_wanda_s90,OPT-2.7B,opt_2p7b,model.decoder.layers.7.self_attn.q_proj.weight,opt_2p7b_block_07,7,q_proj,2560x2560,wanda_s90,activation_aware_unstructured,0.9,,2560,2560,655360,0.9,8c1171f0bb5143b0,opt_2p7b.npz
opt_2p7b_l09_o_proj_global_mag_s70,OPT-2.7B,opt_2p7b,model.decoder.layers.9.self_attn.out_proj.weight,opt_2p7b_block_09,9,o_proj,2560x2560,global_mag_s70,unstructured,0.7,,2560,2560,1966080,0.7,6f664242c39b7576,
opt_2p7b_l09_o_proj_wanda_s70,OPT-2.7B,opt_2p7b,model.decoder.layers.9.self_attn.out_proj.weight,opt_2p7b_block_09,9,o_proj,2560x2560,wanda_s70,activation_aware_unstructured,0.7,,2560,2560,1966080,0.7,1ade6ea58c632da7,opt_2p7b.npz
opt_2p7b_l09_o_proj_global_mag_s80,OPT-2.7B,opt_2p7b,model.decoder.layers.9.self_attn.out_proj.weight,opt_2p7b_block_09,9,o_proj,2560x2560,global_mag_s80,unstructured,0.8,,2560,2560,1310720,0.8,b513a6a4dc59df86,
opt_2p7b_l09_o_proj_wanda_s80,OPT-2.7B,opt_2p7b,model.decoder.layers.9.self_attn.out_proj.weight,opt_2p7b_block_09,9,o_proj,2560x2560,wanda_s80,activation_aware_unstructured,0.8,,2560,2560,1310720,0.8,f7bbd4aa6b448350,opt_2p7b.npz
opt_2p7b_l09_o_proj_global_mag_s90,OPT-2.7B,opt_2p7b,model.decoder.layers.9.self_attn.out_proj.weight,opt_2p7b_block_09,9,o_proj,2560x2560,global_mag_s90,unstructured,0.9,,2560,2560,655360,0.9,1e790d84a6cc4786,
opt_2p7b_l09_o_proj_wanda_s90,OPT-2.7B,opt_2p7b,model.decoder.layers.9.self_attn.out_proj.weight,opt_2p7b_block_09,9,o_proj,2560x2560,wanda_s90,activation_aware_unstructured,0.9,,2560,2560,655360,0.9,532366634e145195,opt_2p7b.npz
opt_2p7b_l09_q_proj_global_mag_s70,OPT-2.7B,opt_2p7b,model.decoder.layers.9.self_attn.q_proj.weight,opt_2p7b_block_09,9,q_proj,2560x2560,global_mag_s70,unstructured,0.7,,2560,2560,1966080,0.7,772c2aecb9ab5ba3,
opt_2p7b_l09_q_proj_wanda_s70,OPT-2.7B,opt_2p7b,model.decoder.layers.9.self_attn.q_proj.weight,opt_2p7b_block_09,9,q_proj,2560x2560,wanda_s70,activation_aware_unstructured,0.7,,2560,2560,1966080,0.7,4e08b64ba05f7918,opt_2p7b.npz
opt_2p7b_l09_q_proj_global_mag_s80,OPT-2.7B,opt_2p7b,model.decoder.layers.9.self_attn.q_proj.weight,opt_2p7b_block_09,9,q_proj,2560x2560,global_mag_s80,unstructured,0.8,,2560,2560,1310720,0.8,2d6948fb18f5ca2b,
opt_2p7b_l09_q_proj_wanda_s80,OPT-2.7B,opt_2p7b,model.decoder.layers.9.self_attn.q_proj.weight,opt_2p7b_block_09,9,q_proj,2560x2560,wanda_s80,activation_aware_unstructured,0.8,,2560,2560,1310720,0.8,45b99dfb9107e793,opt_2p7b.npz
opt_2p7b_l09_q_proj_global_mag_s90,OPT-2.7B,opt_2p7b,model.decoder.layers.9.self_attn.q_proj.weight,opt_2p7b_block_09,9,q_proj,2560x2560,global_mag_s90,unstructured,0.9,,2560,2560,655360,0.9,a8a60d992cf9ee91,
opt_2p7b_l09_q_proj_wanda_s90,OPT-2.7B,opt_2p7b,model.decoder.layers.9.self_attn.q_proj.weight,opt_2p7b_block_09,9,q_proj,2560x2560,wanda_s90,activation_aware_unstructured,0.9,,2560,2560,655360,0.9,e1acf8a63dd9853f,opt_2p7b.npz
opt_2p7b_l10_o_proj_global_mag_s70,OPT-2.7B,opt_2p7b,model.decoder.layers.10.self_attn.out_proj.weight,opt_2p7b_block_10,10,o_proj,2560x2560,global_mag_s70,unstructured,0.7,,2560,2560,1966080,0.7,ae1c1bc763ea7dd1,
opt_2p7b_l10_o_proj_wanda_s70,OPT-2.7B,opt_2p7b,model.decoder.layers.10.self_attn.out_proj.weight,opt_2p7b_block_10,10,o_proj,2560x2560,wanda_s70,activation_aware_unstructured,0.7,,2560,2560,1966080,0.7,1d562001e7716194,opt_2p7b.npz
opt_2p7b_l10_o_proj_global_mag_s80,OPT-2.7B,opt_2p7b,model.decoder.layers.10.self_attn.out_proj.weight,opt_2p7b_block_10,10,o_proj,2560x2560,global_mag_s80,unstructured,0.8,,2560,2560,1310720,0.8,f5994e833babb68e,
opt_2p7b_l10_o_proj_wanda_s80,OPT-2.7B,opt_2p7b,model.decoder.layers.10.self_attn.out_proj.weight,opt_2p7b_block_10,10,o_proj,2560x2560,wanda_s80,activation_aware_unstructured,0.8,,2560,2560,1310720,0.8,8c6851336d6b7aaa,opt_2p7b.npz
opt_2p7b_l10_o_proj_global_mag_s90,OPT-2.7B,opt_2p7b,model.decoder.layers.10.self_attn.out_proj.weight,opt_2p7b_block_10,10,o_proj,2560x2560,global_mag_s90,unstructured,0.9,,2560,2560,655360,0.9,589bdf8c0d7c07c7,
opt_2p7b_l10_o_proj_wanda_s90,OPT-2.7B,opt_2p7b,model.decoder.layers.10.self_attn.out_proj.weight,opt_2p7b_block_10,10,o_proj,2560x2560,wanda_s90,activation_aware_unstructured,0.9,,2560,2560,655360,0.9,68eadfb934c51b1b,opt_2p7b.npz
opt_2p7b_l10_q_proj_global_mag_s70,OPT-2.7B,opt_2p7b,model.decoder.layers.10.self_attn.q_proj.weight,opt_2p7b_block_10,10,q_proj,2560x2560,global_mag_s70,unstructured,0.7,,2560,2560,1966080,0.7,10d4ff8e6aaba54a,
opt_2p7b_l10_q_proj_wanda_s70,OPT-2.7B,opt_2p7b,model.decoder.layers.10.self_attn.q_proj.weight,opt_2p7b_block_10,10,q_proj,2560x2560,wanda_s70,activation_aware_unstructured,0.7,,2560,2560,1966080,0.7,00b250148ac9f96a,opt_2p7b.npz
opt_2p7b_l10_q_proj_global_mag_s80,OPT-2.7B,opt_2p7b,model.decoder.layers.10.self_attn.q_proj.weight,opt_2p7b_block_10,10,q_proj,2560x2560,global_mag_s80,unstructured,0.8,,2560,2560,1310720,0.8,5c0078d336601188,
opt_2p7b_l10_q_proj_wanda_s80,OPT-2.7B,opt_2p7b,model.decoder.layers.10.self_attn.q_proj.weight,opt_2p7b_block_10,10,q_proj,2560x2560,wanda_s80,activation_aware_unstructured,0.8,,2560,2560,1310720,0.8,e85facc07ea6b66d,opt_2p7b.npz
opt_2p7b_l10_q_proj_global_mag_s90,OPT-2.7B,opt_2p7b,model.decoder.layers.10.self_attn.q_proj.weight,opt_2p7b_block_10,10,q_proj,2560x2560,global_mag_s90,unstructured,0.9,,2560,2560,655360,0.9,5dd975df0389d453,
opt_2p7b_l10_q_proj_wanda_s90,OPT-2.7B,opt_2p7b,model.decoder.layers.10.self_attn.q_proj.weight,opt_2p7b_block_10,10,q_proj,2560x2560,wanda_s90,activation_aware_unstructured,0.9,,2560,2560,655360,0.9,c82be80ccbbd2b2d,opt_2p7b.npz
opt_2p7b_l11_o_proj_global_mag_s70,OPT-2.7B,opt_2p7b,model.decoder.layers.11.self_attn.out_proj.weight,opt_2p7b_block_11,11,o_proj,2560x2560,global_mag_s70,unstructured,0.7,,2560,2560,1966080,0.7,93ebbe98069a5b9c,
opt_2p7b_l11_o_proj_wanda_s70,OPT-2.7B,opt_2p7b,model.decoder.layers.11.self_attn.out_proj.weight,opt_2p7b_block_11,11,o_proj,2560x2560,wanda_s70,activation_aware_unstructured,0.7,,2560,2560,1966080,0.7,006c5a0f02482043,opt_2p7b.npz
opt_2p7b_l11_o_proj_global_mag_s80,OPT-2.7B,opt_2p7b,model.decoder.layers.11.self_attn.out_proj.weight,opt_2p7b_block_11,11,o_proj,2560x2560,global_mag_s80,unstructured,0.8,,2560,2560,1310720,0.8,3e4246f05d8ce97e,
opt_2p7b_l11_o_proj_wanda_s80,OPT-2.7B,opt_2p7b,model.decoder.layers.11.self_attn.out_proj.weight,opt_2p7b_block_11,11,o_proj,2560x2560,wanda_s80,activation_aware_unstructured,0.8,,2560,2560,1310720,0.8,6309c1246550495b,opt_2p7b.npz
opt_2p7b_l11_o_proj_global_mag_s90,OPT-2.7B,opt_2p7b,model.decoder.layers.11.self_attn.out_proj.weight,opt_2p7b_block_11,11,o_proj,2560x2560,global_mag_s90,unstructured,0.9,,2560,2560,655360,0.9,ad1b4aa6e6e465da,
opt_2p7b_l11_o_proj_wanda_s90,OPT-2.7B,opt_2p7b,model.decoder.layers.11.self_attn.out_proj.weight,opt_2p7b_block_11,11,o_proj,2560x2560,wanda_s90,activation_aware_unstructured,0.9,,2560,2560,655360,0.9,03c6a255ab2d69f4,opt_2p7b.npz
opt_2p7b_l11_q_proj_global_mag_s70,OPT-2.7B,opt_2p7b,model.decoder.layers.11.self_attn.q_proj.weight,opt_2p7b_block_11,11,q_proj,2560x2560,global_mag_s70,unstructured,0.7,,2560,2560,1966080,0.7,907859e8e4a14eec,
opt_2p7b_l11_q_proj_wanda_s70,OPT-2.7B,opt_2p7b,model.decoder.layers.11.self_attn.q_proj.weight,opt_2p7b_block_11,11,q_proj,2560x2560,wanda_s70,activation_aware_unstructured,0.7,,2560,2560,1966080,0.7,4e7925d944bcdd4f,opt_2p7b.npz
opt_2p7b_l11_q_proj_global_mag_s80,OPT-2.7B,opt_2p7b,model.decoder.layers.11.self_attn.q_proj.weight,opt_2p7b_block_11,11,q_proj,2560x2560,global_mag_s80,unstructured,0.8,,2560,2560,1310720,0.8,a489a6ba01cba478,
opt_2p7b_l11_q_proj_wanda_s80,OPT-2.7B,opt_2p7b,model.decoder.layers.11.self_attn.q_proj.weight,opt_2p7b_block_11,11,q_proj,2560x2560,wanda_s80,activation_aware_unstructured,0.8,,2560,2560,1310720,0.8,dfc19babbc9f869d,opt_2p7b.npz
opt_2p7b_l11_q_proj_global_mag_s90,OPT-2.7B,opt_2p7b,model.decoder.layers.11.self_attn.q_proj.weight,opt_2p7b_block_11,11,q_proj,2560x2560,global_mag_s90,unstructured,0.9,,2560,2560,655360,0.9,8d528b4d4ace34ed,
opt_2p7b_l11_q_proj_wanda_s90,OPT-2.7B,opt_2p7b,model.decoder.layers.11.self_attn.q_proj.weight,opt_2p7b_block_11,11,q_proj,2560x2560,wanda_s90,activation_aware_unstructured,0.9,,2560,2560,655360,0.9,6dcef3b580771cc8,opt_2p7b.npz
opt_2p7b_l12_o_proj_global_mag_s70,OPT-2.7B,opt_2p7b,model.decoder.layers.12.self_attn.out_proj.weight,opt_2p7b_block_12,12,o_proj,2560x2560,global_mag_s70,unstructured,0.7,,2560,2560,1966080,0.7,8fe799a9131a4831,
opt_2p7b_l12_o_proj_wanda_s70,OPT-2.7B,opt_2p7b,model.decoder.layers.12.self_attn.out_proj.weight,opt_2p7b_block_12,12,o_proj,2560x2560,wanda_s70,activation_aware_unstructured,0.7,,2560,2560,1966080,0.7,10ff89f6a78d54b7,opt_2p7b.npz
opt_2p7b_l12_o_proj_global_mag_s80,OPT-2.7B,opt_2p7b,model.decoder.layers.12.self_attn.out_proj.weight,opt_2p7b_block_12,12,o_proj,2560x2560,global_mag_s80,unstructured,0.8,,2560,2560,1310720,0.8,90c2106241da541e,
opt_2p7b_l12_o_proj_wanda_s80,OPT-2.7B,opt_2p7b,model.decoder.layers.12.self_attn.out_proj.weight,opt_2p7b_block_12,12,o_proj,2560x2560,wanda_s80,activation_aware_unstructured,0.8,,2560,2560,1310720,0.8,824d1551c15f93e9,opt_2p7b.npz
opt_2p7b_l12_o_proj_global_mag_s90,OPT-2.7B,opt_2p7b,model.decoder.layers.12.self_attn.out_proj.weight,opt_2p7b_block_12,12,o_proj,2560x2560,global_mag_s90,unstructured,0.9,,2560,2560,655360,0.9,671c684912d1f508,
opt_2p7b_l12_o_proj_wanda_s90,OPT-2.7B,opt_2p7b,model.decoder.layers.12.self_attn.out_proj.weight,opt_2p7b_block_12,12,o_proj,2560x2560,wanda_s90,activation_aware_unstructured,0.9,,2560,2560,655360,0.9,066951dd853fbfce,opt_2p7b.npz
opt_2p7b_l12_q_proj_global_mag_s70,OPT-2.7B,opt_2p7b,model.decoder.layers.12.self_attn.q_proj.weight,opt_2p7b_block_12,12,q_proj,2560x2560,global_mag_s70,unstructured,0.7,,2560,2560,1966080,0.7,9c644de1279c3ffd,
opt_2p7b_l12_q_proj_wanda_s70,OPT-2.7B,opt_2p7b,model.decoder.layers.12.self_attn.q_proj.weight,opt_2p7b_block_12,12,q_proj,2560x2560,wanda_s70,activation_aware_unstructured,0.7,,2560,2560,1966080,0.7,5522e35c47721c5f,opt_2p7b.npz
opt_2p7b_l12_q_proj_global_mag_s80,OPT-2.7B,opt_2p7b,model.decoder.layers.12.self_attn.q_proj.weight,opt_2p7b_block_12,12,q_proj,2560x2560,global_mag_s80,unstructured,0.8,,2560,2560,1310720,0.8,76cc0bddc74cbcd4,
opt_2p7b_l12_q_proj_wanda_s80,OPT-2.7B,opt_2p7b,model.decoder.layers.12.self_attn.q_proj.weight,opt_2p7b_block_12,12,q_proj,2560x2560,wanda_s80,activation_aware_unstructured,0.8,,2560,2560,1310720,0.8,3453b6896a304ca0,opt_2p7b.npz
opt_2p7b_l12_q_proj_global_mag_s90,OPT-2.7B,opt_2p7b,model.decoder.layers.12.self_attn.q_proj.weight,opt_2p7b_block_12,12,q_proj,2560x2560,global_mag_s90,unstructured,0.9,,2560,2560,655360,0.9,627987681ae4c87a,
opt_2p7b_l12_q_proj_wanda_s90,OPT-2.7B,opt_2p7b,model.decoder.layers.12.self_attn.q_proj.weight,opt_2p7b_block_12,12,q_proj,2560x2560,wanda_s90,activation_aware_unstructured,0.9,,2560,2560,655360,0.9,91e41874c8c17487,opt_2p7b.npz
opt_2p7b_l14_o_proj_global_mag_s70,OPT-2.7B,opt_2p7b,model.decoder.layers.14.self_attn.out_proj.weight,opt_2p7b_block_14,14,o_proj,2560x2560,global_mag_s70,unstructured,0.7,,2560,2560,1966080,0.7,14438c0896b5b130,
opt_2p7b_l14_o_proj_wanda_s70,OPT-2.7B,opt_2p7b,model.decoder.layers.14.self_attn.out_proj.weight,opt_2p7b_block_14,14,o_proj,2560x2560,wanda_s70,activation_aware_unstructured,0.7,,2560,2560,1966080,0.7,9e995cf34dbb0b72,opt_2p7b.npz
opt_2p7b_l14_o_proj_global_mag_s80,OPT-2.7B,opt_2p7b,model.decoder.layers.14.self_attn.out_proj.weight,opt_2p7b_block_14,14,o_proj,2560x2560,global_mag_s80,unstructured,0.8,,2560,2560,1310720,0.8,c7efef40fdc3fbf8,
opt_2p7b_l14_o_proj_wanda_s80,OPT-2.7B,opt_2p7b,model.decoder.layers.14.self_attn.out_proj.weight,opt_2p7b_block_14,14,o_proj,2560x2560,wanda_s80,activation_aware_unstructured,0.8,,2560,2560,1310720,0.8,4022782a0f6686fc,opt_2p7b.npz
opt_2p7b_l14_o_proj_global_mag_s90,OPT-2.7B,opt_2p7b,model.decoder.layers.14.self_attn.out_proj.weight,opt_2p7b_block_14,14,o_proj,2560x2560,global_mag_s90,unstructured,0.9,,2560,2560,655360,0.9,6cdea8d27b4ade68,
opt_2p7b_l14_o_proj_wanda_s90,OPT-2.7B,opt_2p7b,model.decoder.layers.14.self_attn.out_proj.weight,opt_2p7b_block_14,14,o_proj,2560x2560,wanda_s90,activation_aware_unstructured,0.9,,2560,2560,655360,0.9,5a67451c46eb7173,opt_2p7b.npz
opt_2p7b_l14_q_proj_global_mag_s70,OPT-2.7B,opt_2p7b,model.decoder.layers.14.self_attn.q_proj.weight,opt_2p7b_block_14,14,q_proj,2560x2560,global_mag_s70,unstructured,0.7,,2560,2560,1966080,0.7,8b85982664ea27fc,
opt_2p7b_l14_q_proj_wanda_s70,OPT-2.7B,opt_2p7b,model.decoder.layers.14.self_attn.q_proj.weight,opt_2p7b_block_14,14,q_proj,2560x2560,wanda_s70,activation_aware_unstructured,0.7,,2560,2560,1966080,0.7,919f3bae089bd892,opt_2p7b.npz
opt_2p7b_l14_q_proj_global_mag_s80,OPT-2.7B,opt_2p7b,model.decoder.layers.14.self_attn.q_proj.weight,opt_2p7b_block_14,14,q_proj,2560x2560,global_mag_s80,unstructured,0.8,,2560,2560,1310720,0.8,ac88f3dfe8e1aeea,
opt_2p7b_l14_q_proj_wanda_s80,OPT-2.7B,opt_2p7b,model.decoder.layers.14.self_attn.q_proj.weight,opt_2p7b_block_14,14,q_proj,2560x2560,wanda_s80,activation_aware_unstructured,0.8,,2560,2560,1310720,0.8,c79c9fe04df63e48,opt_2p7b.npz
opt_2p7b_l14_q_proj_global_mag_s90,OPT-2.7B,opt_2p7b,model.decoder.layers.14.self_attn.q_proj.weight,opt_2p7b_block_14,14,q_proj,2560x2560,global_mag_s90,unstructured,0.9,,2560,2560,655360,0.9,aa77d7ea5afd6c40,
opt_2p7b_l14_q_proj_wanda_s90,OPT-2.7B,opt_2p7b,model.decoder.layers.14.self_attn.q_proj.weight,opt_2p7b_block_14,14,q_proj,2560x2560,wanda_s90,activation_aware_unstructured,0.9,,2560,2560,655360,0.9,db232dadb2b44b9a,opt_2p7b.npz
opt_2p7b_l15_o_proj_global_mag_s70,OPT-2.7B,opt_2p7b,model.decoder.layers.15.self_attn.out_proj.weight,opt_2p7b_block_15,15,o_proj,2560x2560,global_mag_s70,unstructured,0.7,,2560,2560,1966080,0.7,e8d0ac30028e9607,
opt_2p7b_l15_o_proj_wanda_s70,OPT-2.7B,opt_2p7b,model.decoder.layers.15.self_attn.out_proj.weight,opt_2p7b_block_15,15,o_proj,2560x2560,wanda_s70,activation_aware_unstructured,0.7,,2560,2560,1966080,0.7,333d7bacf86bb838,opt_2p7b.npz
opt_2p7b_l15_o_proj_global_mag_s80,OPT-2.7B,opt_2p7b,model.decoder.layers.15.self_attn.out_proj.weight,opt_2p7b_block_15,15,o_proj,2560x2560,global_mag_s80,unstructured,0.8,,2560,2560,1310720,0.8,f629e6f367ff47f9,
opt_2p7b_l15_o_proj_wanda_s80,OPT-2.7B,opt_2p7b,model.decoder.layers.15.self_attn.out_proj.weight,opt_2p7b_block_15,15,o_proj,2560x2560,wanda_s80,activation_aware_unstructured,0.8,,2560,2560,1310720,0.8,533f68617eb89bf7,opt_2p7b.npz
opt_2p7b_l15_o_proj_global_mag_s90,OPT-2.7B,opt_2p7b,model.decoder.layers.15.self_attn.out_proj.weight,opt_2p7b_block_15,15,o_proj,2560x2560,global_mag_s90,unstructured,0.9,,2560,2560,655360,0.9,b32f5f1fed3e44f5,
opt_2p7b_l15_o_proj_wanda_s90,OPT-2.7B,opt_2p7b,model.decoder.layers.15.self_attn.out_proj.weight,opt_2p7b_block_15,15,o_proj,2560x2560,wanda_s90,activation_aware_unstructured,0.9,,2560,2560,655360,0.9,997cad559812662f,opt_2p7b.npz
opt_2p7b_l15_q_proj_global_mag_s70,OPT-2.7B,opt_2p7b,model.decoder.layers.15.self_attn.q_proj.weight,opt_2p7b_block_15,15,q_proj,2560x2560,global_mag_s70,unstructured,0.7,,2560,2560,1966080,0.7,8813541dcbf1307c,
opt_2p7b_l15_q_proj_wanda_s70,OPT-2.7B,opt_2p7b,model.decoder.layers.15.self_attn.q_proj.weight,opt_2p7b_block_15,15,q_proj,2560x2560,wanda_s70,activation_aware_unstructured,0.7,,2560,2560,1966080,0.7,9742a78422912979,opt_2p7b.npz
opt_2p7b_l15_q_proj_global_mag_s80,OPT-2.7B,opt_2p7b,model.decoder.layers.15.self_attn.q_proj.weight,opt_2p7b_block_15,15,q_proj,2560x2560,global_mag_s80,unstructured,0.8,,2560,2560,1310720,0.8,8f03bdf60b954f8a,
opt_2p7b_l15_q_proj_wanda_s80,OPT-2.7B,opt_2p7b,model.decoder.layers.15.self_attn.q_proj.weight,opt_2p7b_block_15,15,q_proj,2560x2560,wanda_s80,activation_aware_unstructured,0.8,,2560,2560,1310720,0.8,d1b729226669be41,opt_2p7b.npz
opt_2p7b_l15_q_proj_global_mag_s90,OPT-2.7B,opt_2p7b,model.decoder.layers.15.self_attn.q_proj.weight,opt_2p7b_block_15,15,q_proj,2560x2560,global_mag_s90,unstructured,0.9,,2560,2560,655360,0.9,72b70b45049fe30c,
opt_2p7b_l15_q_proj_wanda_s90,OPT-2.7B,opt_2p7b,model.decoder.layers.15.self_attn.q_proj.weight,opt_2p7b_block_15,15,q_proj,2560x2560,wanda_s90,activation_aware_unstructured,0.9,,2560,2560,655360,0.9,81fdc7b23773b0dd,opt_2p7b.npz
opt_2p7b_l16_o_proj_global_mag_s70,OPT-2.7B,opt_2p7b,model.decoder.layers.16.self_attn.out_proj.weight,opt_2p7b_block_16,16,o_proj,2560x2560,global_mag_s70,unstructured,0.7,,2560,2560,1966080,0.7,1351e2968004d019,
opt_2p7b_l16_o_proj_wanda_s70,OPT-2.7B,opt_2p7b,model.decoder.layers.16.self_attn.out_proj.weight,opt_2p7b_block_16,16,o_proj,2560x2560,wanda_s70,activation_aware_unstructured,0.7,,2560,2560,1966080,0.7,c1ef3bb779041d62,opt_2p7b.npz
opt_2p7b_l16_o_proj_global_mag_s80,OPT-2.7B,opt_2p7b,model.decoder.layers.16.self_attn.out_proj.weight,opt_2p7b_block_16,16,o_proj,2560x2560,global_mag_s80,unstructured,0.8,,2560,2560,1310720,0.8,8ddbcc2283466433,
opt_2p7b_l16_o_proj_wanda_s80,OPT-2.7B,opt_2p7b,model.decoder.layers.16.self_attn.out_proj.weight,opt_2p7b_block_16,16,o_proj,2560x2560,wanda_s80,activation_aware_unstructured,0.8,,2560,2560,1310720,0.8,e7e848acb5288009,opt_2p7b.npz
opt_2p7b_l16_o_proj_global_mag_s90,OPT-2.7B,opt_2p7b,model.decoder.layers.16.self_attn.out_proj.weight,opt_2p7b_block_16,16,o_proj,2560x2560,global_mag_s90,unstructured,0.9,,2560,2560,655360,0.9,025d18b1db614d93,
opt_2p7b_l16_o_proj_wanda_s90,OPT-2.7B,opt_2p7b,model.decoder.layers.16.self_attn.out_proj.weight,opt_2p7b_block_16,16,o_proj,2560x2560,wanda_s90,activation_aware_unstructured,0.9,,2560,2560,655360,0.9,01debfe4f1af480b,opt_2p7b.npz
opt_2p7b_l16_q_proj_global_mag_s70,OPT-2.7B,opt_2p7b,model.decoder.layers.16.self_attn.q_proj.weight,opt_2p7b_block_16,16,q_proj,2560x2560,global_mag_s70,unstructured,0.7,,2560,2560,1966080,0.7,ababdf234ad6b5f3,
opt_2p7b_l16_q_proj_wanda_s70,OPT-2.7B,opt_2p7b,model.decoder.layers.16.self_attn.q_proj.weight,opt_2p7b_block_16,16,q_proj,2560x2560,wanda_s70,activation_aware_unstructured,0.7,,2560,2560,1966080,0.7,e6e463037a532978,opt_2p7b.npz
opt_2p7b_l16_q_proj_global_mag_s80,OPT-2.7B,opt_2p7b,model.decoder.layers.16.self_attn.q_proj.weight,opt_2p7b_block_16,16,q_proj,2560x2560,global_mag_s80,unstructured,0.8,,2560,2560,1310720,0.8,62824a2f288ca4c2,
opt_2p7b_l16_q_proj_wanda_s80,OPT-2.7B,opt_2p7b,model.decoder.layers.16.self_attn.q_proj.weight,opt_2p7b_block_16,16,q_proj,2560x2560,wanda_s80,activation_aware_unstructured,0.8,,2560,2560,1310720,0.8,1824b0c93867bdf0,opt_2p7b.npz
opt_2p7b_l16_q_proj_global_mag_s90,OPT-2.7B,opt_2p7b,model.decoder.layers.16.self_attn.q_proj.weight,opt_2p7b_block_16,16,q_proj,2560x2560,global_mag_s90,unstructured,0.9,,2560,2560,655360,0.9,440336e344affad6,
opt_2p7b_l16_q_proj_wanda_s90,OPT-2.7B,opt_2p7b,model.decoder.layers.16.self_attn.q_proj.weight,opt_2p7b_block_16,16,q_proj,2560x2560,wanda_s90,activation_aware_unstructured,0.9,,2560,2560,655360,0.9,e3dfc993fbeb3d7f,opt_2p7b.npz
opt_2p7b_l17_o_proj_global_mag_s70,OPT-2.7B,opt_2p7b,model.decoder.layers.17.self_attn.out_proj.weight,opt_2p7b_block_17,17,o_proj,2560x2560,global_mag_s70,unstructured,0.7,,2560,2560,1966080,0.7,6a375cfac93f1c43,
opt_2p7b_l17_o_proj_wanda_s70,OPT-2.7B,opt_2p7b,model.decoder.layers.17.self_attn.out_proj.weight,opt_2p7b_block_17,17,o_proj,2560x2560,wanda_s70,activation_aware_unstructured,0.7,,2560,2560,1966080,0.7,659884a4eb785a98,opt_2p7b.npz
opt_2p7b_l17_o_proj_global_mag_s80,OPT-2.7B,opt_2p7b,model.decoder.layers.17.self_attn.out_proj.weight,opt_2p7b_block_17,17,o_proj,2560x2560,global_mag_s80,unstructured,0.8,,2560,2560,1310720,0.8,cf98daba3f649718,
opt_2p7b_l17_o_proj_wanda_s80,OPT-2.7B,opt_2p7b,model.decoder.layers.17.self_attn.out_proj.weight,opt_2p7b_block_17,17,o_proj,2560x2560,wanda_s80,activation_aware_unstructured,0.8,,2560,2560,1310720,0.8,b176621370aded54,opt_2p7b.npz
opt_2p7b_l17_o_proj_global_mag_s90,OPT-2.7B,opt_2p7b,model.decoder.layers.17.self_attn.out_proj.weight,opt_2p7b_block_17,17,o_proj,2560x2560,global_mag_s90,unstructured,0.9,,2560,2560,655360,0.9,f5213ec08688ac65,
opt_2p7b_l17_o_proj_wanda_s90,OPT-2.7B,opt_2p7b,model.decoder.layers.17.self_attn.out_proj.weight,opt_2p7b_block_17,17,o_proj,2560x2560,wanda_s90,activation_aware_unstructured,0.9,,2560,2560,655360,0.9,780dd04f83625ea1,opt_2p7b.npz
opt_2p7b_l17_q_proj_global_mag_s70,OPT-2.7B,opt_2p7b,model.decoder.layers.17.self_attn.q_proj.weight,opt_2p7b_block_17,17,q_proj,2560x2560,global_mag_s70,unstructured,0.7,,2560,2560,1966080,0.7,a612461b618defbe,
opt_2p7b_l17_q_proj_wanda_s70,OPT-2.7B,opt_2p7b,model.decoder.layers.17.self_attn.q_proj.weight,opt_2p7b_block_17,17,q_proj,2560x2560,wanda_s70,activation_aware_unstructured,0.7,,2560,2560,1966080,0.7,333df4007b81e46e,opt_2p7b.npz
opt_2p7b_l17_q_proj_global_mag_s80,OPT-2.7B,opt_2p7b,model.decoder.layers.17.self_attn.q_proj.weight,opt_2p7b_block_17,17,q_proj,2560x2560,global_mag_s80,unstructured,0.8,,2560,2560,1310720,0.8,1d8b6b45413d3fff,
opt_2p7b_l17_q_proj_wanda_s80,OPT-2.7B,opt_2p7b,model.decoder.layers.17.self_attn.q_proj.weight,opt_2p7b_block_17,17,q_proj,2560x2560,wanda_s80,activation_aware_unstructured,0.8,,2560,2560,1310720,0.8,04097592d2b8ba38,opt_2p7b.npz
opt_2p7b_l17_q_proj_global_mag_s90,OPT-2.7B,opt_2p7b,model.decoder.layers.17.self_attn.q_proj.weight,opt_2p7b_block_17,17,q_proj,2560x2560,global_mag_s90,unstructured,0.9,,2560,2560,655360,0.9,e0370ba06e2614f7,
opt_2p7b_l17_q_proj_wanda_s90,OPT-2.7B,opt_2p7b,model.decoder.layers.17.self_attn.q_proj.weight,opt_2p7b_block_17,17,q_proj,2560x2560,wanda_s90,activation_aware_unstructured,0.9,,2560,2560,655360,0.9,9ae1bdf79cd64d56,opt_2p7b.npz
opt_2p7b_l19_o_proj_global_mag_s70,OPT-2.7B,opt_2p7b,model.decoder.layers.19.self_attn.out_proj.weight,opt_2p7b_block_19,19,o_proj,2560x2560,global_mag_s70,unstructured,0.7,,2560,2560,1966080,0.7,54610ba349808931,
opt_2p7b_l19_o_proj_wanda_s70,OPT-2.7B,opt_2p7b,model.decoder.layers.19.self_attn.out_proj.weight,opt_2p7b_block_19,19,o_proj,2560x2560,wanda_s70,activation_aware_unstructured,0.7,,2560,2560,1966080,0.7,9ce3fb1050449273,opt_2p7b.npz
opt_2p7b_l19_o_proj_global_mag_s80,OPT-2.7B,opt_2p7b,model.decoder.layers.19.self_attn.out_proj.weight,opt_2p7b_block_19,19,o_proj,2560x2560,global_mag_s80,unstructured,0.8,,2560,2560,1310720,0.8,8efc045f4b605566,
opt_2p7b_l19_o_proj_wanda_s80,OPT-2.7B,opt_2p7b,model.decoder.layers.19.self_attn.out_proj.weight,opt_2p7b_block_19,19,o_proj,2560x2560,wanda_s80,activation_aware_unstructured,0.8,,2560,2560,1310720,0.8,ee0011175f103573,opt_2p7b.npz
opt_2p7b_l19_o_proj_global_mag_s90,OPT-2.7B,opt_2p7b,model.decoder.layers.19.self_attn.out_proj.weight,opt_2p7b_block_19,19,o_proj,2560x2560,global_mag_s90,unstructured,0.9,,2560,2560,655360,0.9,9a06e0835eca5853,
opt_2p7b_l19_o_proj_wanda_s90,OPT-2.7B,opt_2p7b,model.decoder.layers.19.self_attn.out_proj.weight,opt_2p7b_block_19,19,o_proj,2560x2560,wanda_s90,activation_aware_unstructured,0.9,,2560,2560,655360,0.9,09431c8abd2bace2,opt_2p7b.npz
opt_2p7b_l19_q_proj_global_mag_s70,OPT-2.7B,opt_2p7b,model.decoder.layers.19.self_attn.q_proj.weight,opt_2p7b_block_19,19,q_proj,2560x2560,global_mag_s70,unstructured,0.7,,2560,2560,1966080,0.7,d1936aad3b412811,
opt_2p7b_l19_q_proj_wanda_s70,OPT-2.7B,opt_2p7b,model.decoder.layers.19.self_attn.q_proj.weight,opt_2p7b_block_19,19,q_proj,2560x2560,wanda_s70,activation_aware_unstructured,0.7,,2560,2560,1966080,0.7,864766a5050d8fb3,opt_2p7b.npz
opt_2p7b_l19_q_proj_global_mag_s80,OPT-2.7B,opt_2p7b,model.decoder.layers.19.self_attn.q_proj.weight,opt_2p7b_block_19,19,q_proj,2560x2560,global_mag_s80,unstructured,0.8,,2560,2560,1310720,0.8,b7acf472606b6f15,
opt_2p7b_l19_q_proj_wanda_s80,OPT-2.7B,opt_2p7b,model.decoder.layers.19.self_attn.q_proj.weight,opt_2p7b_block_19,19,q_proj,2560x2560,wanda_s80,activation_aware_unstructured,0.8,,2560,2560,1310720,0.8,ddb9f0cb3b3bb18c,opt_2p7b.npz
opt_2p7b_l19_q_proj_global_mag_s90,OPT-2.7B,opt_2p7b,model.decoder.layers.19.self_attn.q_proj.weight,opt_2p7b_block_19,19,q_proj,2560x2560,global_mag_s90,unstructured,0.9,,2560,2560,655360,0.9,a8c2f84cc0e65e21,
opt_2p7b_l19_q_proj_wanda_s90,OPT-2.7B,opt_2p7b,model.decoder.layers.19.self_attn.q_proj.weight,opt_2p7b_block_19,19,q_proj,2560x2560,wanda_s90,activation_aware_unstructured,0.9,,2560,2560,655360,0.9,5a7b4f8c6d071db7,opt_2p7b.npz
opt_2p7b_l20_o_proj_global_mag_s70,OPT-2.7B,opt_2p7b,model.decoder.layers.20.self_attn.out_proj.weight,opt_2p7b_block_20,20,o_proj,2560x2560,global_mag_s70,unstructured,0.7,,2560,2560,1966080,0.7,462ff1072cf0e7ad,
opt_2p7b_l20_o_proj_wanda_s70,OPT-2.7B,opt_2p7b,model.decoder.layers.20.self_attn.out_proj.weight,opt_2p7b_block_20,20,o_proj,2560x2560,wanda_s70,activation_aware_unstructured,0.7,,2560,2560,1966080,0.7,5965e237bd83046d,opt_2p7b.npz
opt_2p7b_l20_o_proj_global_mag_s80,OPT-2.7B,opt_2p7b,model.decoder.layers.20.self_attn.out_proj.weight,opt_2p7b_block_20,20,o_proj,2560x2560,global_mag_s80,unstructured,0.8,,2560,2560,1310720,0.8,9898ee80d548c61c,
opt_2p7b_l20_o_proj_wanda_s80,OPT-2.7B,opt_2p7b,model.decoder.layers.20.self_attn.out_proj.weight,opt_2p7b_block_20,20,o_proj,2560x2560,wanda_s80,activation_aware_unstructured,0.8,,2560,2560,1310720,0.8,9a1df703dd9f945e,opt_2p7b.npz
opt_2p7b_l20_o_proj_global_mag_s90,OPT-2.7B,opt_2p7b,model.decoder.layers.20.self_attn.out_proj.weight,opt_2p7b_block_20,20,o_proj,2560x2560,global_mag_s90,unstructured,0.9,,2560,2560,655360,0.9,345e899080b72219,
opt_2p7b_l20_o_proj_wanda_s90,OPT-2.7B,opt_2p7b,model.decoder.layers.20.self_attn.out_proj.weight,opt_2p7b_block_20,20,o_proj,2560x2560,wanda_s90,activation_aware_unstructured,0.9,,2560,2560,655360,0.9,34dc62fc952d35fa,opt_2p7b.npz
opt_2p7b_l20_q_proj_global_mag_s70,OPT-2.7B,opt_2p7b,model.decoder.layers.20.self_attn.q_proj.weight,opt_2p7b_block_20,20,q_proj,2560x2560,global_mag_s70,unstructured,0.7,,2560,2560,1966080,0.7,22c957619cf300e4,
opt_2p7b_l20_q_proj_wanda_s70,OPT-2.7B,opt_2p7b,model.decoder.layers.20.self_attn.q_proj.weight,opt_2p7b_block_20,20,q_proj,2560x2560,wanda_s70,activation_aware_unstructured,0.7,,2560,2560,1966080,0.7,151931a1d25109cd,opt_2p7b.npz
opt_2p7b_l20_q_proj_global_mag_s80,OPT-2.7B,opt_2p7b,model.decoder.layers.20.self_attn.q_proj.weight,opt_2p7b_block_20,20,q_proj,2560x2560,global_mag_s80,unstructured,0.8,,2560,2560,1310720,0.8,3f6e52de421f29c7,
opt_2p7b_l20_q_proj_wanda_s80,OPT-2.7B,opt_2p7b,model.decoder.layers.20.self_attn.q_proj.weight,opt_2p7b_block_20,20,q_proj,2560x2560,wanda_s80,activation_aware_unstructured,0.8,,2560,2560,1310720,0.8,abf7f9480e49082b,opt_2p7b.npz
opt_2p7b_l20_q_proj_global_mag_s90,OPT-2.7B,opt_2p7b,model.decoder.layers.20.self_attn.q_proj.weight,opt_2p7b_block_20,20,q_proj,2560x2560,global_mag_s90,unstructured,0.9,,2560,2560,655360,0.9,97290729df090f3c,
opt_2p7b_l20_q_proj_wanda_s90,OPT-2.7B,opt_2p7b,model.decoder.layers.20.self_attn.q_proj.weight,opt_2p7b_block_20,20,q_proj,2560x2560,wanda_s90,activation_aware_unstructured,0.9,,2560,2560,655360,0.9,aab0ea21c01261eb,opt_2p7b.npz
opt_2p7b_l21_o_proj_global_mag_s70,OPT-2.7B,opt_2p7b,model.decoder.layers.21.self_attn.out_proj.weight,opt_2p7b_block_21,21,o_proj,2560x2560,global_mag_s70,unstructured,0.7,,2560,2560,1966080,0.7,6e1c1f8071f14f8f,
opt_2p7b_l21_o_proj_wanda_s70,OPT-2.7B,opt_2p7b,model.decoder.layers.21.self_attn.out_proj.weight,opt_2p7b_block_21,21,o_proj,2560x2560,wanda_s70,activation_aware_unstructured,0.7,,2560,2560,1966080,0.7,2930cfaac63970c5,opt_2p7b.npz
opt_2p7b_l21_o_proj_global_mag_s80,OPT-2.7B,opt_2p7b,model.decoder.layers.21.self_attn.out_proj.weight,opt_2p7b_block_21,21,o_proj,2560x2560,global_mag_s80,unstructured,0.8,,2560,2560,1310720,0.8,0437a00a11d3be6f,
opt_2p7b_l21_o_proj_wanda_s80,OPT-2.7B,opt_2p7b,model.decoder.layers.21.self_attn.out_proj.weight,opt_2p7b_block_21,21,o_proj,2560x2560,wanda_s80,activation_aware_unstructured,0.8,,2560,2560,1310720,0.8,4ae3ddcfa64ff176,opt_2p7b.npz
opt_2p7b_l21_o_proj_global_mag_s90,OPT-2.7B,opt_2p7b,model.decoder.layers.21.self_attn.out_proj.weight,opt_2p7b_block_21,21,o_proj,2560x2560,global_mag_s90,unstructured,0.9,,2560,2560,655360,0.9,e9a57191499c57ca,
opt_2p7b_l21_o_proj_wanda_s90,OPT-2.7B,opt_2p7b,model.decoder.layers.21.self_attn.out_proj.weight,opt_2p7b_block_21,21,o_proj,2560x2560,wanda_s90,activation_aware_unstructured,0.9,,2560,2560,655360,0.9,4d95946d11acf75a,opt_2p7b.npz
opt_2p7b_l21_q_proj_global_mag_s70,OPT-2.7B,opt_2p7b,model.decoder.layers.21.self_attn.q_proj.weight,opt_2p7b_block_21,21,q_proj,2560x2560,global_mag_s70,unstructured,0.7,,2560,2560,1966080,0.7,5797b0983e721afe,
opt_2p7b_l21_q_proj_wanda_s70,OPT-2.7B,opt_2p7b,model.decoder.layers.21.self_attn.q_proj.weight,opt_2p7b_block_21,21,q_proj,2560x2560,wanda_s70,activation_aware_unstructured,0.7,,2560,2560,1966080,0.7,fdb9d2bdebcbfb79,opt_2p7b.npz
opt_2p7b_l21_q_proj_global_mag_s80,OPT-2.7B,opt_2p7b,model.decoder.layers.21.self_attn.q_proj.weight,opt_2p7b_block_21,21,q_proj,2560x2560,global_mag_s80,unstructured,0.8,,2560,2560,1310720,0.8,13a8d1a55f6c56f5,
opt_2p7b_l21_q_proj_wanda_s80,OPT-2.7B,opt_2p7b,model.decoder.layers.21.self_attn.q_proj.weight,opt_2p7b_block_21,21,q_proj,2560x2560,wanda_s80,activation_aware_unstructured,0.8,,2560,2560,1310720,0.8,812d9ebdfd9fdfe0,opt_2p7b.npz
opt_2p7b_l21_q_proj_global_mag_s90,OPT-2.7B,opt_2p7b,model.decoder.layers.21.self_attn.q_proj.weight,opt_2p7b_block_21,21,q_proj,2560x2560,global_mag_s90,unstructured,0.9,,2560,2560,655360,0.9,21d7955e3f06ec88,
opt_2p7b_l21_q_proj_wanda_s90,OPT-2.7B,opt_2p7b,model.decoder.layers.21.self_attn.q_proj.weight,opt_2p7b_block_21,21,q_proj,2560x2560,wanda_s90,activation_aware_unstructured,0.9,,2560,2560,655360,0.9,a0118ee442fb51e7,opt_2p7b.npz
opt_2p7b_l23_o_proj_global_mag_s70,OPT-2.7B,opt_2p7b,model.decoder.layers.23.self_attn.out_proj.weight,opt_2p7b_block_23,23,o_proj,2560x2560,global_mag_s70,unstructured,0.7,,2560,2560,1966080,0.7,caea17b7442dc51a,
opt_2p7b_l23_o_proj_wanda_s70,OPT-2.7B,opt_2p7b,model.decoder.layers.23.self_attn.out_proj.weight,opt_2p7b_block_23,23,o_proj,2560x2560,wanda_s70,activation_aware_unstructured,0.7,,2560,2560,1966080,0.7,e1bc6a9ead3a1145,opt_2p7b.npz
opt_2p7b_l23_o_proj_global_mag_s80,OPT-2.7B,opt_2p7b,model.decoder.layers.23.self_attn.out_proj.weight,opt_2p7b_block_23,23,o_proj,2560x2560,global_mag_s80,unstructured,0.8,,2560,2560,1310720,0.8,2c315499e6a98af7,
opt_2p7b_l23_o_proj_wanda_s80,OPT-2.7B,opt_2p7b,model.decoder.layers.23.self_attn.out_proj.weight,opt_2p7b_block_23,23,o_proj,2560x2560,wanda_s80,activation_aware_unstructured,0.8,,2560,2560,1310720,0.8,3af13e57a0ceab14,opt_2p7b.npz
opt_2p7b_l23_o_proj_global_mag_s90,OPT-2.7B,opt_2p7b,model.decoder.layers.23.self_attn.out_proj.weight,opt_2p7b_block_23,23,o_proj,2560x2560,global_mag_s90,unstructured,0.9,,2560,2560,655360,0.9,1f4e1e1094974c53,
opt_2p7b_l23_o_proj_wanda_s90,OPT-2.7B,opt_2p7b,model.decoder.layers.23.self_attn.out_proj.weight,opt_2p7b_block_23,23,o_proj,2560x2560,wanda_s90,activation_aware_unstructured,0.9,,2560,2560,655360,0.9,1c80ed4bed9448b0,opt_2p7b.npz
opt_2p7b_l23_q_proj_global_mag_s70,OPT-2.7B,opt_2p7b,model.decoder.layers.23.self_attn.q_proj.weight,opt_2p7b_block_23,23,q_proj,2560x2560,global_mag_s70,unstructured,0.7,,2560,2560,1966080,0.7,ffcc70f24799bca2,
opt_2p7b_l23_q_proj_wanda_s70,OPT-2.7B,opt_2p7b,model.decoder.layers.23.self_attn.q_proj.weight,opt_2p7b_block_23,23,q_proj,2560x2560,wanda_s70,activation_aware_unstructured,0.7,,2560,2560,1966080,0.7,115193560752f61e,opt_2p7b.npz
opt_2p7b_l23_q_proj_global_mag_s80,OPT-2.7B,opt_2p7b,model.decoder.layers.23.self_attn.q_proj.weight,opt_2p7b_block_23,23,q_proj,2560x2560,global_mag_s80,unstructured,0.8,,2560,2560,1310720,0.8,f75169f31f36c02e,
opt_2p7b_l23_q_proj_wanda_s80,OPT-2.7B,opt_2p7b,model.decoder.layers.23.self_attn.q_proj.weight,opt_2p7b_block_23,23,q_proj,2560x2560,wanda_s80,activation_aware_unstructured,0.8,,2560,2560,1310720,0.8,b0750a86ef228a98,opt_2p7b.npz
opt_2p7b_l23_q_proj_global_mag_s90,OPT-2.7B,opt_2p7b,model.decoder.layers.23.self_attn.q_proj.weight,opt_2p7b_block_23,23,q_proj,2560x2560,global_mag_s90,unstructured,0.9,,2560,2560,655360,0.9,5b84015e7d1d7839,
opt_2p7b_l23_q_proj_wanda_s90,OPT-2.7B,opt_2p7b,model.decoder.layers.23.self_attn.q_proj.weight,opt_2p7b_block_23,23,q_proj,2560x2560,wanda_s90,activation_aware_unstructured,0.9,,2560,2560,655360,0.9,f0d4d2993ac023cf,opt_2p7b.npz
opt_2p7b_l24_o_proj_global_mag_s70,OPT-2.7B,opt_2p7b,model.decoder.layers.24.self_attn.out_proj.weight,opt_2p7b_block_24,24,o_proj,2560x2560,global_mag_s70,unstructured,0.7,,2560,2560,1966080,0.7,97cc63e8f82b3e38,
opt_2p7b_l24_o_proj_wanda_s70,OPT-2.7B,opt_2p7b,model.decoder.layers.24.self_attn.out_proj.weight,opt_2p7b_block_24,24,o_proj,2560x2560,wanda_s70,activation_aware_unstructured,0.7,,2560,2560,1966080,0.7,c6499079cd7f7f8c,opt_2p7b.npz
opt_2p7b_l24_o_proj_global_mag_s80,OPT-2.7B,opt_2p7b,model.decoder.layers.24.self_attn.out_proj.weight,opt_2p7b_block_24,24,o_proj,2560x2560,global_mag_s80,unstructured,0.8,,2560,2560,1310720,0.8,e90700383ab02d6a,
opt_2p7b_l24_o_proj_wanda_s80,OPT-2.7B,opt_2p7b,model.decoder.layers.24.self_attn.out_proj.weight,opt_2p7b_block_24,24,o_proj,2560x2560,wanda_s80,activation_aware_unstructured,0.8,,2560,2560,1310720,0.8,61a2e93b1e40ba5c,opt_2p7b.npz
opt_2p7b_l24_o_proj_global_mag_s90,OPT-2.7B,opt_2p7b,model.decoder.layers.24.self_attn.out_proj.weight,opt_2p7b_block_24,24,o_proj,2560x2560,global_mag_s90,unstructured,0.9,,2560,2560,655360,0.9,fffbdc8311500891,
opt_2p7b_l24_o_proj_wanda_s90,OPT-2.7B,opt_2p7b,model.decoder.layers.24.self_attn.out_proj.weight,opt_2p7b_block_24,24,o_proj,2560x2560,wanda_s90,activation_aware_unstructured,0.9,,2560,2560,655360,0.9,aec8adf147ad7005,opt_2p7b.npz
opt_2p7b_l24_q_proj_global_mag_s70,OPT-2.7B,opt_2p7b,model.decoder.layers.24.self_attn.q_proj.weight,opt_2p7b_block_24,24,q_proj,2560x2560,global_mag_s70,unstructured,0.7,,2560,2560,1966080,0.7,9854160ab1b4c8f3,
opt_2p7b_l24_q_proj_wanda_s70,OPT-2.7B,opt_2p7b,model.decoder.layers.24.self_attn.q_proj.weight,opt_2p7b_block_24,24,q_proj,2560x2560,wanda_s70,activation_aware_unstructured,0.7,,2560,2560,1966080,0.7,0c18abe94effebe0,opt_2p7b.npz
opt_2p7b_l24_q_proj_global_mag_s80,OPT-2.7B,opt_2p7b,model.decoder.layers.24.self_attn.q_proj.weight,opt_2p7b_block_24,24,q_proj,2560x2560,global_mag_s80,unstructured,0.8,,2560,2560,1310720,0.8,5eb91a92838cda88,
opt_2p7b_l24_q_proj_wanda_s80,OPT-2.7B,opt_2p7b,model.decoder.layers.24.self_attn.q_proj.weight,opt_2p7b_block_24,24,q_proj,2560x2560,wanda_s80,activation_aware_unstructured,0.8,,2560,2560,1310720,0.8,7b4a159bb56b1656,opt_2p7b.npz
opt_2p7b_l24_q_proj_global_mag_s90,OPT-2.7B,opt_2p7b,model.decoder.layers.24.self_attn.q_proj.weight,opt_2p7b_block_24,24,q_proj,2560x2560,global_mag_s90,unstructured,0.9,,2560,2560,655360,0.9,97092c825062520b,
opt_2p7b_l24_q_proj_wanda_s90,OPT-2.7B,opt_2p7b,model.decoder.layers.24.self_attn.q_proj.weight,opt_2p7b_block_24,24,q_proj,2560x2560,wanda_s90,activation_aware_unstructured,0.9,,2560,2560,655360,0.9,12350a1187ebff9b,opt_2p7b.npz
opt_2p7b_l25_o_proj_global_mag_s70,OPT-2.7B,opt_2p7b,model.decoder.layers.25.self_attn.out_proj.weight,opt_2p7b_block_25,25,o_proj,2560x2560,global_mag_s70,unstructured,0.7,,2560,2560,1966080,0.7,cc8eea4f3b110b92,
opt_2p7b_l25_o_proj_wanda_s70,OPT-2.7B,opt_2p7b,model.decoder.layers.25.self_attn.out_proj.weight,opt_2p7b_block_25,25,o_proj,2560x2560,wanda_s70,activation_aware_unstructured,0.7,,2560,2560,1966080,0.7,d95966eff427a269,opt_2p7b.npz
opt_2p7b_l25_o_proj_global_mag_s80,OPT-2.7B,opt_2p7b,model.decoder.layers.25.self_attn.out_proj.weight,opt_2p7b_block_25,25,o_proj,2560x2560,global_mag_s80,unstructured,0.8,,2560,2560,1310720,0.8,ac1e217752c2e9ef,
opt_2p7b_l25_o_proj_wanda_s80,OPT-2.7B,opt_2p7b,model.decoder.layers.25.self_attn.out_proj.weight,opt_2p7b_block_25,25,o_proj,2560x2560,wanda_s80,activation_aware_unstructured,0.8,,2560,2560,1310720,0.8,5f6ede25a1c478e5,opt_2p7b.npz
opt_2p7b_l25_o_proj_global_mag_s90,OPT-2.7B,opt_2p7b,model.decoder.layers.25.self_attn.out_proj.weight,opt_2p7b_block_25,25,o_proj,2560x2560,global_mag_s90,unstructured,0.9,,2560,2560,655360,0.9,10a5eb6343c4d201,
opt_2p7b_l25_o_proj_wanda_s90,OPT-2.7B,opt_2p7b,model.decoder.layers.25.self_attn.out_proj.weight,opt_2p7b_block_25,25,o_proj,2560x2560,wanda_s90,activation_aware_unstructured,0.9,,2560,2560,655360,0.9,6ed017f8ddb9027e,opt_2p7b.npz
opt_2p7b_l25_q_proj_global_mag_s70,OPT-2.7B,opt_2p7b,model.decoder.layers.25.self_attn.q_proj.weight,opt_2p7b_block_25,25,q_proj,2560x2560,global_mag_s70,unstructured,0.7,,2560,2560,1966080,0.7,4293945ce8b2ccda,
opt_2p7b_l25_q_proj_wanda_s70,OPT-2.7B,opt_2p7b,model.decoder.layers.25.self_attn.q_proj.weight,opt_2p7b_block_25,25,q_proj,2560x2560,wanda_s70,activation_aware_unstructured,0.7,,2560,2560,1966080,0.7,fad27f702cdd9c50,opt_2p7b.npz
opt_2p7b_l25_q_proj_global_mag_s80,OPT-2.7B,opt_2p7b,model.decoder.layers.25.self_attn.q_proj.weight,opt_2p7b_block_25,25,q_proj,2560x2560,global_mag_s80,unstructured,0.8,,2560,2560,1310720,0.8,76adf58537168368,
opt_2p7b_l25_q_proj_wanda_s80,OPT-2.7B,opt_2p7b,model.decoder.layers.25.self_attn.q_proj.weight,opt_2p7b_block_25,25,q_proj,2560x2560,wanda_s80,activation_aware_unstructured,0.8,,2560,2560,1310720,0.8,ea3d2670df3ad205,opt_2p7b.npz
opt_2p7b_l25_q_proj_global_mag_s90,OPT-2.7B,opt_2p7b,model.decoder.layers.25.self_attn.q_proj.weight,opt_2p7b_block_25,25,q_proj,2560x2560,global_mag_s90,unstructured,0.9,,2560,2560,655360,0.9,59a906a760cafbee,
opt_2p7b_l25_q_proj_wanda_s90,OPT-2.7B,opt_2p7b,model.decoder.layers.25.self_attn.q_proj.weight,opt_2p7b_block_25,25,q_proj,2560x2560,wanda_s90,activation_aware_unstructured,0.9,,2560,2560,655360,0.9,cde72575c521a7e6,opt_2p7b.npz
opt_2p7b_l26_o_proj_global_mag_s70,OPT-2.7B,opt_2p7b,model.decoder.layers.26.self_attn.out_proj.weight,opt_2p7b_block_26,26,o_proj,2560x2560,global_mag_s70,unstructured,0.7,,2560,2560,1966080,0.7,4e82635e1e20bc33,
opt_2p7b_l26_o_proj_wanda_s70,OPT-2.7B,opt_2p7b,model.decoder.layers.26.self_attn.out_proj.weight,opt_2p7b_block_26,26,o_proj,2560x2560,wanda_s70,activation_aware_unstructured,0.7,,2560,2560,1966080,0.7,66c065338d9a131c,opt_2p7b.npz
opt_2p7b_l26_o_proj_global_mag_s80,OPT-2.7B,opt_2p7b,model.decoder.layers.26.self_attn.out_proj.weight,opt_2p7b_block_26,26,o_proj,2560x2560,global_mag_s80,unstructured,0.8,,2560,2560,1310720,0.8,a40c364a33b9bb94,
opt_2p7b_l26_o_proj_wanda_s80,OPT-2.7B,opt_2p7b,model.decoder.layers.26.self_attn.out_proj.weight,opt_2p7b_block_26,26,o_proj,2560x2560,wanda_s80,activation_aware_unstructured,0.8,,2560,2560,1310720,0.8,4a5d0dd652581a1e,opt_2p7b.npz
opt_2p7b_l26_o_proj_global_mag_s90,OPT-2.7B,opt_2p7b,model.decoder.layers.26.self_attn.out_proj.weight,opt_2p7b_block_26,26,o_proj,2560x2560,global_mag_s90,unstructured,0.9,,2560,2560,655360,0.9,66d2f3f23eecf2d4,
opt_2p7b_l26_o_proj_wanda_s90,OPT-2.7B,opt_2p7b,model.decoder.layers.26.self_attn.out_proj.weight,opt_2p7b_block_26,26,o_proj,2560x2560,wanda_s90,activation_aware_unstructured,0.9,,2560,2560,655360,0.9,6e186846944865e3,opt_2p7b.npz
opt_2p7b_l26_q_proj_global_mag_s70,OPT-2.7B,opt_2p7b,model.decoder.layers.26.self_attn.q_proj.weight,opt_2p7b_block_26,26,q_proj,2560x2560,global_mag_s70,unstructured,0.7,,2560,2560,1966080,0.7,45f0bdf403f168e0,
opt_2p7b_l26_q_proj_wanda_s70,OPT-2.7B,opt_2p7b,model.decoder.layers.26.self_attn.q_proj.weight,opt_2p7b_block_26,26,q_proj,2560x2560,wanda_s70,activation_aware_unstructured,0.7,,2560,2560,1966080,0.7,f2fdf796467bb15a,opt_2p7b.npz
opt_2p7b_l26_q_proj_global_mag_s80,OPT-2.7B,opt_2p7b,model.decoder.layers.26.self_attn.q_proj.weight,opt_2p7b_block_26,26,q_proj,2560x2560,global_mag_s80,unstructured,0.8,,2560,2560,1310720,0.8,cd9efbbcf464dbcf,
opt_2p7b_l26_q_proj_wanda_s80,OPT-2.7B,opt_2p7b,model.decoder.layers.26.self_attn.q_proj.weight,opt_2p7b_block_26,26,q_proj,2560x2560,wanda_s80,activation_aware_unstructured,0.8,,2560,2560,1310720,0.8,e645308115327ea0,opt_2p7b.npz
opt_2p7b_l26_q_proj_global_mag_s90,OPT-2.7B,opt_2p7b,model.decoder.layers.26.self_attn.q_proj.weight,opt_2p7b_block_26,26,q_proj,2560x2560,global_mag_s90,unstructured,0.9,,2560,2560,655360,0.9,3b01311fbd2b0431,
opt_2p7b_l26_q_proj_wanda_s90,OPT-2.7B,opt_2p7b,model.decoder.layers.26.self_attn.q_proj.weight,opt_2p7b_block_26,26,q_proj,2560x2560,wanda_s90,activation_aware_unstructured,0.9,,2560,2560,655360,0.9,9861c74ca588d89b,opt_2p7b.npz
opt_2p7b_l28_o_proj_global_mag_s70,OPT-2.7B,opt_2p7b,model.decoder.layers.28.self_attn.out_proj.weight,opt_2p7b_block_28,28,o_proj,2560x2560,global_mag_s70,unstructured,0.7,,2560,2560,1966080,0.7,7469b8bef572c525,
opt_2p7b_l28_o_proj_wanda_s70,OPT-2.7B,opt_2p7b,model.decoder.layers.28.self_attn.out_proj.weight,opt_2p7b_block_28,28,o_proj,2560x2560,wanda_s70,activation_aware_unstructured,0.7,,2560,2560,1966080,0.7,398d0e14112dcd85,opt_2p7b.npz
opt_2p7b_l28_o_proj_global_mag_s80,OPT-2.7B,opt_2p7b,model.decoder.layers.28.self_attn.out_proj.weight,opt_2p7b_block_28,28,o_proj,2560x2560,global_mag_s80,unstructured,0.8,,2560,2560,1310720,0.8,fc9f5afc317951eb,
opt_2p7b_l28_o_proj_wanda_s80,OPT-2.7B,opt_2p7b,model.decoder.layers.28.self_attn.out_proj.weight,opt_2p7b_block_28,28,o_proj,2560x2560,wanda_s80,activation_aware_unstructured,0.8,,2560,2560,1310720,0.8,e25f9b49d88db60f,opt_2p7b.npz
opt_2p7b_l28_o_proj_global_mag_s90,OPT-2.7B,opt_2p7b,model.decoder.layers.28.self_attn.out_proj.weight,opt_2p7b_block_28,28,o_proj,2560x2560,global_mag_s90,unstructured,0.9,,2560,2560,655360,0.9,a92a05a6f484b474,
opt_2p7b_l28_o_proj_wanda_s90,OPT-2.7B,opt_2p7b,model.decoder.layers.28.self_attn.out_proj.weight,opt_2p7b_block_28,28,o_proj,2560x2560,wanda_s90,activation_aware_unstructured,0.9,,2560,2560,655360,0.9,1cca3451a378fb00,opt_2p7b.npz
opt_2p7b_l28_q_proj_global_mag_s70,OPT-2.7B,opt_2p7b,model.decoder.layers.28.self_attn.q_proj.weight,opt_2p7b_block_28,28,q_proj,2560x2560,global_mag_s70,unstructured,0.7,,2560,2560,1966080,0.7,0cb2f0d2166cb273,
opt_2p7b_l28_q_proj_wanda_s70,OPT-2.7B,opt_2p7b,model.decoder.layers.28.self_attn.q_proj.weight,opt_2p7b_block_28,28,q_proj,2560x2560,wanda_s70,activation_aware_unstructured,0.7,,2560,2560,1966080,0.7,4ed6f789e70fcbed,opt_2p7b.npz
opt_2p7b_l28_q_proj_global_mag_s80,OPT-2.7B,opt_2p7b,model.decoder.layers.28.self_attn.q_proj.weight,opt_2p7b_block_28,28,q_proj,2560x2560,global_mag_s80,unstructured,0.8,,2560,2560,1310720,0.8,bb928ac986ac8620,
opt_2p7b_l28_q_proj_wanda_s80,OPT-2.7B,opt_2p7b,model.decoder.layers.28.self_attn.q_proj.weight,opt_2p7b_block_28,28,q_proj,2560x2560,wanda_s80,activation_aware_unstructured,0.8,,2560,2560,1310720,0.8,98d8aa2e8ac183b5,opt_2p7b.npz
opt_2p7b_l28_q_proj_global_mag_s90,OPT-2.7B,opt_2p7b,model.decoder.layers.28.self_attn.q_proj.weight,opt_2p7b_block_28,28,q_proj,2560x2560,global_mag_s90,unstructured,0.9,,2560,2560,655360,0.9,9c64b5ee91cc42dc,
opt_2p7b_l28_q_proj_wanda_s90,OPT-2.7B,opt_2p7b,model.decoder.layers.28.self_attn.q_proj.weight,opt_2p7b_block_28,28,q_proj,2560x2560,wanda_s90,activation_aware_unstructured,0.9,,2560,2560,655360,0.9,cf256ce46b9093ec,opt_2p7b.npz
opt_2p7b_l29_o_proj_global_mag_s70,OPT-2.7B,opt_2p7b,model.decoder.layers.29.self_attn.out_proj.weight,opt_2p7b_block_29,29,o_proj,2560x2560,global_mag_s70,unstructured,0.7,,2560,2560,1966080,0.7,6d0a1cbfcf0f815d,
opt_2p7b_l29_o_proj_wanda_s70,OPT-2.7B,opt_2p7b,model.decoder.layers.29.self_attn.out_proj.weight,opt_2p7b_block_29,29,o_proj,2560x2560,wanda_s70,activation_aware_unstructured,0.7,,2560,2560,1966080,0.7,88f62d3502421ae2,opt_2p7b.npz
opt_2p7b_l29_o_proj_global_mag_s80,OPT-2.7B,opt_2p7b,model.decoder.layers.29.self_attn.out_proj.weight,opt_2p7b_block_29,29,o_proj,2560x2560,global_mag_s80,unstructured,0.8,,2560,2560,1310720,0.8,b55b21755f9dcae5,
opt_2p7b_l29_o_proj_wanda_s80,OPT-2.7B,opt_2p7b,model.decoder.layers.29.self_attn.out_proj.weight,opt_2p7b_block_29,29,o_proj,2560x2560,wanda_s80,activation_aware_unstructured,0.8,,2560,2560,1310720,0.8,bc13b287a6cd0d4d,opt_2p7b.npz
opt_2p7b_l29_o_proj_global_mag_s90,OPT-2.7B,opt_2p7b,model.decoder.layers.29.self_attn.out_proj.weight,opt_2p7b_block_29,29,o_proj,2560x2560,global_mag_s90,unstructured,0.9,,2560,2560,655360,0.9,aa8e61a34716ecbf,
opt_2p7b_l29_o_proj_wanda_s90,OPT-2.7B,opt_2p7b,model.decoder.layers.29.self_attn.out_proj.weight,opt_2p7b_block_29,29,o_proj,2560x2560,wanda_s90,activation_aware_unstructured,0.9,,2560,2560,655360,0.9,bfdad3da190ab2f2,opt_2p7b.npz
opt_2p7b_l29_q_proj_global_mag_s70,OPT-2.7B,opt_2p7b,model.decoder.layers.29.self_attn.q_proj.weight,opt_2p7b_block_29,29,q_proj,2560x2560,global_mag_s70,unstructured,0.7,,2560,2560,1966080,0.7,888f5af39c581db7,
opt_2p7b_l29_q_proj_wanda_s70,OPT-2.7B,opt_2p7b,model.decoder.layers.29.self_attn.q_proj.weight,opt_2p7b_block_29,29,q_proj,2560x2560,wanda_s70,activation_aware_unstructured,0.7,,2560,2560,1966080,0.7,e9aeddeb26646d6e,opt_2p7b.npz
opt_2p7b_l29_q_proj_global_mag_s80,OPT-2.7B,opt_2p7b,model.decoder.layers.29.self_attn.q_proj.weight,opt_2p7b_block_29,29,q_proj,2560x2560,global_mag_s80,unstructured,0.8,,2560,2560,1310720,0.8,0b544069df80ce78,
opt_2p7b_l29_q_proj_wanda_s80,OPT-2.7B,opt_2p7b,model.decoder.layers.29.self_attn.q_proj.weight,opt_2p7b_block_29,29,q_proj,2560x2560,wanda_s80,activation_aware_unstructured,0.8,,2560,2560,1310720,0.8,461e1123436104d3,opt_2p7b.npz
opt_2p7b_l29_q_proj_global_mag_s90,OPT-2.7B,opt_2p7b,model.decoder.layers.29.self_attn.q_proj.weight,opt_2p7b_block_29,29,q_proj,2560x2560,global_mag_s90,unstructured,0.9,,2560,2560,655360,0.9,a98261f12a471123,
opt_2p7b_l29_q_proj_wanda_s90,OPT-2.7B,opt_2p7b,model.decoder.layers.29.self_attn.q_proj.weight,opt_2p7b_block_29,29,q_proj,2560x2560,wanda_s90,activation_aware_unstructured,0.9,,2560,2560,655360,0.9,a10ba1a98634cd9f,opt_2p7b.npz
opt_2p7b_l30_o_proj_global_mag_s70,OPT-2.7B,opt_2p7b,model.decoder.layers.30.self_attn.out_proj.weight,opt_2p7b_block_30,30,o_proj,2560x2560,global_mag_s70,unstructured,0.7,,2560,2560,1966080,0.7,742ac1fd4efbb093,
opt_2p7b_l30_o_proj_wanda_s70,OPT-2.7B,opt_2p7b,model.decoder.layers.30.self_attn.out_proj.weight,opt_2p7b_block_30,30,o_proj,2560x2560,wanda_s70,activation_aware_unstructured,0.7,,2560,2560,1966080,0.7,3cb55233bb91fa00,opt_2p7b.npz
opt_2p7b_l30_o_proj_global_mag_s80,OPT-2.7B,opt_2p7b,model.decoder.layers.30.self_attn.out_proj.weight,opt_2p7b_block_30,30,o_proj,2560x2560,global_mag_s80,unstructured,0.8,,2560,2560,1310720,0.8,03e0396dd36ad460,
opt_2p7b_l30_o_proj_wanda_s80,OPT-2.7B,opt_2p7b,model.decoder.layers.30.self_attn.out_proj.weight,opt_2p7b_block_30,30,o_proj,2560x2560,wanda_s80,activation_aware_unstructured,0.8,,2560,2560,1310720,0.8,91e1e9c4799a126f,opt_2p7b.npz
opt_2p7b_l30_o_proj_global_mag_s90,OPT-2.7B,opt_2p7b,model.decoder.layers.30.self_attn.out_proj.weight,opt_2p7b_block_30,30,o_proj,2560x2560,global_mag_s90,unstructured,0.9,,2560,2560,655360,0.9,1a8fe24d587d2c7a,
opt_2p7b_l30_o_proj_wanda_s90,OPT-2.7B,opt_2p7b,model.decoder.layers.30.self_attn.out_proj.weight,opt_2p7b_block_30,30,o_proj,2560x2560,wanda_s90,activation_aware_unstructured,0.9,,2560,2560,655360,0.9,a8c5003ae6178dec,opt_2p7b.npz
opt_2p7b_l30_q_proj_global_mag_s70,OPT-2.7B,opt_2p7b,model.decoder.layers.30.self_attn.q_proj.weight,opt_2p7b_block_30,30,q_proj,2560x2560,global_mag_s70,unstructured,0.7,,2560,2560,1966080,0.7,914eca2f9a20ce87,
opt_2p7b_l30_q_proj_wanda_s70,OPT-2.7B,opt_2p7b,model.decoder.layers.30.self_attn.q_proj.weight,opt_2p7b_block_30,30,q_proj,2560x2560,wanda_s70,activation_aware_unstructured,0.7,,2560,2560,1966080,0.7,9e71866db5de6d68,opt_2p7b.npz
opt_2p7b_l30_q_proj_global_mag_s80,OPT-2.7B,opt_2p7b,model.decoder.layers.30.self_attn.q_proj.weight,opt_2p7b_block_30,30,q_proj,2560x2560,global_mag_s80,unstructured,0.8,,2560,2560,1310720,0.8,2ccb7e0c335f4d7f,
opt_2p7b_l30_q_proj_wanda_s80,OPT-2.7B,opt_2p7b,model.decoder.layers.30.self_attn.q_proj.weight,opt_2p7b_block_30,30,q_proj,2560x2560,wanda_s80,activation_aware_unstructured,0.8,,2560,2560,1310720,0.8,ba822cb8a39dc0ee,opt_2p7b.npz
opt_2p7b_l30_q_proj_global_mag_s90,OPT-2.7B,opt_2p7b,model.decoder.layers.30.self_attn.q_proj.weight,opt_2p7b_block_30,30,q_proj,2560x2560,global_mag_s90,unstructured,0.9,,2560,2560,655360,0.9,9ee6dcf5faadc145,
opt_2p7b_l30_q_proj_wanda_s90,OPT-2.7B,opt_2p7b,model.decoder.layers.30.self_attn.q_proj.weight,opt_2p7b_block_30,30,q_proj,2560x2560,wanda_s90,activation_aware_unstructured,0.9,,2560,2560,655360,0.9,bcc83c9ee9662109,opt_2p7b.npz
mistral7b_v03_l01_o_proj_global_mag_s70,Mistral-7B-v0.3,mistral7b_v03,model.layers.1.self_attn.o_proj.weight,mistral7b_v03_block_01,1,o_proj,4096x4096,global_mag_s70,unstructured,0.7,,4096,4096,5033165,0.699999988079071,782fe465b1f33f39,
mistral7b_v03_l01_o_proj_wanda_s70,Mistral-7B-v0.3,mistral7b_v03,model.layers.1.self_attn.o_proj.weight,mistral7b_v03_block_01,1,o_proj,4096x4096,wanda_s70,activation_aware_unstructured,0.7,,4096,4096,5033165,0.699999988079071,c5f506f21e602a92,mistral7b_v03.npz
mistral7b_v03_l01_o_proj_global_mag_s80,Mistral-7B-v0.3,mistral7b_v03,model.layers.1.self_attn.o_proj.weight,mistral7b_v03_block_01,1,o_proj,4096x4096,global_mag_s80,unstructured,0.8,,4096,4096,3355443,0.800000011920929,17fc60b776b2b6bf,
mistral7b_v03_l01_o_proj_wanda_s80,Mistral-7B-v0.3,mistral7b_v03,model.layers.1.self_attn.o_proj.weight,mistral7b_v03_block_01,1,o_proj,4096x4096,wanda_s80,activation_aware_unstructured,0.8,,4096,4096,3355443,0.800000011920929,615c433dfa393f27,mistral7b_v03.npz
mistral7b_v03_l01_o_proj_global_mag_s90,Mistral-7B-v0.3,mistral7b_v03,model.layers.1.self_attn.o_proj.weight,mistral7b_v03_block_01,1,o_proj,4096x4096,global_mag_s90,unstructured,0.9,,4096,4096,1677722,0.8999999761581421,2ee701562549735f,
mistral7b_v03_l01_o_proj_wanda_s90,Mistral-7B-v0.3,mistral7b_v03,model.layers.1.self_attn.o_proj.weight,mistral7b_v03_block_01,1,o_proj,4096x4096,wanda_s90,activation_aware_unstructured,0.9,,4096,4096,1677722,0.8999999761581421,3ede9f59db663be4,mistral7b_v03.npz
mistral7b_v03_l01_q_proj_global_mag_s70,Mistral-7B-v0.3,mistral7b_v03,model.layers.1.self_attn.q_proj.weight,mistral7b_v03_block_01,1,q_proj,4096x4096,global_mag_s70,unstructured,0.7,,4096,4096,5033165,0.699999988079071,0bd340053654003b,
mistral7b_v03_l01_q_proj_wanda_s70,Mistral-7B-v0.3,mistral7b_v03,model.layers.1.self_attn.q_proj.weight,mistral7b_v03_block_01,1,q_proj,4096x4096,wanda_s70,activation_aware_unstructured,0.7,,4096,4096,5033165,0.699999988079071,f81d6f61e5f209f9,mistral7b_v03.npz
mistral7b_v03_l01_q_proj_global_mag_s80,Mistral-7B-v0.3,mistral7b_v03,model.layers.1.self_attn.q_proj.weight,mistral7b_v03_block_01,1,q_proj,4096x4096,global_mag_s80,unstructured,0.8,,4096,4096,3355443,0.800000011920929,7f5fa09bcd4ecb0e,
mistral7b_v03_l01_q_proj_wanda_s80,Mistral-7B-v0.3,mistral7b_v03,model.layers.1.self_attn.q_proj.weight,mistral7b_v03_block_01,1,q_proj,4096x4096,wanda_s80,activation_aware_unstructured,0.8,,4096,4096,3355443,0.800000011920929,8331b80287a5b7aa,mistral7b_v03.npz
mistral7b_v03_l01_q_proj_global_mag_s90,Mistral-7B-v0.3,mistral7b_v03,model.layers.1.self_attn.q_proj.weight,mistral7b_v03_block_01,1,q_proj,4096x4096,global_mag_s90,unstructured,0.9,,4096,4096,1677722,0.8999999761581421,a4027ea9760166e9,
mistral7b_v03_l01_q_proj_wanda_s90,Mistral-7B-v0.3,mistral7b_v03,model.layers.1.self_attn.q_proj.weight,mistral7b_v03_block_01,1,q_proj,4096x4096,wanda_s90,activation_aware_unstructured,0.9,,4096,4096,1677722,0.8999999761581421,f96c81dfe2274955,mistral7b_v03.npz
mistral7b_v03_l02_o_proj_global_mag_s70,Mistral-7B-v0.3,mistral7b_v03,model.layers.2.self_attn.o_proj.weight,mistral7b_v03_block_02,2,o_proj,4096x4096,global_mag_s70,unstructured,0.7,,4096,4096,5033165,0.699999988079071,10517a0bb0a359c6,
mistral7b_v03_l02_o_proj_wanda_s70,Mistral-7B-v0.3,mistral7b_v03,model.layers.2.self_attn.o_proj.weight,mistral7b_v03_block_02,2,o_proj,4096x4096,wanda_s70,activation_aware_unstructured,0.7,,4096,4096,5033165,0.699999988079071,1361d9b6129a67fb,mistral7b_v03.npz
mistral7b_v03_l02_o_proj_global_mag_s80,Mistral-7B-v0.3,mistral7b_v03,model.layers.2.self_attn.o_proj.weight,mistral7b_v03_block_02,2,o_proj,4096x4096,global_mag_s80,unstructured,0.8,,4096,4096,3355443,0.800000011920929,068327a44863663e,
mistral7b_v03_l02_o_proj_wanda_s80,Mistral-7B-v0.3,mistral7b_v03,model.layers.2.self_attn.o_proj.weight,mistral7b_v03_block_02,2,o_proj,4096x4096,wanda_s80,activation_aware_unstructured,0.8,,4096,4096,3355443,0.800000011920929,5a6be9b4a872e021,mistral7b_v03.npz
mistral7b_v03_l02_o_proj_global_mag_s90,Mistral-7B-v0.3,mistral7b_v03,model.layers.2.self_attn.o_proj.weight,mistral7b_v03_block_02,2,o_proj,4096x4096,global_mag_s90,unstructured,0.9,,4096,4096,1677722,0.8999999761581421,fce7a64949de668c,
mistral7b_v03_l02_o_proj_wanda_s90,Mistral-7B-v0.3,mistral7b_v03,model.layers.2.self_attn.o_proj.weight,mistral7b_v03_block_02,2,o_proj,4096x4096,wanda_s90,activation_aware_unstructured,0.9,,4096,4096,1677722,0.8999999761581421,9d6da4508944e08e,mistral7b_v03.npz
mistral7b_v03_l02_q_proj_global_mag_s70,Mistral-7B-v0.3,mistral7b_v03,model.layers.2.self_attn.q_proj.weight,mistral7b_v03_block_02,2,q_proj,4096x4096,global_mag_s70,unstructured,0.7,,4096,4096,5033165,0.699999988079071,54189a3624706534,
mistral7b_v03_l02_q_proj_wanda_s70,Mistral-7B-v0.3,mistral7b_v03,model.layers.2.self_attn.q_proj.weight,mistral7b_v03_block_02,2,q_proj,4096x4096,wanda_s70,activation_aware_unstructured,0.7,,4096,4096,5033165,0.699999988079071,6c990a6953b4bb7a,mistral7b_v03.npz
mistral7b_v03_l02_q_proj_global_mag_s80,Mistral-7B-v0.3,mistral7b_v03,model.layers.2.self_attn.q_proj.weight,mistral7b_v03_block_02,2,q_proj,4096x4096,global_mag_s80,unstructured,0.8,,4096,4096,3355443,0.800000011920929,c4a9cae41995b121,
mistral7b_v03_l02_q_proj_wanda_s80,Mistral-7B-v0.3,mistral7b_v03,model.layers.2.self_attn.q_proj.weight,mistral7b_v03_block_02,2,q_proj,4096x4096,wanda_s80,activation_aware_unstructured,0.8,,4096,4096,3355443,0.800000011920929,f7c3fdfb7a098a1f,mistral7b_v03.npz
mistral7b_v03_l02_q_proj_global_mag_s90,Mistral-7B-v0.3,mistral7b_v03,model.layers.2.self_attn.q_proj.weight,mistral7b_v03_block_02,2,q_proj,4096x4096,global_mag_s90,unstructured,0.9,,4096,4096,1677722,0.8999999761581421,65d655169189127c,
mistral7b_v03_l02_q_proj_wanda_s90,Mistral-7B-v0.3,mistral7b_v03,model.layers.2.self_attn.q_proj.weight,mistral7b_v03_block_02,2,q_proj,4096x4096,wanda_s90,activation_aware_unstructured,0.9,,4096,4096,1677722,0.8999999761581421,0aac8992f3221bca,mistral7b_v03.npz
mistral7b_v03_l03_o_proj_global_mag_s70,Mistral-7B-v0.3,mistral7b_v03,model.layers.3.self_attn.o_proj.weight,mistral7b_v03_block_03,3,o_proj,4096x4096,global_mag_s70,unstructured,0.7,,4096,4096,5033165,0.699999988079071,e1f2e6d2a78542e9,
mistral7b_v03_l03_o_proj_wanda_s70,Mistral-7B-v0.3,mistral7b_v03,model.layers.3.self_attn.o_proj.weight,mistral7b_v03_block_03,3,o_proj,4096x4096,wanda_s70,activation_aware_unstructured,0.7,,4096,4096,5033165,0.699999988079071,f65cba871ea10cef,mistral7b_v03.npz
mistral7b_v03_l03_o_proj_global_mag_s80,Mistral-7B-v0.3,mistral7b_v03,model.layers.3.self_attn.o_proj.weight,mistral7b_v03_block_03,3,o_proj,4096x4096,global_mag_s80,unstructured,0.8,,4096,4096,3355443,0.800000011920929,6315096acd51426c,
mistral7b_v03_l03_o_proj_wanda_s80,Mistral-7B-v0.3,mistral7b_v03,model.layers.3.self_attn.o_proj.weight,mistral7b_v03_block_03,3,o_proj,4096x4096,wanda_s80,activation_aware_unstructured,0.8,,4096,4096,3355443,0.800000011920929,79e44551e04928cb,mistral7b_v03.npz
mistral7b_v03_l03_o_proj_global_mag_s90,Mistral-7B-v0.3,mistral7b_v03,model.layers.3.self_attn.o_proj.weight,mistral7b_v03_block_03,3,o_proj,4096x4096,global_mag_s90,unstructured,0.9,,4096,4096,1677722,0.8999999761581421,3084fee183bad9be,
mistral7b_v03_l03_o_proj_wanda_s90,Mistral-7B-v0.3,mistral7b_v03,model.layers.3.self_attn.o_proj.weight,mistral7b_v03_block_03,3,o_proj,4096x4096,wanda_s90,activation_aware_unstructured,0.9,,4096,4096,1677722,0.8999999761581421,8bf3eea1be87fee8,mistral7b_v03.npz
mistral7b_v03_l03_q_proj_global_mag_s70,Mistral-7B-v0.3,mistral7b_v03,model.layers.3.self_attn.q_proj.weight,mistral7b_v03_block_03,3,q_proj,4096x4096,global_mag_s70,unstructured,0.7,,4096,4096,5033165,0.699999988079071,25febb36f86d895d,
mistral7b_v03_l03_q_proj_wanda_s70,Mistral-7B-v0.3,mistral7b_v03,model.layers.3.self_attn.q_proj.weight,mistral7b_v03_block_03,3,q_proj,4096x4096,wanda_s70,activation_aware_unstructured,0.7,,4096,4096,5033165,0.699999988079071,596b007017b48fd2,mistral7b_v03.npz
mistral7b_v03_l03_q_proj_global_mag_s80,Mistral-7B-v0.3,mistral7b_v03,model.layers.3.self_attn.q_proj.weight,mistral7b_v03_block_03,3,q_proj,4096x4096,global_mag_s80,unstructured,0.8,,4096,4096,3355443,0.800000011920929,c91de761734daba8,
mistral7b_v03_l03_q_proj_wanda_s80,Mistral-7B-v0.3,mistral7b_v03,model.layers.3.self_attn.q_proj.weight,mistral7b_v03_block_03,3,q_proj,4096x4096,wanda_s80,activation_aware_unstructured,0.8,,4096,4096,3355443,0.800000011920929,3e753cfef30a471a,mistral7b_v03.npz
mistral7b_v03_l03_q_proj_global_mag_s90,Mistral-7B-v0.3,mistral7b_v03,model.layers.3.self_attn.q_proj.weight,mistral7b_v03_block_03,3,q_proj,4096x4096,global_mag_s90,unstructured,0.9,,4096,4096,1677722,0.8999999761581421,29d06eaab1759b83,
mistral7b_v03_l03_q_proj_wanda_s90,Mistral-7B-v0.3,mistral7b_v03,model.layers.3.self_attn.q_proj.weight,mistral7b_v03_block_03,3,q_proj,4096x4096,wanda_s90,activation_aware_unstructured,0.9,,4096,4096,1677722,0.8999999761581421,f0cca5a20163e7fc,mistral7b_v03.npz
mistral7b_v03_l05_o_proj_global_mag_s70,Mistral-7B-v0.3,mistral7b_v03,model.layers.5.self_attn.o_proj.weight,mistral7b_v03_block_05,5,o_proj,4096x4096,global_mag_s70,unstructured,0.7,,4096,4096,5033165,0.699999988079071,c1d6390e81cb88ce,
mistral7b_v03_l05_o_proj_wanda_s70,Mistral-7B-v0.3,mistral7b_v03,model.layers.5.self_attn.o_proj.weight,mistral7b_v03_block_05,5,o_proj,4096x4096,wanda_s70,activation_aware_unstructured,0.7,,4096,4096,5033165,0.699999988079071,ae5a36982fde807b,mistral7b_v03.npz
mistral7b_v03_l05_o_proj_global_mag_s80,Mistral-7B-v0.3,mistral7b_v03,model.layers.5.self_attn.o_proj.weight,mistral7b_v03_block_05,5,o_proj,4096x4096,global_mag_s80,unstructured,0.8,,4096,4096,3355443,0.800000011920929,41c4c90274fb6974,
mistral7b_v03_l05_o_proj_wanda_s80,Mistral-7B-v0.3,mistral7b_v03,model.layers.5.self_attn.o_proj.weight,mistral7b_v03_block_05,5,o_proj,4096x4096,wanda_s80,activation_aware_unstructured,0.8,,4096,4096,3355443,0.800000011920929,111030b77fce5ecb,mistral7b_v03.npz
mistral7b_v03_l05_o_proj_global_mag_s90,Mistral-7B-v0.3,mistral7b_v03,model.layers.5.self_attn.o_proj.weight,mistral7b_v03_block_05,5,o_proj,4096x4096,global_mag_s90,unstructured,0.9,,4096,4096,1677722,0.8999999761581421,355b83e63ca81f63,
mistral7b_v03_l05_o_proj_wanda_s90,Mistral-7B-v0.3,mistral7b_v03,model.layers.5.self_attn.o_proj.weight,mistral7b_v03_block_05,5,o_proj,4096x4096,wanda_s90,activation_aware_unstructured,0.9,,4096,4096,1677722,0.8999999761581421,03bf3eb349993fba,mistral7b_v03.npz
mistral7b_v03_l05_q_proj_global_mag_s70,Mistral-7B-v0.3,mistral7b_v03,model.layers.5.self_attn.q_proj.weight,mistral7b_v03_block_05,5,q_proj,4096x4096,global_mag_s70,unstructured,0.7,,4096,4096,5033165,0.699999988079071,69c2f9ad788d7946,
mistral7b_v03_l05_q_proj_wanda_s70,Mistral-7B-v0.3,mistral7b_v03,model.layers.5.self_attn.q_proj.weight,mistral7b_v03_block_05,5,q_proj,4096x4096,wanda_s70,activation_aware_unstructured,0.7,,4096,4096,5033165,0.699999988079071,6a27fabfe74308bd,mistral7b_v03.npz
mistral7b_v03_l05_q_proj_global_mag_s80,Mistral-7B-v0.3,mistral7b_v03,model.layers.5.self_attn.q_proj.weight,mistral7b_v03_block_05,5,q_proj,4096x4096,global_mag_s80,unstructured,0.8,,4096,4096,3355443,0.800000011920929,5cd51d25f236e51f,
mistral7b_v03_l05_q_proj_wanda_s80,Mistral-7B-v0.3,mistral7b_v03,model.layers.5.self_attn.q_proj.weight,mistral7b_v03_block_05,5,q_proj,4096x4096,wanda_s80,activation_aware_unstructured,0.8,,4096,4096,3355443,0.800000011920929,b220ff241a33bcf0,mistral7b_v03.npz
mistral7b_v03_l05_q_proj_global_mag_s90,Mistral-7B-v0.3,mistral7b_v03,model.layers.5.self_attn.q_proj.weight,mistral7b_v03_block_05,5,q_proj,4096x4096,global_mag_s90,unstructured,0.9,,4096,4096,1677722,0.8999999761581421,342d4d217377947d,
mistral7b_v03_l05_q_proj_wanda_s90,Mistral-7B-v0.3,mistral7b_v03,model.layers.5.self_attn.q_proj.weight,mistral7b_v03_block_05,5,q_proj,4096x4096,wanda_s90,activation_aware_unstructured,0.9,,4096,4096,1677722,0.8999999761581421,76cc8e3abb320054,mistral7b_v03.npz
mistral7b_v03_l06_o_proj_global_mag_s70,Mistral-7B-v0.3,mistral7b_v03,model.layers.6.self_attn.o_proj.weight,mistral7b_v03_block_06,6,o_proj,4096x4096,global_mag_s70,unstructured,0.7,,4096,4096,5033165,0.699999988079071,9017cccbb9344000,
mistral7b_v03_l06_o_proj_wanda_s70,Mistral-7B-v0.3,mistral7b_v03,model.layers.6.self_attn.o_proj.weight,mistral7b_v03_block_06,6,o_proj,4096x4096,wanda_s70,activation_aware_unstructured,0.7,,4096,4096,5033165,0.699999988079071,14140b9327893d3f,mistral7b_v03.npz
mistral7b_v03_l06_o_proj_global_mag_s80,Mistral-7B-v0.3,mistral7b_v03,model.layers.6.self_attn.o_proj.weight,mistral7b_v03_block_06,6,o_proj,4096x4096,global_mag_s80,unstructured,0.8,,4096,4096,3355443,0.800000011920929,7746edfab564fee0,
mistral7b_v03_l06_o_proj_wanda_s80,Mistral-7B-v0.3,mistral7b_v03,model.layers.6.self_attn.o_proj.weight,mistral7b_v03_block_06,6,o_proj,4096x4096,wanda_s80,activation_aware_unstructured,0.8,,4096,4096,3355443,0.800000011920929,2d77aa138fb7cc28,mistral7b_v03.npz
mistral7b_v03_l06_o_proj_global_mag_s90,Mistral-7B-v0.3,mistral7b_v03,model.layers.6.self_attn.o_proj.weight,mistral7b_v03_block_06,6,o_proj,4096x4096,global_mag_s90,unstructured,0.9,,4096,4096,1677722,0.8999999761581421,84101c7412437e52,
mistral7b_v03_l06_o_proj_wanda_s90,Mistral-7B-v0.3,mistral7b_v03,model.layers.6.self_attn.o_proj.weight,mistral7b_v03_block_06,6,o_proj,4096x4096,wanda_s90,activation_aware_unstructured,0.9,,4096,4096,1677722,0.8999999761581421,e401594e42739283,mistral7b_v03.npz
mistral7b_v03_l06_q_proj_global_mag_s70,Mistral-7B-v0.3,mistral7b_v03,model.layers.6.self_attn.q_proj.weight,mistral7b_v03_block_06,6,q_proj,4096x4096,global_mag_s70,unstructured,0.7,,4096,4096,5033165,0.699999988079071,d5a31f8a15d9a9c9,
mistral7b_v03_l06_q_proj_wanda_s70,Mistral-7B-v0.3,mistral7b_v03,model.layers.6.self_attn.q_proj.weight,mistral7b_v03_block_06,6,q_proj,4096x4096,wanda_s70,activation_aware_unstructured,0.7,,4096,4096,5033165,0.699999988079071,fff39950ddfd42db,mistral7b_v03.npz
mistral7b_v03_l06_q_proj_global_mag_s80,Mistral-7B-v0.3,mistral7b_v03,model.layers.6.self_attn.q_proj.weight,mistral7b_v03_block_06,6,q_proj,4096x4096,global_mag_s80,unstructured,0.8,,4096,4096,3355443,0.800000011920929,a3c2916a4febdb8d,
mistral7b_v03_l06_q_proj_wanda_s80,Mistral-7B-v0.3,mistral7b_v03,model.layers.6.self_attn.q_proj.weight,mistral7b_v03_block_06,6,q_proj,4096x4096,wanda_s80,activation_aware_unstructured,0.8,,4096,4096,3355443,0.800000011920929,d2378bcc39365f01,mistral7b_v03.npz
mistral7b_v03_l06_q_proj_global_mag_s90,Mistral-7B-v0.3,mistral7b_v03,model.layers.6.self_attn.q_proj.weight,mistral7b_v03_block_06,6,q_proj,4096x4096,global_mag_s90,unstructured,0.9,,4096,4096,1677722,0.8999999761581421,e282698103f46121,
mistral7b_v03_l06_q_proj_wanda_s90,Mistral-7B-v0.3,mistral7b_v03,model.layers.6.self_attn.q_proj.weight,mistral7b_v03_block_06,6,q_proj,4096x4096,wanda_s90,activation_aware_unstructured,0.9,,4096,4096,1677722,0.8999999761581421,f24051eeb8211e30,mistral7b_v03.npz
mistral7b_v03_l07_o_proj_global_mag_s70,Mistral-7B-v0.3,mistral7b_v03,model.layers.7.self_attn.o_proj.weight,mistral7b_v03_block_07,7,o_proj,4096x4096,global_mag_s70,unstructured,0.7,,4096,4096,5033165,0.699999988079071,d73e9a9ae7b07e34,
mistral7b_v03_l07_o_proj_wanda_s70,Mistral-7B-v0.3,mistral7b_v03,model.layers.7.self_attn.o_proj.weight,mistral7b_v03_block_07,7,o_proj,4096x4096,wanda_s70,activation_aware_unstructured,0.7,,4096,4096,5033165,0.699999988079071,0479e08715b0d9f7,mistral7b_v03.npz
mistral7b_v03_l07_o_proj_global_mag_s80,Mistral-7B-v0.3,mistral7b_v03,model.layers.7.self_attn.o_proj.weight,mistral7b_v03_block_07,7,o_proj,4096x4096,global_mag_s80,unstructured,0.8,,4096,4096,3355443,0.800000011920929,90efcc32515feb39,
mistral7b_v03_l07_o_proj_wanda_s80,Mistral-7B-v0.3,mistral7b_v03,model.layers.7.self_attn.o_proj.weight,mistral7b_v03_block_07,7,o_proj,4096x4096,wanda_s80,activation_aware_unstructured,0.8,,4096,4096,3355443,0.800000011920929,65c599b165ef7d93,mistral7b_v03.npz
mistral7b_v03_l07_o_proj_global_mag_s90,Mistral-7B-v0.3,mistral7b_v03,model.layers.7.self_attn.o_proj.weight,mistral7b_v03_block_07,7,o_proj,4096x4096,global_mag_s90,unstructured,0.9,,4096,4096,1677722,0.8999999761581421,ba29a80a78995293,
mistral7b_v03_l07_o_proj_wanda_s90,Mistral-7B-v0.3,mistral7b_v03,model.layers.7.self_attn.o_proj.weight,mistral7b_v03_block_07,7,o_proj,4096x4096,wanda_s90,activation_aware_unstructured,0.9,,4096,4096,1677722,0.8999999761581421,043d80dc240cbd64,mistral7b_v03.npz
mistral7b_v03_l07_q_proj_global_mag_s70,Mistral-7B-v0.3,mistral7b_v03,model.layers.7.self_attn.q_proj.weight,mistral7b_v03_block_07,7,q_proj,4096x4096,global_mag_s70,unstructured,0.7,,4096,4096,5033165,0.699999988079071,5db70837c58a89a2,
mistral7b_v03_l07_q_proj_wanda_s70,Mistral-7B-v0.3,mistral7b_v03,model.layers.7.self_attn.q_proj.weight,mistral7b_v03_block_07,7,q_proj,4096x4096,wanda_s70,activation_aware_unstructured,0.7,,4096,4096,5033165,0.699999988079071,04dd5a5bbca918c6,mistral7b_v03.npz
mistral7b_v03_l07_q_proj_global_mag_s80,Mistral-7B-v0.3,mistral7b_v03,model.layers.7.self_attn.q_proj.weight,mistral7b_v03_block_07,7,q_proj,4096x4096,global_mag_s80,unstructured,0.8,,4096,4096,3355443,0.800000011920929,6a9021dfe77f26ca,
mistral7b_v03_l07_q_proj_wanda_s80,Mistral-7B-v0.3,mistral7b_v03,model.layers.7.self_attn.q_proj.weight,mistral7b_v03_block_07,7,q_proj,4096x4096,wanda_s80,activation_aware_unstructured,0.8,,4096,4096,3355443,0.800000011920929,bb1645bad5c120e9,mistral7b_v03.npz
mistral7b_v03_l07_q_proj_global_mag_s90,Mistral-7B-v0.3,mistral7b_v03,model.layers.7.self_attn.q_proj.weight,mistral7b_v03_block_07,7,q_proj,4096x4096,global_mag_s90,unstructured,0.9,,4096,4096,1677722,0.8999999761581421,203fee421e890a1f,
mistral7b_v03_l07_q_proj_wanda_s90,Mistral-7B-v0.3,mistral7b_v03,model.layers.7.self_attn.q_proj.weight,mistral7b_v03_block_07,7,q_proj,4096x4096,wanda_s90,activation_aware_unstructured,0.9,,4096,4096,1677722,0.8999999761581421,c67178620553d5df,mistral7b_v03.npz
mistral7b_v03_l09_o_proj_global_mag_s70,Mistral-7B-v0.3,mistral7b_v03,model.layers.9.self_attn.o_proj.weight,mistral7b_v03_block_09,9,o_proj,4096x4096,global_mag_s70,unstructured,0.7,,4096,4096,5033165,0.699999988079071,95ad37054306e818,
mistral7b_v03_l09_o_proj_wanda_s70,Mistral-7B-v0.3,mistral7b_v03,model.layers.9.self_attn.o_proj.weight,mistral7b_v03_block_09,9,o_proj,4096x4096,wanda_s70,activation_aware_unstructured,0.7,,4096,4096,5033165,0.699999988079071,f89ee545db4fa295,mistral7b_v03.npz
mistral7b_v03_l09_o_proj_global_mag_s80,Mistral-7B-v0.3,mistral7b_v03,model.layers.9.self_attn.o_proj.weight,mistral7b_v03_block_09,9,o_proj,4096x4096,global_mag_s80,unstructured,0.8,,4096,4096,3355443,0.800000011920929,456ffc088004c237,
mistral7b_v03_l09_o_proj_wanda_s80,Mistral-7B-v0.3,mistral7b_v03,model.layers.9.self_attn.o_proj.weight,mistral7b_v03_block_09,9,o_proj,4096x4096,wanda_s80,activation_aware_unstructured,0.8,,4096,4096,3355443,0.800000011920929,661addd5050b585e,mistral7b_v03.npz
mistral7b_v03_l09_o_proj_global_mag_s90,Mistral-7B-v0.3,mistral7b_v03,model.layers.9.self_attn.o_proj.weight,mistral7b_v03_block_09,9,o_proj,4096x4096,global_mag_s90,unstructured,0.9,,4096,4096,1677722,0.8999999761581421,2dec90ed100d9c33,
mistral7b_v03_l09_o_proj_wanda_s90,Mistral-7B-v0.3,mistral7b_v03,model.layers.9.self_attn.o_proj.weight,mistral7b_v03_block_09,9,o_proj,4096x4096,wanda_s90,activation_aware_unstructured,0.9,,4096,4096,1677722,0.8999999761581421,c31b21030594b1be,mistral7b_v03.npz
mistral7b_v03_l09_q_proj_global_mag_s70,Mistral-7B-v0.3,mistral7b_v03,model.layers.9.self_attn.q_proj.weight,mistral7b_v03_block_09,9,q_proj,4096x4096,global_mag_s70,unstructured,0.7,,4096,4096,5033165,0.699999988079071,868e19a871404120,
mistral7b_v03_l09_q_proj_wanda_s70,Mistral-7B-v0.3,mistral7b_v03,model.layers.9.self_attn.q_proj.weight,mistral7b_v03_block_09,9,q_proj,4096x4096,wanda_s70,activation_aware_unstructured,0.7,,4096,4096,5033165,0.699999988079071,49618aeb7d913c8a,mistral7b_v03.npz
mistral7b_v03_l09_q_proj_global_mag_s80,Mistral-7B-v0.3,mistral7b_v03,model.layers.9.self_attn.q_proj.weight,mistral7b_v03_block_09,9,q_proj,4096x4096,global_mag_s80,unstructured,0.8,,4096,4096,3355443,0.800000011920929,434bf709a20c5678,
mistral7b_v03_l09_q_proj_wanda_s80,Mistral-7B-v0.3,mistral7b_v03,model.layers.9.self_attn.q_proj.weight,mistral7b_v03_block_09,9,q_proj,4096x4096,wanda_s80,activation_aware_unstructured,0.8,,4096,4096,3355443,0.800000011920929,6c9b4d24347f3a42,mistral7b_v03.npz
mistral7b_v03_l09_q_proj_global_mag_s90,Mistral-7B-v0.3,mistral7b_v03,model.layers.9.self_attn.q_proj.weight,mistral7b_v03_block_09,9,q_proj,4096x4096,global_mag_s90,unstructured,0.9,,4096,4096,1677722,0.8999999761581421,8051e1833fdca20c,
mistral7b_v03_l09_q_proj_wanda_s90,Mistral-7B-v0.3,mistral7b_v03,model.layers.9.self_attn.q_proj.weight,mistral7b_v03_block_09,9,q_proj,4096x4096,wanda_s90,activation_aware_unstructured,0.9,,4096,4096,1677722,0.8999999761581421,a8ea3ff6ba86af21,mistral7b_v03.npz
mistral7b_v03_l10_o_proj_global_mag_s70,Mistral-7B-v0.3,mistral7b_v03,model.layers.10.self_attn.o_proj.weight,mistral7b_v03_block_10,10,o_proj,4096x4096,global_mag_s70,unstructured,0.7,,4096,4096,5033165,0.699999988079071,4812e1dce8fb781d,
mistral7b_v03_l10_o_proj_wanda_s70,Mistral-7B-v0.3,mistral7b_v03,model.layers.10.self_attn.o_proj.weight,mistral7b_v03_block_10,10,o_proj,4096x4096,wanda_s70,activation_aware_unstructured,0.7,,4096,4096,5033165,0.699999988079071,897eb107632894a7,mistral7b_v03.npz
mistral7b_v03_l10_o_proj_global_mag_s80,Mistral-7B-v0.3,mistral7b_v03,model.layers.10.self_attn.o_proj.weight,mistral7b_v03_block_10,10,o_proj,4096x4096,global_mag_s80,unstructured,0.8,,4096,4096,3355443,0.800000011920929,39a8014e9a9995f7,
mistral7b_v03_l10_o_proj_wanda_s80,Mistral-7B-v0.3,mistral7b_v03,model.layers.10.self_attn.o_proj.weight,mistral7b_v03_block_10,10,o_proj,4096x4096,wanda_s80,activation_aware_unstructured,0.8,,4096,4096,3355443,0.800000011920929,d853d9c2e7587911,mistral7b_v03.npz
mistral7b_v03_l10_o_proj_global_mag_s90,Mistral-7B-v0.3,mistral7b_v03,model.layers.10.self_attn.o_proj.weight,mistral7b_v03_block_10,10,o_proj,4096x4096,global_mag_s90,unstructured,0.9,,4096,4096,1677722,0.8999999761581421,3bceab8ccd915213,
mistral7b_v03_l10_o_proj_wanda_s90,Mistral-7B-v0.3,mistral7b_v03,model.layers.10.self_attn.o_proj.weight,mistral7b_v03_block_10,10,o_proj,4096x4096,wanda_s90,activation_aware_unstructured,0.9,,4096,4096,1677722,0.8999999761581421,e2609337174eb27e,mistral7b_v03.npz
mistral7b_v03_l10_q_proj_global_mag_s70,Mistral-7B-v0.3,mistral7b_v03,model.layers.10.self_attn.q_proj.weight,mistral7b_v03_block_10,10,q_proj,4096x4096,global_mag_s70,unstructured,0.7,,4096,4096,5033165,0.699999988079071,614e9e2cf9f78637,
mistral7b_v03_l10_q_proj_wanda_s70,Mistral-7B-v0.3,mistral7b_v03,model.layers.10.self_attn.q_proj.weight,mistral7b_v03_block_10,10,q_proj,4096x4096,wanda_s70,activation_aware_unstructured,0.7,,4096,4096,5033165,0.699999988079071,b2de3288352d1da2,mistral7b_v03.npz
mistral7b_v03_l10_q_proj_global_mag_s80,Mistral-7B-v0.3,mistral7b_v03,model.layers.10.self_attn.q_proj.weight,mistral7b_v03_block_10,10,q_proj,4096x4096,global_mag_s80,unstructured,0.8,,4096,4096,3355443,0.800000011920929,bc3ce76339dc8f60,
mistral7b_v03_l10_q_proj_wanda_s80,Mistral-7B-v0.3,mistral7b_v03,model.layers.10.self_attn.q_proj.weight,mistral7b_v03_block_10,10,q_proj,4096x4096,wanda_s80,activation_aware_unstructured,0.8,,4096,4096,3355443,0.800000011920929,27c74f919fab1712,mistral7b_v03.npz
mistral7b_v03_l10_q_proj_global_mag_s90,Mistral-7B-v0.3,mistral7b_v03,model.layers.10.self_attn.q_proj.weight,mistral7b_v03_block_10,10,q_proj,4096x4096,global_mag_s90,unstructured,0.9,,4096,4096,1677722,0.8999999761581421,376117235ae734bf,
mistral7b_v03_l10_q_proj_wanda_s90,Mistral-7B-v0.3,mistral7b_v03,model.layers.10.self_attn.q_proj.weight,mistral7b_v03_block_10,10,q_proj,4096x4096,wanda_s90,activation_aware_unstructured,0.9,,4096,4096,1677722,0.8999999761581421,69c6a4a24371dfb6,mistral7b_v03.npz
mistral7b_v03_l11_o_proj_global_mag_s70,Mistral-7B-v0.3,mistral7b_v03,model.layers.11.self_attn.o_proj.weight,mistral7b_v03_block_11,11,o_proj,4096x4096,global_mag_s70,unstructured,0.7,,4096,4096,5033165,0.699999988079071,8beb5ea002390e31,
mistral7b_v03_l11_o_proj_wanda_s70,Mistral-7B-v0.3,mistral7b_v03,model.layers.11.self_attn.o_proj.weight,mistral7b_v03_block_11,11,o_proj,4096x4096,wanda_s70,activation_aware_unstructured,0.7,,4096,4096,5033165,0.699999988079071,3fbdf9c616ef9235,mistral7b_v03.npz
mistral7b_v03_l11_o_proj_global_mag_s80,Mistral-7B-v0.3,mistral7b_v03,model.layers.11.self_attn.o_proj.weight,mistral7b_v03_block_11,11,o_proj,4096x4096,global_mag_s80,unstructured,0.8,,4096,4096,3355443,0.800000011920929,8aa15ffe911ec49e,
mistral7b_v03_l11_o_proj_wanda_s80,Mistral-7B-v0.3,mistral7b_v03,model.layers.11.self_attn.o_proj.weight,mistral7b_v03_block_11,11,o_proj,4096x4096,wanda_s80,activation_aware_unstructured,0.8,,4096,4096,3355443,0.800000011920929,3bf359107f1ede29,mistral7b_v03.npz
mistral7b_v03_l11_o_proj_global_mag_s90,Mistral-7B-v0.3,mistral7b_v03,model.layers.11.self_attn.o_proj.weight,mistral7b_v03_block_11,11,o_proj,4096x4096,global_mag_s90,unstructured,0.9,,4096,4096,1677722,0.8999999761581421,7c74345dde6939e1,
mistral7b_v03_l11_o_proj_wanda_s90,Mistral-7B-v0.3,mistral7b_v03,model.layers.11.self_attn.o_proj.weight,mistral7b_v03_block_11,11,o_proj,4096x4096,wanda_s90,activation_aware_unstructured,0.9,,4096,4096,1677722,0.8999999761581421,54a08914f56a38ea,mistral7b_v03.npz
mistral7b_v03_l11_q_proj_global_mag_s70,Mistral-7B-v0.3,mistral7b_v03,model.layers.11.self_attn.q_proj.weight,mistral7b_v03_block_11,11,q_proj,4096x4096,global_mag_s70,unstructured,0.7,,4096,4096,5033165,0.699999988079071,e121320cd423b483,
mistral7b_v03_l11_q_proj_wanda_s70,Mistral-7B-v0.3,mistral7b_v03,model.layers.11.self_attn.q_proj.weight,mistral7b_v03_block_11,11,q_proj,4096x4096,wanda_s70,activation_aware_unstructured,0.7,,4096,4096,5033165,0.699999988079071,39e18dc96728afe3,mistral7b_v03.npz
mistral7b_v03_l11_q_proj_global_mag_s80,Mistral-7B-v0.3,mistral7b_v03,model.layers.11.self_attn.q_proj.weight,mistral7b_v03_block_11,11,q_proj,4096x4096,global_mag_s80,unstructured,0.8,,4096,4096,3355443,0.800000011920929,c9d1873448896ad7,
mistral7b_v03_l11_q_proj_wanda_s80,Mistral-7B-v0.3,mistral7b_v03,model.layers.11.self_attn.q_proj.weight,mistral7b_v03_block_11,11,q_proj,4096x4096,wanda_s80,activation_aware_unstructured,0.8,,4096,4096,3355443,0.800000011920929,b1c129e04160dcd1,mistral7b_v03.npz
mistral7b_v03_l11_q_proj_global_mag_s90,Mistral-7B-v0.3,mistral7b_v03,model.layers.11.self_attn.q_proj.weight,mistral7b_v03_block_11,11,q_proj,4096x4096,global_mag_s90,unstructured,0.9,,4096,4096,1677722,0.8999999761581421,204942d7b859c13f,
mistral7b_v03_l11_q_proj_wanda_s90,Mistral-7B-v0.3,mistral7b_v03,model.layers.11.self_attn.q_proj.weight,mistral7b_v03_block_11,11,q_proj,4096x4096,wanda_s90,activation_aware_unstructured,0.9,,4096,4096,1677722,0.8999999761581421,3da038faa8743489,mistral7b_v03.npz
mistral7b_v03_l12_o_proj_global_mag_s70,Mistral-7B-v0.3,mistral7b_v03,model.layers.12.self_attn.o_proj.weight,mistral7b_v03_block_12,12,o_proj,4096x4096,global_mag_s70,unstructured,0.7,,4096,4096,5033165,0.699999988079071,2c740efc67069115,
mistral7b_v03_l12_o_proj_wanda_s70,Mistral-7B-v0.3,mistral7b_v03,model.layers.12.self_attn.o_proj.weight,mistral7b_v03_block_12,12,o_proj,4096x4096,wanda_s70,activation_aware_unstructured,0.7,,4096,4096,5033165,0.699999988079071,c9617ac07ab546f0,mistral7b_v03.npz
mistral7b_v03_l12_o_proj_global_mag_s80,Mistral-7B-v0.3,mistral7b_v03,model.layers.12.self_attn.o_proj.weight,mistral7b_v03_block_12,12,o_proj,4096x4096,global_mag_s80,unstructured,0.8,,4096,4096,3355443,0.800000011920929,1034822408d81e13,
mistral7b_v03_l12_o_proj_wanda_s80,Mistral-7B-v0.3,mistral7b_v03,model.layers.12.self_attn.o_proj.weight,mistral7b_v03_block_12,12,o_proj,4096x4096,wanda_s80,activation_aware_unstructured,0.8,,4096,4096,3355443,0.800000011920929,69d7551f9fb80478,mistral7b_v03.npz
mistral7b_v03_l12_o_proj_global_mag_s90,Mistral-7B-v0.3,mistral7b_v03,model.layers.12.self_attn.o_proj.weight,mistral7b_v03_block_12,12,o_proj,4096x4096,global_mag_s90,unstructured,0.9,,4096,4096,1677722,0.8999999761581421,4b57b1b25a079f28,
mistral7b_v03_l12_o_proj_wanda_s90,Mistral-7B-v0.3,mistral7b_v03,model.layers.12.self_attn.o_proj.weight,mistral7b_v03_block_12,12,o_proj,4096x4096,wanda_s90,activation_aware_unstructured,0.9,,4096,4096,1677722,0.8999999761581421,a3703aefa7575ceb,mistral7b_v03.npz
mistral7b_v03_l12_q_proj_global_mag_s70,Mistral-7B-v0.3,mistral7b_v03,model.layers.12.self_attn.q_proj.weight,mistral7b_v03_block_12,12,q_proj,4096x4096,global_mag_s70,unstructured,0.7,,4096,4096,5033165,0.699999988079071,94b6bd0ebc530162,
mistral7b_v03_l12_q_proj_wanda_s70,Mistral-7B-v0.3,mistral7b_v03,model.layers.12.self_attn.q_proj.weight,mistral7b_v03_block_12,12,q_proj,4096x4096,wanda_s70,activation_aware_unstructured,0.7,,4096,4096,5033165,0.699999988079071,a80fc4139e016e2a,mistral7b_v03.npz
mistral7b_v03_l12_q_proj_global_mag_s80,Mistral-7B-v0.3,mistral7b_v03,model.layers.12.self_attn.q_proj.weight,mistral7b_v03_block_12,12,q_proj,4096x4096,global_mag_s80,unstructured,0.8,,4096,4096,3355443,0.800000011920929,c048a8cb083f18cc,
mistral7b_v03_l12_q_proj_wanda_s80,Mistral-7B-v0.3,mistral7b_v03,model.layers.12.self_attn.q_proj.weight,mistral7b_v03_block_12,12,q_proj,4096x4096,wanda_s80,activation_aware_unstructured,0.8,,4096,4096,3355443,0.800000011920929,344a6cc4f3071690,mistral7b_v03.npz
mistral7b_v03_l12_q_proj_global_mag_s90,Mistral-7B-v0.3,mistral7b_v03,model.layers.12.self_attn.q_proj.weight,mistral7b_v03_block_12,12,q_proj,4096x4096,global_mag_s90,unstructured,0.9,,4096,4096,1677722,0.8999999761581421,d3007ec7c0a605fd,
mistral7b_v03_l12_q_proj_wanda_s90,Mistral-7B-v0.3,mistral7b_v03,model.layers.12.self_attn.q_proj.weight,mistral7b_v03_block_12,12,q_proj,4096x4096,wanda_s90,activation_aware_unstructured,0.9,,4096,4096,1677722,0.8999999761581421,b9096273804766d3,mistral7b_v03.npz
mistral7b_v03_l14_o_proj_global_mag_s70,Mistral-7B-v0.3,mistral7b_v03,model.layers.14.self_attn.o_proj.weight,mistral7b_v03_block_14,14,o_proj,4096x4096,global_mag_s70,unstructured,0.7,,4096,4096,5033165,0.699999988079071,02992415b8698b30,
mistral7b_v03_l14_o_proj_wanda_s70,Mistral-7B-v0.3,mistral7b_v03,model.layers.14.self_attn.o_proj.weight,mistral7b_v03_block_14,14,o_proj,4096x4096,wanda_s70,activation_aware_unstructured,0.7,,4096,4096,5033165,0.699999988079071,fa3033965e75ae2b,mistral7b_v03.npz
mistral7b_v03_l14_o_proj_global_mag_s80,Mistral-7B-v0.3,mistral7b_v03,model.layers.14.self_attn.o_proj.weight,mistral7b_v03_block_14,14,o_proj,4096x4096,global_mag_s80,unstructured,0.8,,4096,4096,3355443,0.800000011920929,4e215a86dcbcd5f2,
mistral7b_v03_l14_o_proj_wanda_s80,Mistral-7B-v0.3,mistral7b_v03,model.layers.14.self_attn.o_proj.weight,mistral7b_v03_block_14,14,o_proj,4096x4096,wanda_s80,activation_aware_unstructured,0.8,,4096,4096,3355443,0.800000011920929,8271f5397031d7af,mistral7b_v03.npz
mistral7b_v03_l14_o_proj_global_mag_s90,Mistral-7B-v0.3,mistral7b_v03,model.layers.14.self_attn.o_proj.weight,mistral7b_v03_block_14,14,o_proj,4096x4096,global_mag_s90,unstructured,0.9,,4096,4096,1677722,0.8999999761581421,378a9f4e6d755b53,
mistral7b_v03_l14_o_proj_wanda_s90,Mistral-7B-v0.3,mistral7b_v03,model.layers.14.self_attn.o_proj.weight,mistral7b_v03_block_14,14,o_proj,4096x4096,wanda_s90,activation_aware_unstructured,0.9,,4096,4096,1677722,0.8999999761581421,5007b4e63360426f,mistral7b_v03.npz
mistral7b_v03_l14_q_proj_global_mag_s70,Mistral-7B-v0.3,mistral7b_v03,model.layers.14.self_attn.q_proj.weight,mistral7b_v03_block_14,14,q_proj,4096x4096,global_mag_s70,unstructured,0.7,,4096,4096,5033165,0.699999988079071,3845273767f7377e,
mistral7b_v03_l14_q_proj_wanda_s70,Mistral-7B-v0.3,mistral7b_v03,model.layers.14.self_attn.q_proj.weight,mistral7b_v03_block_14,14,q_proj,4096x4096,wanda_s70,activation_aware_unstructured,0.7,,4096,4096,5033165,0.699999988079071,697396175002e258,mistral7b_v03.npz
mistral7b_v03_l14_q_proj_global_mag_s80,Mistral-7B-v0.3,mistral7b_v03,model.layers.14.self_attn.q_proj.weight,mistral7b_v03_block_14,14,q_proj,4096x4096,global_mag_s80,unstructured,0.8,,4096,4096,3355443,0.800000011920929,bc8325a9e3b4e2a4,
mistral7b_v03_l14_q_proj_wanda_s80,Mistral-7B-v0.3,mistral7b_v03,model.layers.14.self_attn.q_proj.weight,mistral7b_v03_block_14,14,q_proj,4096x4096,wanda_s80,activation_aware_unstructured,0.8,,4096,4096,3355443,0.800000011920929,9960d638c965167b,mistral7b_v03.npz
mistral7b_v03_l14_q_proj_global_mag_s90,Mistral-7B-v0.3,mistral7b_v03,model.layers.14.self_attn.q_proj.weight,mistral7b_v03_block_14,14,q_proj,4096x4096,global_mag_s90,unstructured,0.9,,4096,4096,1677722,0.8999999761581421,7f364eea30e313fe,
mistral7b_v03_l14_q_proj_wanda_s90,Mistral-7B-v0.3,mistral7b_v03,model.layers.14.self_attn.q_proj.weight,mistral7b_v03_block_14,14,q_proj,4096x4096,wanda_s90,activation_aware_unstructured,0.9,,4096,4096,1677722,0.8999999761581421,4aff68be77c34a69,mistral7b_v03.npz
mistral7b_v03_l15_o_proj_global_mag_s70,Mistral-7B-v0.3,mistral7b_v03,model.layers.15.self_attn.o_proj.weight,mistral7b_v03_block_15,15,o_proj,4096x4096,global_mag_s70,unstructured,0.7,,4096,4096,5033165,0.699999988079071,388e2704d9de7a8f,
mistral7b_v03_l15_o_proj_wanda_s70,Mistral-7B-v0.3,mistral7b_v03,model.layers.15.self_attn.o_proj.weight,mistral7b_v03_block_15,15,o_proj,4096x4096,wanda_s70,activation_aware_unstructured,0.7,,4096,4096,5033165,0.699999988079071,af9fa6875284a030,mistral7b_v03.npz
mistral7b_v03_l15_o_proj_global_mag_s80,Mistral-7B-v0.3,mistral7b_v03,model.layers.15.self_attn.o_proj.weight,mistral7b_v03_block_15,15,o_proj,4096x4096,global_mag_s80,unstructured,0.8,,4096,4096,3355443,0.800000011920929,ac54ef7bf0638774,
mistral7b_v03_l15_o_proj_wanda_s80,Mistral-7B-v0.3,mistral7b_v03,model.layers.15.self_attn.o_proj.weight,mistral7b_v03_block_15,15,o_proj,4096x4096,wanda_s80,activation_aware_unstructured,0.8,,4096,4096,3355443,0.800000011920929,ad37240d3cdcc167,mistral7b_v03.npz
mistral7b_v03_l15_o_proj_global_mag_s90,Mistral-7B-v0.3,mistral7b_v03,model.layers.15.self_attn.o_proj.weight,mistral7b_v03_block_15,15,o_proj,4096x4096,global_mag_s90,unstructured,0.9,,4096,4096,1677722,0.8999999761581421,a2e0aaa7cb1bb28d,
mistral7b_v03_l15_o_proj_wanda_s90,Mistral-7B-v0.3,mistral7b_v03,model.layers.15.self_attn.o_proj.weight,mistral7b_v03_block_15,15,o_proj,4096x4096,wanda_s90,activation_aware_unstructured,0.9,,4096,4096,1677722,0.8999999761581421,342f4b5d52f1cf97,mistral7b_v03.npz
mistral7b_v03_l15_q_proj_global_mag_s70,Mistral-7B-v0.3,mistral7b_v03,model.layers.15.self_attn.q_proj.weight,mistral7b_v03_block_15,15,q_proj,4096x4096,global_mag_s70,unstructured,0.7,,4096,4096,5033165,0.699999988079071,1ba28ddb6a2790bb,
mistral7b_v03_l15_q_proj_wanda_s70,Mistral-7B-v0.3,mistral7b_v03,model.layers.15.self_attn.q_proj.weight,mistral7b_v03_block_15,15,q_proj,4096x4096,wanda_s70,activation_aware_unstructured,0.7,,4096,4096,5033165,0.699999988079071,7ac2f12e000bc404,mistral7b_v03.npz
mistral7b_v03_l15_q_proj_global_mag_s80,Mistral-7B-v0.3,mistral7b_v03,model.layers.15.self_attn.q_proj.weight,mistral7b_v03_block_15,15,q_proj,4096x4096,global_mag_s80,unstructured,0.8,,4096,4096,3355443,0.800000011920929,82f850b0de9e9774,
mistral7b_v03_l15_q_proj_wanda_s80,Mistral-7B-v0.3,mistral7b_v03,model.layers.15.self_attn.q_proj.weight,mistral7b_v03_block_15,15,q_proj,4096x4096,wanda_s80,activation_aware_unstructured,0.8,,4096,4096,3355443,0.800000011920929,73657b7ea7b49cad,mistral7b_v03.npz
mistral7b_v03_l15_q_proj_global_mag_s90,Mistral-7B-v0.3,mistral7b_v03,model.layers.15.self_attn.q_proj.weight,mistral7b_v03_block_15,15,q_proj,4096x4096,global_mag_s90,unstructured,0.9,,4096,4096,1677722,0.8999999761581421,197a84f797381430,
mistral7b_v03_l15_q_proj_wanda_s90,Mistral-7B-v0.3,mistral7b_v03,model.layers.15.self_attn.q_proj.weight,mistral7b_v03_block_15,15,q_proj,4096x4096,wanda_s90,activation_aware_unstructured,0.9,,4096,4096,1677722,0.8999999761581421,13a258acfec83440,mistral7b_v03.npz
mistral7b_v03_l16_o_proj_global_mag_s70,Mistral-7B-v0.3,mistral7b_v03,model.layers.16.self_attn.o_proj.weight,mistral7b_v03_block_16,16,o_proj,4096x4096,global_mag_s70,unstructured,0.7,,4096,4096,5033165,0.699999988079071,347c5d55a4d96720,
mistral7b_v03_l16_o_proj_wanda_s70,Mistral-7B-v0.3,mistral7b_v03,model.layers.16.self_attn.o_proj.weight,mistral7b_v03_block_16,16,o_proj,4096x4096,wanda_s70,activation_aware_unstructured,0.7,,4096,4096,5033165,0.699999988079071,544b3d9d9b175f3c,mistral7b_v03.npz
mistral7b_v03_l16_o_proj_global_mag_s80,Mistral-7B-v0.3,mistral7b_v03,model.layers.16.self_attn.o_proj.weight,mistral7b_v03_block_16,16,o_proj,4096x4096,global_mag_s80,unstructured,0.8,,4096,4096,3355443,0.800000011920929,46e79adb4c13571e,
mistral7b_v03_l16_o_proj_wanda_s80,Mistral-7B-v0.3,mistral7b_v03,model.layers.16.self_attn.o_proj.weight,mistral7b_v03_block_16,16,o_proj,4096x4096,wanda_s80,activation_aware_unstructured,0.8,,4096,4096,3355443,0.800000011920929,7f064ecbd9130a31,mistral7b_v03.npz
mistral7b_v03_l16_o_proj_global_mag_s90,Mistral-7B-v0.3,mistral7b_v03,model.layers.16.self_attn.o_proj.weight,mistral7b_v03_block_16,16,o_proj,4096x4096,global_mag_s90,unstructured,0.9,,4096,4096,1677722,0.8999999761581421,406317adb312f199,
mistral7b_v03_l16_o_proj_wanda_s90,Mistral-7B-v0.3,mistral7b_v03,model.layers.16.self_attn.o_proj.weight,mistral7b_v03_block_16,16,o_proj,4096x4096,wanda_s90,activation_aware_unstructured,0.9,,4096,4096,1677722,0.8999999761581421,ce7b38a90035f460,mistral7b_v03.npz
mistral7b_v03_l16_q_proj_global_mag_s70,Mistral-7B-v0.3,mistral7b_v03,model.layers.16.self_attn.q_proj.weight,mistral7b_v03_block_16,16,q_proj,4096x4096,global_mag_s70,unstructured,0.7,,4096,4096,5033165,0.699999988079071,856313331509d555,
mistral7b_v03_l16_q_proj_wanda_s70,Mistral-7B-v0.3,mistral7b_v03,model.layers.16.self_attn.q_proj.weight,mistral7b_v03_block_16,16,q_proj,4096x4096,wanda_s70,activation_aware_unstructured,0.7,,4096,4096,5033165,0.699999988079071,e370c8975ec07790,mistral7b_v03.npz
mistral7b_v03_l16_q_proj_global_mag_s80,Mistral-7B-v0.3,mistral7b_v03,model.layers.16.self_attn.q_proj.weight,mistral7b_v03_block_16,16,q_proj,4096x4096,global_mag_s80,unstructured,0.8,,4096,4096,3355443,0.800000011920929,16e83279fd9b79c3,
mistral7b_v03_l16_q_proj_wanda_s80,Mistral-7B-v0.3,mistral7b_v03,model.layers.16.self_attn.q_proj.weight,mistral7b_v03_block_16,16,q_proj,4096x4096,wanda_s80,activation_aware_unstructured,0.8,,4096,4096,3355443,0.800000011920929,9ee7f2e4d638344a,mistral7b_v03.npz
mistral7b_v03_l16_q_proj_global_mag_s90,Mistral-7B-v0.3,mistral7b_v03,model.layers.16.self_attn.q_proj.weight,mistral7b_v03_block_16,16,q_proj,4096x4096,global_mag_s90,unstructured,0.9,,4096,4096,1677722,0.8999999761581421,fb99cbe8707f695a,
mistral7b_v03_l16_q_proj_wanda_s90,Mistral-7B-v0.3,mistral7b_v03,model.layers.16.self_attn.q_proj.weight,mistral7b_v03_block_16,16,q_proj,4096x4096,wanda_s90,activation_aware_unstructured,0.9,,4096,4096,1677722,0.8999999761581421,6d3b681beaf3c987,mistral7b_v03.npz
mistral7b_v03_l17_o_proj_global_mag_s70,Mistral-7B-v0.3,mistral7b_v03,model.layers.17.self_attn.o_proj.weight,mistral7b_v03_block_17,17,o_proj,4096x4096,global_mag_s70,unstructured,0.7,,4096,4096,5033165,0.699999988079071,e86327bc39ced65f,
mistral7b_v03_l17_o_proj_wanda_s70,Mistral-7B-v0.3,mistral7b_v03,model.layers.17.self_attn.o_proj.weight,mistral7b_v03_block_17,17,o_proj,4096x4096,wanda_s70,activation_aware_unstructured,0.7,,4096,4096,5033165,0.699999988079071,32b1816012687b49,mistral7b_v03.npz
mistral7b_v03_l17_o_proj_global_mag_s80,Mistral-7B-v0.3,mistral7b_v03,model.layers.17.self_attn.o_proj.weight,mistral7b_v03_block_17,17,o_proj,4096x4096,global_mag_s80,unstructured,0.8,,4096,4096,3355443,0.800000011920929,ddc1ac333de99f06,
mistral7b_v03_l17_o_proj_wanda_s80,Mistral-7B-v0.3,mistral7b_v03,model.layers.17.self_attn.o_proj.weight,mistral7b_v03_block_17,17,o_proj,4096x4096,wanda_s80,activation_aware_unstructured,0.8,,4096,4096,3355443,0.800000011920929,47aa2b420eda71c3,mistral7b_v03.npz
mistral7b_v03_l17_o_proj_global_mag_s90,Mistral-7B-v0.3,mistral7b_v03,model.layers.17.self_attn.o_proj.weight,mistral7b_v03_block_17,17,o_proj,4096x4096,global_mag_s90,unstructured,0.9,,4096,4096,1677722,0.8999999761581421,3a6932e14931e400,
mistral7b_v03_l17_o_proj_wanda_s90,Mistral-7B-v0.3,mistral7b_v03,model.layers.17.self_attn.o_proj.weight,mistral7b_v03_block_17,17,o_proj,4096x4096,wanda_s90,activation_aware_unstructured,0.9,,4096,4096,1677722,0.8999999761581421,606abeb3f0882aff,mistral7b_v03.npz
mistral7b_v03_l17_q_proj_global_mag_s70,Mistral-7B-v0.3,mistral7b_v03,model.layers.17.self_attn.q_proj.weight,mistral7b_v03_block_17,17,q_proj,4096x4096,global_mag_s70,unstructured,0.7,,4096,4096,5033165,0.699999988079071,966ded1e327c73fe,
mistral7b_v03_l17_q_proj_wanda_s70,Mistral-7B-v0.3,mistral7b_v03,model.layers.17.self_attn.q_proj.weight,mistral7b_v03_block_17,17,q_proj,4096x4096,wanda_s70,activation_aware_unstructured,0.7,,4096,4096,5033165,0.699999988079071,418f9a8d6a2de0da,mistral7b_v03.npz
mistral7b_v03_l17_q_proj_global_mag_s80,Mistral-7B-v0.3,mistral7b_v03,model.layers.17.self_attn.q_proj.weight,mistral7b_v03_block_17,17,q_proj,4096x4096,global_mag_s80,unstructured,0.8,,4096,4096,3355443,0.800000011920929,58706e88d31bdf91,
mistral7b_v03_l17_q_proj_wanda_s80,Mistral-7B-v0.3,mistral7b_v03,model.layers.17.self_attn.q_proj.weight,mistral7b_v03_block_17,17,q_proj,4096x4096,wanda_s80,activation_aware_unstructured,0.8,,4096,4096,3355443,0.800000011920929,6bb8fba06df240ac,mistral7b_v03.npz
mistral7b_v03_l17_q_proj_global_mag_s90,Mistral-7B-v0.3,mistral7b_v03,model.layers.17.self_attn.q_proj.weight,mistral7b_v03_block_17,17,q_proj,4096x4096,global_mag_s90,unstructured,0.9,,4096,4096,1677722,0.8999999761581421,f3c4db407e1fa89a,
mistral7b_v03_l17_q_proj_wanda_s90,Mistral-7B-v0.3,mistral7b_v03,model.layers.17.self_attn.q_proj.weight,mistral7b_v03_block_17,17,q_proj,4096x4096,wanda_s90,activation_aware_unstructured,0.9,,4096,4096,1677722,0.8999999761581421,5f07f70194031815,mistral7b_v03.npz
mistral7b_v03_l19_o_proj_global_mag_s70,Mistral-7B-v0.3,mistral7b_v03,model.layers.19.self_attn.o_proj.weight,mistral7b_v03_block_19,19,o_proj,4096x4096,global_mag_s70,unstructured,0.7,,4096,4096,5033165,0.699999988079071,f142d77f603d9257,
mistral7b_v03_l19_o_proj_wanda_s70,Mistral-7B-v0.3,mistral7b_v03,model.layers.19.self_attn.o_proj.weight,mistral7b_v03_block_19,19,o_proj,4096x4096,wanda_s70,activation_aware_unstructured,0.7,,4096,4096,5033165,0.699999988079071,4bca320d4ca78595,mistral7b_v03.npz
mistral7b_v03_l19_o_proj_global_mag_s80,Mistral-7B-v0.3,mistral7b_v03,model.layers.19.self_attn.o_proj.weight,mistral7b_v03_block_19,19,o_proj,4096x4096,global_mag_s80,unstructured,0.8,,4096,4096,3355443,0.800000011920929,72731d73d12449c0,
mistral7b_v03_l19_o_proj_wanda_s80,Mistral-7B-v0.3,mistral7b_v03,model.layers.19.self_attn.o_proj.weight,mistral7b_v03_block_19,19,o_proj,4096x4096,wanda_s80,activation_aware_unstructured,0.8,,4096,4096,3355443,0.800000011920929,8c210938a6a65895,mistral7b_v03.npz
mistral7b_v03_l19_o_proj_global_mag_s90,Mistral-7B-v0.3,mistral7b_v03,model.layers.19.self_attn.o_proj.weight,mistral7b_v03_block_19,19,o_proj,4096x4096,global_mag_s90,unstructured,0.9,,4096,4096,1677722,0.8999999761581421,f32882ff2bc8acfa,
mistral7b_v03_l19_o_proj_wanda_s90,Mistral-7B-v0.3,mistral7b_v03,model.layers.19.self_attn.o_proj.weight,mistral7b_v03_block_19,19,o_proj,4096x4096,wanda_s90,activation_aware_unstructured,0.9,,4096,4096,1677722,0.8999999761581421,3a31961a0cc2b1e7,mistral7b_v03.npz
mistral7b_v03_l19_q_proj_global_mag_s70,Mistral-7B-v0.3,mistral7b_v03,model.layers.19.self_attn.q_proj.weight,mistral7b_v03_block_19,19,q_proj,4096x4096,global_mag_s70,unstructured,0.7,,4096,4096,5033165,0.699999988079071,51d340c6dfbf92e2,
mistral7b_v03_l19_q_proj_wanda_s70,Mistral-7B-v0.3,mistral7b_v03,model.layers.19.self_attn.q_proj.weight,mistral7b_v03_block_19,19,q_proj,4096x4096,wanda_s70,activation_aware_unstructured,0.7,,4096,4096,5033165,0.699999988079071,dd6b6f24ca7ad085,mistral7b_v03.npz
mistral7b_v03_l19_q_proj_global_mag_s80,Mistral-7B-v0.3,mistral7b_v03,model.layers.19.self_attn.q_proj.weight,mistral7b_v03_block_19,19,q_proj,4096x4096,global_mag_s80,unstructured,0.8,,4096,4096,3355443,0.800000011920929,75cdb3d3da0e3da2,
mistral7b_v03_l19_q_proj_wanda_s80,Mistral-7B-v0.3,mistral7b_v03,model.layers.19.self_attn.q_proj.weight,mistral7b_v03_block_19,19,q_proj,4096x4096,wanda_s80,activation_aware_unstructured,0.8,,4096,4096,3355443,0.800000011920929,ef7f95f4b4156ed2,mistral7b_v03.npz
mistral7b_v03_l19_q_proj_global_mag_s90,Mistral-7B-v0.3,mistral7b_v03,model.layers.19.self_attn.q_proj.weight,mistral7b_v03_block_19,19,q_proj,4096x4096,global_mag_s90,unstructured,0.9,,4096,4096,1677722,0.8999999761581421,b2d7b9804e810f1a,
mistral7b_v03_l19_q_proj_wanda_s90,Mistral-7B-v0.3,mistral7b_v03,model.layers.19.self_attn.q_proj.weight,mistral7b_v03_block_19,19,q_proj,4096x4096,wanda_s90,activation_aware_unstructured,0.9,,4096,4096,1677722,0.8999999761581421,168bd8b1968855f8,mistral7b_v03.npz
mistral7b_v03_l20_o_proj_global_mag_s70,Mistral-7B-v0.3,mistral7b_v03,model.layers.20.self_attn.o_proj.weight,mistral7b_v03_block_20,20,o_proj,4096x4096,global_mag_s70,unstructured,0.7,,4096,4096,5033165,0.699999988079071,dbeb7ec584c05004,
mistral7b_v03_l20_o_proj_wanda_s70,Mistral-7B-v0.3,mistral7b_v03,model.layers.20.self_attn.o_proj.weight,mistral7b_v03_block_20,20,o_proj,4096x4096,wanda_s70,activation_aware_unstructured,0.7,,4096,4096,5033165,0.699999988079071,d294fc07604c7ec2,mistral7b_v03.npz
mistral7b_v03_l20_o_proj_global_mag_s80,Mistral-7B-v0.3,mistral7b_v03,model.layers.20.self_attn.o_proj.weight,mistral7b_v03_block_20,20,o_proj,4096x4096,global_mag_s80,unstructured,0.8,,4096,4096,3355443,0.800000011920929,52fd552ce776d7a1,
mistral7b_v03_l20_o_proj_wanda_s80,Mistral-7B-v0.3,mistral7b_v03,model.layers.20.self_attn.o_proj.weight,mistral7b_v03_block_20,20,o_proj,4096x4096,wanda_s80,activation_aware_unstructured,0.8,,4096,4096,3355443,0.800000011920929,0f296e51a3fb95cb,mistral7b_v03.npz
mistral7b_v03_l20_o_proj_global_mag_s90,Mistral-7B-v0.3,mistral7b_v03,model.layers.20.self_attn.o_proj.weight,mistral7b_v03_block_20,20,o_proj,4096x4096,global_mag_s90,unstructured,0.9,,4096,4096,1677722,0.8999999761581421,a2b34307a08789da,
mistral7b_v03_l20_o_proj_wanda_s90,Mistral-7B-v0.3,mistral7b_v03,model.layers.20.self_attn.o_proj.weight,mistral7b_v03_block_20,20,o_proj,4096x4096,wanda_s90,activation_aware_unstructured,0.9,,4096,4096,1677722,0.8999999761581421,4f91b159043b6d70,mistral7b_v03.npz
mistral7b_v03_l20_q_proj_global_mag_s70,Mistral-7B-v0.3,mistral7b_v03,model.layers.20.self_attn.q_proj.weight,mistral7b_v03_block_20,20,q_proj,4096x4096,global_mag_s70,unstructured,0.7,,4096,4096,5033165,0.699999988079071,f1095b65f4c15ed5,
mistral7b_v03_l20_q_proj_wanda_s70,Mistral-7B-v0.3,mistral7b_v03,model.layers.20.self_attn.q_proj.weight,mistral7b_v03_block_20,20,q_proj,4096x4096,wanda_s70,activation_aware_unstructured,0.7,,4096,4096,5033165,0.699999988079071,4e044f99ac34fec1,mistral7b_v03.npz
mistral7b_v03_l20_q_proj_global_mag_s80,Mistral-7B-v0.3,mistral7b_v03,model.layers.20.self_attn.q_proj.weight,mistral7b_v03_block_20,20,q_proj,4096x4096,global_mag_s80,unstructured,0.8,,4096,4096,3355443,0.800000011920929,ea71ae8fef702c92,
mistral7b_v03_l20_q_proj_wanda_s80,Mistral-7B-v0.3,mistral7b_v03,model.layers.20.self_attn.q_proj.weight,mistral7b_v03_block_20,20,q_proj,4096x4096,wanda_s80,activation_aware_unstructured,0.8,,4096,4096,3355443,0.800000011920929,80294c213e6897cb,mistral7b_v03.npz
mistral7b_v03_l20_q_proj_global_mag_s90,Mistral-7B-v0.3,mistral7b_v03,model.layers.20.self_attn.q_proj.weight,mistral7b_v03_block_20,20,q_proj,4096x4096,global_mag_s90,unstructured,0.9,,4096,4096,1677722,0.8999999761581421,1e00d89a30f995c3,
mistral7b_v03_l20_q_proj_wanda_s90,Mistral-7B-v0.3,mistral7b_v03,model.layers.20.self_attn.q_proj.weight,mistral7b_v03_block_20,20,q_proj,4096x4096,wanda_s90,activation_aware_unstructured,0.9,,4096,4096,1677722,0.8999999761581421,baea7fbd9e094cd1,mistral7b_v03.npz
mistral7b_v03_l21_o_proj_global_mag_s70,Mistral-7B-v0.3,mistral7b_v03,model.layers.21.self_attn.o_proj.weight,mistral7b_v03_block_21,21,o_proj,4096x4096,global_mag_s70,unstructured,0.7,,4096,4096,5033165,0.699999988079071,e1683a5321b4ea99,
mistral7b_v03_l21_o_proj_wanda_s70,Mistral-7B-v0.3,mistral7b_v03,model.layers.21.self_attn.o_proj.weight,mistral7b_v03_block_21,21,o_proj,4096x4096,wanda_s70,activation_aware_unstructured,0.7,,4096,4096,5033165,0.699999988079071,c210223846d15497,mistral7b_v03.npz
mistral7b_v03_l21_o_proj_global_mag_s80,Mistral-7B-v0.3,mistral7b_v03,model.layers.21.self_attn.o_proj.weight,mistral7b_v03_block_21,21,o_proj,4096x4096,global_mag_s80,unstructured,0.8,,4096,4096,3355443,0.800000011920929,29c9b649543dd35c,
mistral7b_v03_l21_o_proj_wanda_s80,Mistral-7B-v0.3,mistral7b_v03,model.layers.21.self_attn.o_proj.weight,mistral7b_v03_block_21,21,o_proj,4096x4096,wanda_s80,activation_aware_unstructured,0.8,,4096,4096,3355443,0.800000011920929,af500c21da565426,mistral7b_v03.npz
mistral7b_v03_l21_o_proj_global_mag_s90,Mistral-7B-v0.3,mistral7b_v03,model.layers.21.self_attn.o_proj.weight,mistral7b_v03_block_21,21,o_proj,4096x4096,global_mag_s90,unstructured,0.9,,4096,4096,1677722,0.8999999761581421,90e0bb8f5ded0c25,
mistral7b_v03_l21_o_proj_wanda_s90,Mistral-7B-v0.3,mistral7b_v03,model.layers.21.self_attn.o_proj.weight,mistral7b_v03_block_21,21,o_proj,4096x4096,wanda_s90,activation_aware_unstructured,0.9,,4096,4096,1677722,0.8999999761581421,089aa7646d6f4a07,mistral7b_v03.npz
mistral7b_v03_l21_q_proj_global_mag_s70,Mistral-7B-v0.3,mistral7b_v03,model.layers.21.self_attn.q_proj.weight,mistral7b_v03_block_21,21,q_proj,4096x4096,global_mag_s70,unstructured,0.7,,4096,4096,5033165,0.699999988079071,68156f0a06f4cf30,
mistral7b_v03_l21_q_proj_wanda_s70,Mistral-7B-v0.3,mistral7b_v03,model.layers.21.self_attn.q_proj.weight,mistral7b_v03_block_21,21,q_proj,4096x4096,wanda_s70,activation_aware_unstructured,0.7,,4096,4096,5033165,0.699999988079071,3e039826fe3033ab,mistral7b_v03.npz
mistral7b_v03_l21_q_proj_global_mag_s80,Mistral-7B-v0.3,mistral7b_v03,model.layers.21.self_attn.q_proj.weight,mistral7b_v03_block_21,21,q_proj,4096x4096,global_mag_s80,unstructured,0.8,,4096,4096,3355443,0.800000011920929,30345def301a4715,
mistral7b_v03_l21_q_proj_wanda_s80,Mistral-7B-v0.3,mistral7b_v03,model.layers.21.self_attn.q_proj.weight,mistral7b_v03_block_21,21,q_proj,4096x4096,wanda_s80,activation_aware_unstructured,0.8,,4096,4096,3355443,0.800000011920929,a53cf1ed79f27969,mistral7b_v03.npz
mistral7b_v03_l21_q_proj_global_mag_s90,Mistral-7B-v0.3,mistral7b_v03,model.layers.21.self_attn.q_proj.weight,mistral7b_v03_block_21,21,q_proj,4096x4096,global_mag_s90,unstructured,0.9,,4096,4096,1677722,0.8999999761581421,17b4942f34a8fade,
mistral7b_v03_l21_q_proj_wanda_s90,Mistral-7B-v0.3,mistral7b_v03,model.layers.21.self_attn.q_proj.weight,mistral7b_v03_block_21,21,q_proj,4096x4096,wanda_s90,activation_aware_unstructured,0.9,,4096,4096,1677722,0.8999999761581421,83304dbc75a4f885,mistral7b_v03.npz
mistral7b_v03_l23_o_proj_global_mag_s70,Mistral-7B-v0.3,mistral7b_v03,model.layers.23.self_attn.o_proj.weight,mistral7b_v03_block_23,23,o_proj,4096x4096,global_mag_s70,unstructured,0.7,,4096,4096,5033165,0.699999988079071,98ece71d58a7d26f,
mistral7b_v03_l23_o_proj_wanda_s70,Mistral-7B-v0.3,mistral7b_v03,model.layers.23.self_attn.o_proj.weight,mistral7b_v03_block_23,23,o_proj,4096x4096,wanda_s70,activation_aware_unstructured,0.7,,4096,4096,5033165,0.699999988079071,58fb54f9597edccd,mistral7b_v03.npz
mistral7b_v03_l23_o_proj_global_mag_s80,Mistral-7B-v0.3,mistral7b_v03,model.layers.23.self_attn.o_proj.weight,mistral7b_v03_block_23,23,o_proj,4096x4096,global_mag_s80,unstructured,0.8,,4096,4096,3355443,0.800000011920929,0c5a5c137053ef88,
mistral7b_v03_l23_o_proj_wanda_s80,Mistral-7B-v0.3,mistral7b_v03,model.layers.23.self_attn.o_proj.weight,mistral7b_v03_block_23,23,o_proj,4096x4096,wanda_s80,activation_aware_unstructured,0.8,,4096,4096,3355443,0.800000011920929,86f9bda737a47f49,mistral7b_v03.npz
mistral7b_v03_l23_o_proj_global_mag_s90,Mistral-7B-v0.3,mistral7b_v03,model.layers.23.self_attn.o_proj.weight,mistral7b_v03_block_23,23,o_proj,4096x4096,global_mag_s90,unstructured,0.9,,4096,4096,1677722,0.8999999761581421,bef096e54796347a,
mistral7b_v03_l23_o_proj_wanda_s90,Mistral-7B-v0.3,mistral7b_v03,model.layers.23.self_attn.o_proj.weight,mistral7b_v03_block_23,23,o_proj,4096x4096,wanda_s90,activation_aware_unstructured,0.9,,4096,4096,1677722,0.8999999761581421,8dcf88038e73bdcb,mistral7b_v03.npz
mistral7b_v03_l23_q_proj_global_mag_s70,Mistral-7B-v0.3,mistral7b_v03,model.layers.23.self_attn.q_proj.weight,mistral7b_v03_block_23,23,q_proj,4096x4096,global_mag_s70,unstructured,0.7,,4096,4096,5033165,0.699999988079071,2ff7f993b13168fe,
mistral7b_v03_l23_q_proj_wanda_s70,Mistral-7B-v0.3,mistral7b_v03,model.layers.23.self_attn.q_proj.weight,mistral7b_v03_block_23,23,q_proj,4096x4096,wanda_s70,activation_aware_unstructured,0.7,,4096,4096,5033165,0.699999988079071,99d0a043574e4201,mistral7b_v03.npz
mistral7b_v03_l23_q_proj_global_mag_s80,Mistral-7B-v0.3,mistral7b_v03,model.layers.23.self_attn.q_proj.weight,mistral7b_v03_block_23,23,q_proj,4096x4096,global_mag_s80,unstructured,0.8,,4096,4096,3355443,0.800000011920929,c44b548b2ab9fac0,
mistral7b_v03_l23_q_proj_wanda_s80,Mistral-7B-v0.3,mistral7b_v03,model.layers.23.self_attn.q_proj.weight,mistral7b_v03_block_23,23,q_proj,4096x4096,wanda_s80,activation_aware_unstructured,0.8,,4096,4096,3355443,0.800000011920929,c2d56a187281a86b,mistral7b_v03.npz
mistral7b_v03_l23_q_proj_global_mag_s90,Mistral-7B-v0.3,mistral7b_v03,model.layers.23.self_attn.q_proj.weight,mistral7b_v03_block_23,23,q_proj,4096x4096,global_mag_s90,unstructured,0.9,,4096,4096,1677722,0.8999999761581421,e3e0563417fdd560,
mistral7b_v03_l23_q_proj_wanda_s90,Mistral-7B-v0.3,mistral7b_v03,model.layers.23.self_attn.q_proj.weight,mistral7b_v03_block_23,23,q_proj,4096x4096,wanda_s90,activation_aware_unstructured,0.9,,4096,4096,1677722,0.8999999761581421,b36651ace4f0b5a0,mistral7b_v03.npz
mistral7b_v03_l24_o_proj_global_mag_s70,Mistral-7B-v0.3,mistral7b_v03,model.layers.24.self_attn.o_proj.weight,mistral7b_v03_block_24,24,o_proj,4096x4096,global_mag_s70,unstructured,0.7,,4096,4096,5033165,0.699999988079071,3ab94e79ece8324e,
mistral7b_v03_l24_o_proj_wanda_s70,Mistral-7B-v0.3,mistral7b_v03,model.layers.24.self_attn.o_proj.weight,mistral7b_v03_block_24,24,o_proj,4096x4096,wanda_s70,activation_aware_unstructured,0.7,,4096,4096,5033165,0.699999988079071,f30cec5a08b0dfc6,mistral7b_v03.npz
mistral7b_v03_l24_o_proj_global_mag_s80,Mistral-7B-v0.3,mistral7b_v03,model.layers.24.self_attn.o_proj.weight,mistral7b_v03_block_24,24,o_proj,4096x4096,global_mag_s80,unstructured,0.8,,4096,4096,3355443,0.800000011920929,fa28080ed15b49fb,
mistral7b_v03_l24_o_proj_wanda_s80,Mistral-7B-v0.3,mistral7b_v03,model.layers.24.self_attn.o_proj.weight,mistral7b_v03_block_24,24,o_proj,4096x4096,wanda_s80,activation_aware_unstructured,0.8,,4096,4096,3355443,0.800000011920929,ec7be5425e8c9dc6,mistral7b_v03.npz
mistral7b_v03_l24_o_proj_global_mag_s90,Mistral-7B-v0.3,mistral7b_v03,model.layers.24.self_attn.o_proj.weight,mistral7b_v03_block_24,24,o_proj,4096x4096,global_mag_s90,unstructured,0.9,,4096,4096,1677722,0.8999999761581421,d9e6c7a5a64bf5be,
mistral7b_v03_l24_o_proj_wanda_s90,Mistral-7B-v0.3,mistral7b_v03,model.layers.24.self_attn.o_proj.weight,mistral7b_v03_block_24,24,o_proj,4096x4096,wanda_s90,activation_aware_unstructured,0.9,,4096,4096,1677722,0.8999999761581421,9431f4b32c3f85f2,mistral7b_v03.npz
mistral7b_v03_l24_q_proj_global_mag_s70,Mistral-7B-v0.3,mistral7b_v03,model.layers.24.self_attn.q_proj.weight,mistral7b_v03_block_24,24,q_proj,4096x4096,global_mag_s70,unstructured,0.7,,4096,4096,5033165,0.699999988079071,0eb33f858bac46e2,
mistral7b_v03_l24_q_proj_wanda_s70,Mistral-7B-v0.3,mistral7b_v03,model.layers.24.self_attn.q_proj.weight,mistral7b_v03_block_24,24,q_proj,4096x4096,wanda_s70,activation_aware_unstructured,0.7,,4096,4096,5033165,0.699999988079071,79ca4dbe59792b23,mistral7b_v03.npz
mistral7b_v03_l24_q_proj_global_mag_s80,Mistral-7B-v0.3,mistral7b_v03,model.layers.24.self_attn.q_proj.weight,mistral7b_v03_block_24,24,q_proj,4096x4096,global_mag_s80,unstructured,0.8,,4096,4096,3355443,0.800000011920929,cd798be991d73b39,
mistral7b_v03_l24_q_proj_wanda_s80,Mistral-7B-v0.3,mistral7b_v03,model.layers.24.self_attn.q_proj.weight,mistral7b_v03_block_24,24,q_proj,4096x4096,wanda_s80,activation_aware_unstructured,0.8,,4096,4096,3355443,0.800000011920929,5acbfc70bb7c1090,mistral7b_v03.npz
mistral7b_v03_l24_q_proj_global_mag_s90,Mistral-7B-v0.3,mistral7b_v03,model.layers.24.self_attn.q_proj.weight,mistral7b_v03_block_24,24,q_proj,4096x4096,global_mag_s90,unstructured,0.9,,4096,4096,1677722,0.8999999761581421,81094283d05f4b92,
mistral7b_v03_l24_q_proj_wanda_s90,Mistral-7B-v0.3,mistral7b_v03,model.layers.24.self_attn.q_proj.weight,mistral7b_v03_block_24,24,q_proj,4096x4096,wanda_s90,activation_aware_unstructured,0.9,,4096,4096,1677722,0.8999999761581421,a2106a06c6b51dff,mistral7b_v03.npz
mistral7b_v03_l25_o_proj_global_mag_s70,Mistral-7B-v0.3,mistral7b_v03,model.layers.25.self_attn.o_proj.weight,mistral7b_v03_block_25,25,o_proj,4096x4096,global_mag_s70,unstructured,0.7,,4096,4096,5033165,0.699999988079071,4b8cbe1368fabbd6,
mistral7b_v03_l25_o_proj_wanda_s70,Mistral-7B-v0.3,mistral7b_v03,model.layers.25.self_attn.o_proj.weight,mistral7b_v03_block_25,25,o_proj,4096x4096,wanda_s70,activation_aware_unstructured,0.7,,4096,4096,5033165,0.699999988079071,64c513be53d18c47,mistral7b_v03.npz
mistral7b_v03_l25_o_proj_global_mag_s80,Mistral-7B-v0.3,mistral7b_v03,model.layers.25.self_attn.o_proj.weight,mistral7b_v03_block_25,25,o_proj,4096x4096,global_mag_s80,unstructured,0.8,,4096,4096,3355443,0.800000011920929,4b11ccc489cba021,
mistral7b_v03_l25_o_proj_wanda_s80,Mistral-7B-v0.3,mistral7b_v03,model.layers.25.self_attn.o_proj.weight,mistral7b_v03_block_25,25,o_proj,4096x4096,wanda_s80,activation_aware_unstructured,0.8,,4096,4096,3355443,0.800000011920929,5b1e47c4446fc668,mistral7b_v03.npz
mistral7b_v03_l25_o_proj_global_mag_s90,Mistral-7B-v0.3,mistral7b_v03,model.layers.25.self_attn.o_proj.weight,mistral7b_v03_block_25,25,o_proj,4096x4096,global_mag_s90,unstructured,0.9,,4096,4096,1677722,0.8999999761581421,88bb41507d00478e,
mistral7b_v03_l25_o_proj_wanda_s90,Mistral-7B-v0.3,mistral7b_v03,model.layers.25.self_attn.o_proj.weight,mistral7b_v03_block_25,25,o_proj,4096x4096,wanda_s90,activation_aware_unstructured,0.9,,4096,4096,1677722,0.8999999761581421,aed91f89016ab40f,mistral7b_v03.npz
mistral7b_v03_l25_q_proj_global_mag_s70,Mistral-7B-v0.3,mistral7b_v03,model.layers.25.self_attn.q_proj.weight,mistral7b_v03_block_25,25,q_proj,4096x4096,global_mag_s70,unstructured,0.7,,4096,4096,5033165,0.699999988079071,0f0efdd8768b78a4,
mistral7b_v03_l25_q_proj_wanda_s70,Mistral-7B-v0.3,mistral7b_v03,model.layers.25.self_attn.q_proj.weight,mistral7b_v03_block_25,25,q_proj,4096x4096,wanda_s70,activation_aware_unstructured,0.7,,4096,4096,5033165,0.699999988079071,370ec081e881dfd0,mistral7b_v03.npz
mistral7b_v03_l25_q_proj_global_mag_s80,Mistral-7B-v0.3,mistral7b_v03,model.layers.25.self_attn.q_proj.weight,mistral7b_v03_block_25,25,q_proj,4096x4096,global_mag_s80,unstructured,0.8,,4096,4096,3355443,0.800000011920929,8f80d11e26e280dd,
mistral7b_v03_l25_q_proj_wanda_s80,Mistral-7B-v0.3,mistral7b_v03,model.layers.25.self_attn.q_proj.weight,mistral7b_v03_block_25,25,q_proj,4096x4096,wanda_s80,activation_aware_unstructured,0.8,,4096,4096,3355443,0.800000011920929,b5f6516b1d7877ed,mistral7b_v03.npz
mistral7b_v03_l25_q_proj_global_mag_s90,Mistral-7B-v0.3,mistral7b_v03,model.layers.25.self_attn.q_proj.weight,mistral7b_v03_block_25,25,q_proj,4096x4096,global_mag_s90,unstructured,0.9,,4096,4096,1677722,0.8999999761581421,2c69666c7d87aee8,
mistral7b_v03_l25_q_proj_wanda_s90,Mistral-7B-v0.3,mistral7b_v03,model.layers.25.self_attn.q_proj.weight,mistral7b_v03_block_25,25,q_proj,4096x4096,wanda_s90,activation_aware_unstructured,0.9,,4096,4096,1677722,0.8999999761581421,ce8f4eb47d76f9fa,mistral7b_v03.npz
mistral7b_v03_l26_o_proj_global_mag_s70,Mistral-7B-v0.3,mistral7b_v03,model.layers.26.self_attn.o_proj.weight,mistral7b_v03_block_26,26,o_proj,4096x4096,global_mag_s70,unstructured,0.7,,4096,4096,5033165,0.699999988079071,57623982e46b65d0,
mistral7b_v03_l26_o_proj_wanda_s70,Mistral-7B-v0.3,mistral7b_v03,model.layers.26.self_attn.o_proj.weight,mistral7b_v03_block_26,26,o_proj,4096x4096,wanda_s70,activation_aware_unstructured,0.7,,4096,4096,5033165,0.699999988079071,9e278b265a1a3217,mistral7b_v03.npz
mistral7b_v03_l26_o_proj_global_mag_s80,Mistral-7B-v0.3,mistral7b_v03,model.layers.26.self_attn.o_proj.weight,mistral7b_v03_block_26,26,o_proj,4096x4096,global_mag_s80,unstructured,0.8,,4096,4096,3355443,0.800000011920929,bf56e5f45062c046,
mistral7b_v03_l26_o_proj_wanda_s80,Mistral-7B-v0.3,mistral7b_v03,model.layers.26.self_attn.o_proj.weight,mistral7b_v03_block_26,26,o_proj,4096x4096,wanda_s80,activation_aware_unstructured,0.8,,4096,4096,3355443,0.800000011920929,17b80b581c4ab49f,mistral7b_v03.npz
mistral7b_v03_l26_o_proj_global_mag_s90,Mistral-7B-v0.3,mistral7b_v03,model.layers.26.self_attn.o_proj.weight,mistral7b_v03_block_26,26,o_proj,4096x4096,global_mag_s90,unstructured,0.9,,4096,4096,1677722,0.8999999761581421,afcbdb7b97becfcc,
mistral7b_v03_l26_o_proj_wanda_s90,Mistral-7B-v0.3,mistral7b_v03,model.layers.26.self_attn.o_proj.weight,mistral7b_v03_block_26,26,o_proj,4096x4096,wanda_s90,activation_aware_unstructured,0.9,,4096,4096,1677722,0.8999999761581421,93211de4a1de5786,mistral7b_v03.npz
mistral7b_v03_l26_q_proj_global_mag_s70,Mistral-7B-v0.3,mistral7b_v03,model.layers.26.self_attn.q_proj.weight,mistral7b_v03_block_26,26,q_proj,4096x4096,global_mag_s70,unstructured,0.7,,4096,4096,5033165,0.699999988079071,b0fd34f85013ee83,
mistral7b_v03_l26_q_proj_wanda_s70,Mistral-7B-v0.3,mistral7b_v03,model.layers.26.self_attn.q_proj.weight,mistral7b_v03_block_26,26,q_proj,4096x4096,wanda_s70,activation_aware_unstructured,0.7,,4096,4096,5033165,0.699999988079071,fe29e532415e6483,mistral7b_v03.npz
mistral7b_v03_l26_q_proj_global_mag_s80,Mistral-7B-v0.3,mistral7b_v03,model.layers.26.self_attn.q_proj.weight,mistral7b_v03_block_26,26,q_proj,4096x4096,global_mag_s80,unstructured,0.8,,4096,4096,3355443,0.800000011920929,56215c7ab66e0a3b,
mistral7b_v03_l26_q_proj_wanda_s80,Mistral-7B-v0.3,mistral7b_v03,model.layers.26.self_attn.q_proj.weight,mistral7b_v03_block_26,26,q_proj,4096x4096,wanda_s80,activation_aware_unstructured,0.8,,4096,4096,3355443,0.800000011920929,0fbcaf453ad8967f,mistral7b_v03.npz
mistral7b_v03_l26_q_proj_global_mag_s90,Mistral-7B-v0.3,mistral7b_v03,model.layers.26.self_attn.q_proj.weight,mistral7b_v03_block_26,26,q_proj,4096x4096,global_mag_s90,unstructured,0.9,,4096,4096,1677722,0.8999999761581421,23bb9cceb336cacf,
mistral7b_v03_l26_q_proj_wanda_s90,Mistral-7B-v0.3,mistral7b_v03,model.layers.26.self_attn.q_proj.weight,mistral7b_v03_block_26,26,q_proj,4096x4096,wanda_s90,activation_aware_unstructured,0.9,,4096,4096,1677722,0.8999999761581421,b57d2aa625906557,mistral7b_v03.npz
mistral7b_v03_l28_o_proj_global_mag_s70,Mistral-7B-v0.3,mistral7b_v03,model.layers.28.self_attn.o_proj.weight,mistral7b_v03_block_28,28,o_proj,4096x4096,global_mag_s70,unstructured,0.7,,4096,4096,5033165,0.699999988079071,8d167de102587e9f,
mistral7b_v03_l28_o_proj_wanda_s70,Mistral-7B-v0.3,mistral7b_v03,model.layers.28.self_attn.o_proj.weight,mistral7b_v03_block_28,28,o_proj,4096x4096,wanda_s70,activation_aware_unstructured,0.7,,4096,4096,5033165,0.699999988079071,512b7dda160a4895,mistral7b_v03.npz
mistral7b_v03_l28_o_proj_global_mag_s80,Mistral-7B-v0.3,mistral7b_v03,model.layers.28.self_attn.o_proj.weight,mistral7b_v03_block_28,28,o_proj,4096x4096,global_mag_s80,unstructured,0.8,,4096,4096,3355443,0.800000011920929,7d7b3bf8b318de58,
mistral7b_v03_l28_o_proj_wanda_s80,Mistral-7B-v0.3,mistral7b_v03,model.layers.28.self_attn.o_proj.weight,mistral7b_v03_block_28,28,o_proj,4096x4096,wanda_s80,activation_aware_unstructured,0.8,,4096,4096,3355443,0.800000011920929,e4fa4a1fb83a5452,mistral7b_v03.npz
mistral7b_v03_l28_o_proj_global_mag_s90,Mistral-7B-v0.3,mistral7b_v03,model.layers.28.self_attn.o_proj.weight,mistral7b_v03_block_28,28,o_proj,4096x4096,global_mag_s90,unstructured,0.9,,4096,4096,1677722,0.8999999761581421,7e7e54be177b9606,
mistral7b_v03_l28_o_proj_wanda_s90,Mistral-7B-v0.3,mistral7b_v03,model.layers.28.self_attn.o_proj.weight,mistral7b_v03_block_28,28,o_proj,4096x4096,wanda_s90,activation_aware_unstructured,0.9,,4096,4096,1677722,0.8999999761581421,ccc556918c310c4e,mistral7b_v03.npz
mistral7b_v03_l28_q_proj_global_mag_s70,Mistral-7B-v0.3,mistral7b_v03,model.layers.28.self_attn.q_proj.weight,mistral7b_v03_block_28,28,q_proj,4096x4096,global_mag_s70,unstructured,0.7,,4096,4096,5033165,0.699999988079071,b47c5f0dab9e85ba,
mistral7b_v03_l28_q_proj_wanda_s70,Mistral-7B-v0.3,mistral7b_v03,model.layers.28.self_attn.q_proj.weight,mistral7b_v03_block_28,28,q_proj,4096x4096,wanda_s70,activation_aware_unstructured,0.7,,4096,4096,5033165,0.699999988079071,3b7f3fd13dc8e1fa,mistral7b_v03.npz
mistral7b_v03_l28_q_proj_global_mag_s80,Mistral-7B-v0.3,mistral7b_v03,model.layers.28.self_attn.q_proj.weight,mistral7b_v03_block_28,28,q_proj,4096x4096,global_mag_s80,unstructured,0.8,,4096,4096,3355443,0.800000011920929,4948c195c4752103,
mistral7b_v03_l28_q_proj_wanda_s80,Mistral-7B-v0.3,mistral7b_v03,model.layers.28.self_attn.q_proj.weight,mistral7b_v03_block_28,28,q_proj,4096x4096,wanda_s80,activation_aware_unstructured,0.8,,4096,4096,3355443,0.800000011920929,55a68ab3afbd337c,mistral7b_v03.npz
mistral7b_v03_l28_q_proj_global_mag_s90,Mistral-7B-v0.3,mistral7b_v03,model.layers.28.self_attn.q_proj.weight,mistral7b_v03_block_28,28,q_proj,4096x4096,global_mag_s90,unstructured,0.9,,4096,4096,1677722,0.8999999761581421,5a2a98f06345fbeb,
mistral7b_v03_l28_q_proj_wanda_s90,Mistral-7B-v0.3,mistral7b_v03,model.layers.28.self_attn.q_proj.weight,mistral7b_v03_block_28,28,q_proj,4096x4096,wanda_s90,activation_aware_unstructured,0.9,,4096,4096,1677722,0.8999999761581421,8fcd82ff902ea319,mistral7b_v03.npz
mistral7b_v03_l29_o_proj_global_mag_s70,Mistral-7B-v0.3,mistral7b_v03,model.layers.29.self_attn.o_proj.weight,mistral7b_v03_block_29,29,o_proj,4096x4096,global_mag_s70,unstructured,0.7,,4096,4096,5033165,0.699999988079071,edb15758e477ba2a,
mistral7b_v03_l29_o_proj_wanda_s70,Mistral-7B-v0.3,mistral7b_v03,model.layers.29.self_attn.o_proj.weight,mistral7b_v03_block_29,29,o_proj,4096x4096,wanda_s70,activation_aware_unstructured,0.7,,4096,4096,5033165,0.699999988079071,bcc8efe65bede897,mistral7b_v03.npz
mistral7b_v03_l29_o_proj_global_mag_s80,Mistral-7B-v0.3,mistral7b_v03,model.layers.29.self_attn.o_proj.weight,mistral7b_v03_block_29,29,o_proj,4096x4096,global_mag_s80,unstructured,0.8,,4096,4096,3355443,0.800000011920929,523241f2b0d843d1,
mistral7b_v03_l29_o_proj_wanda_s80,Mistral-7B-v0.3,mistral7b_v03,model.layers.29.self_attn.o_proj.weight,mistral7b_v03_block_29,29,o_proj,4096x4096,wanda_s80,activation_aware_unstructured,0.8,,4096,4096,3355443,0.800000011920929,7645760d94197265,mistral7b_v03.npz
mistral7b_v03_l29_o_proj_global_mag_s90,Mistral-7B-v0.3,mistral7b_v03,model.layers.29.self_attn.o_proj.weight,mistral7b_v03_block_29,29,o_proj,4096x4096,global_mag_s90,unstructured,0.9,,4096,4096,1677722,0.8999999761581421,5577b4e81d61b272,
mistral7b_v03_l29_o_proj_wanda_s90,Mistral-7B-v0.3,mistral7b_v03,model.layers.29.self_attn.o_proj.weight,mistral7b_v03_block_29,29,o_proj,4096x4096,wanda_s90,activation_aware_unstructured,0.9,,4096,4096,1677722,0.8999999761581421,d65a64558e2a7dd7,mistral7b_v03.npz
mistral7b_v03_l29_q_proj_global_mag_s70,Mistral-7B-v0.3,mistral7b_v03,model.layers.29.self_attn.q_proj.weight,mistral7b_v03_block_29,29,q_proj,4096x4096,global_mag_s70,unstructured,0.7,,4096,4096,5033165,0.699999988079071,8327087d70b12e3f,
mistral7b_v03_l29_q_proj_wanda_s70,Mistral-7B-v0.3,mistral7b_v03,model.layers.29.self_attn.q_proj.weight,mistral7b_v03_block_29,29,q_proj,4096x4096,wanda_s70,activation_aware_unstructured,0.7,,4096,4096,5033165,0.699999988079071,1a52e4139fd79667,mistral7b_v03.npz
mistral7b_v03_l29_q_proj_global_mag_s80,Mistral-7B-v0.3,mistral7b_v03,model.layers.29.self_attn.q_proj.weight,mistral7b_v03_block_29,29,q_proj,4096x4096,global_mag_s80,unstructured,0.8,,4096,4096,3355443,0.800000011920929,f135589d1c92c617,
mistral7b_v03_l29_q_proj_wanda_s80,Mistral-7B-v0.3,mistral7b_v03,model.layers.29.self_attn.q_proj.weight,mistral7b_v03_block_29,29,q_proj,4096x4096,wanda_s80,activation_aware_unstructured,0.8,,4096,4096,3355443,0.800000011920929,823a31aa9934fa8b,mistral7b_v03.npz
mistral7b_v03_l29_q_proj_global_mag_s90,Mistral-7B-v0.3,mistral7b_v03,model.layers.29.self_attn.q_proj.weight,mistral7b_v03_block_29,29,q_proj,4096x4096,global_mag_s90,unstructured,0.9,,4096,4096,1677722,0.8999999761581421,48c81a7526bb09fc,
mistral7b_v03_l29_q_proj_wanda_s90,Mistral-7B-v0.3,mistral7b_v03,model.layers.29.self_attn.q_proj.weight,mistral7b_v03_block_29,29,q_proj,4096x4096,wanda_s90,activation_aware_unstructured,0.9,,4096,4096,1677722,0.8999999761581421,3fef2af4f48afdc9,mistral7b_v03.npz
mistral7b_v03_l30_o_proj_global_mag_s70,Mistral-7B-v0.3,mistral7b_v03,model.layers.30.self_attn.o_proj.weight,mistral7b_v03_block_30,30,o_proj,4096x4096,global_mag_s70,unstructured,0.7,,4096,4096,5033165,0.699999988079071,cb3bfffffb841f1d,
mistral7b_v03_l30_o_proj_wanda_s70,Mistral-7B-v0.3,mistral7b_v03,model.layers.30.self_attn.o_proj.weight,mistral7b_v03_block_30,30,o_proj,4096x4096,wanda_s70,activation_aware_unstructured,0.7,,4096,4096,5033165,0.699999988079071,684bc365523f6e24,mistral7b_v03.npz
mistral7b_v03_l30_o_proj_global_mag_s80,Mistral-7B-v0.3,mistral7b_v03,model.layers.30.self_attn.o_proj.weight,mistral7b_v03_block_30,30,o_proj,4096x4096,global_mag_s80,unstructured,0.8,,4096,4096,3355443,0.800000011920929,cd3bf3206e46f46a,
mistral7b_v03_l30_o_proj_wanda_s80,Mistral-7B-v0.3,mistral7b_v03,model.layers.30.self_attn.o_proj.weight,mistral7b_v03_block_30,30,o_proj,4096x4096,wanda_s80,activation_aware_unstructured,0.8,,4096,4096,3355443,0.800000011920929,85c4335151408cd9,mistral7b_v03.npz
mistral7b_v03_l30_o_proj_global_mag_s90,Mistral-7B-v0.3,mistral7b_v03,model.layers.30.self_attn.o_proj.weight,mistral7b_v03_block_30,30,o_proj,4096x4096,global_mag_s90,unstructured,0.9,,4096,4096,1677722,0.8999999761581421,ff6736f6349578c0,
mistral7b_v03_l30_o_proj_wanda_s90,Mistral-7B-v0.3,mistral7b_v03,model.layers.30.self_attn.o_proj.weight,mistral7b_v03_block_30,30,o_proj,4096x4096,wanda_s90,activation_aware_unstructured,0.9,,4096,4096,1677722,0.8999999761581421,d5f6525be3ba07c4,mistral7b_v03.npz
mistral7b_v03_l30_q_proj_global_mag_s70,Mistral-7B-v0.3,mistral7b_v03,model.layers.30.self_attn.q_proj.weight,mistral7b_v03_block_30,30,q_proj,4096x4096,global_mag_s70,unstructured,0.7,,4096,4096,5033165,0.699999988079071,8f01108fb9a79d4a,
mistral7b_v03_l30_q_proj_wanda_s70,Mistral-7B-v0.3,mistral7b_v03,model.layers.30.self_attn.q_proj.weight,mistral7b_v03_block_30,30,q_proj,4096x4096,wanda_s70,activation_aware_unstructured,0.7,,4096,4096,5033165,0.699999988079071,af9eb2ec32113bb7,mistral7b_v03.npz
mistral7b_v03_l30_q_proj_global_mag_s80,Mistral-7B-v0.3,mistral7b_v03,model.layers.30.self_attn.q_proj.weight,mistral7b_v03_block_30,30,q_proj,4096x4096,global_mag_s80,unstructured,0.8,,4096,4096,3355443,0.800000011920929,8e9582a2b62d69f9,
mistral7b_v03_l30_q_proj_wanda_s80,Mistral-7B-v0.3,mistral7b_v03,model.layers.30.self_attn.q_proj.weight,mistral7b_v03_block_30,30,q_proj,4096x4096,wanda_s80,activation_aware_unstructured,0.8,,4096,4096,3355443,0.800000011920929,e17cd49bfc0d370f,mistral7b_v03.npz
mistral7b_v03_l30_q_proj_global_mag_s90,Mistral-7B-v0.3,mistral7b_v03,model.layers.30.self_attn.q_proj.weight,mistral7b_v03_block_30,30,q_proj,4096x4096,global_mag_s90,unstructured,0.9,,4096,4096,1677722,0.8999999761581421,976b57863cfb76f1,
mistral7b_v03_l30_q_proj_wanda_s90,Mistral-7B-v0.3,mistral7b_v03,model.layers.30.self_attn.q_proj.weight,mistral7b_v03_block_30,30,q_proj,4096x4096,wanda_s90,activation_aware_unstructured,0.9,,4096,4096,1677722,0.8999999761581421,9053593c655200d1,mistral7b_v03.npz
